tree
version=v4
num_class=1
num_tree_per_iteration=1
label_index=0
max_feature_idx=23
objective=regression
feature_names=pm10 temp_celsius humidity wind_speed wind_deg hour day_of_week is_weekend sin_hour cos_hour u_wind v_wind pm2_5_lag_1 pm2_5_lag_2 pm2_5_lag_3 pm2_5_lag_6 pm2_5_lag_12 pm2_5_lag_24 pm2_5_roll_mean_3h pm2_5_roll_std_3h pm2_5_roll_mean_6h pm2_5_roll_std_6h pm2_5_roll_mean_24h pm2_5_roll_std_24h
feature_infos=[20.00600620640412:249.95561550656709] [15.010317759560888:34.994464135555049] [30.029256533325245:89.972219478546748] [0.50145555447315093:7.9956299511274933] [0.010548520331940999:359.95332450603178] [0:23] [0:6] [0:1] [-1:1] [-1:1] [-7.9325126867339639:7.8949803855423797] [-7.9337662298686986:7.9154822703053647] [10.091051824962816:149.95700125240353] [10.091051824962816:149.95700125240353] [10.091051824962816:149.95700125240353] [10.091051824962816:149.95700125240353] [10.091051824962816:149.95700125240353] [10.091051824962816:149.95700125240353] [17.13155895231105:147.99128888426961] [0.70489008632317995:76.837616891467491] [26.244259095272724:128.5976777809114] [5.4928490398492578:66.83464686657021] [46.997147644048773:109.08690113914132] [23.39627968677873:50.294882917763132]
tree_sizes=2622 2725 2713 2699 2730 2721 2712 2699 2703 2703 2707 2714 2719 2689 2693 2720 2706 2729 2719 2716 2699 2689 2721 2704 2714 2709 2687 2726 2685 2723 2692 2716 2715 2727 2726 2703 2721 2686 2714 2712 2690 2709 2727 2708 2691 2706 2718 2707 2733 2721 2691 2690 2714 2716 2685 2745 2678 2700 2727 2693 2705 2691 2718 2713 2706 2732 2703 2693 2708 2706 2698 2716 2707 2700 2705 2703 2705 2694 2700 2730 2711 2715 2698 2703 2721 2720 2684 2739 2737 2682 2675 2707 2705 2697 2702 2706 2681 2693 2714 2722 2687 2690 2685 2707 2703 2726 2715 2706 2751 2728 2724 2713 2700 2716 2705 2731 2702 2715 2690 2708 2727 2712 2701 2687 2725 2703 2698 2693 2718 2699 2712 2719 2724 2709 2699 2709 2690 2713 2696 2690 2689 2711 2708 2722 2709 2723 2712 2705 2712 2707 2701 2704 2713 2699 2699 2709 2737 2696 2699 2704 2709 2707 2718 2714 2718 2705 2737 2743 2699 2697 2734 2697 2711 2727 2700 2719 2722 2709 2715 2710 2692 2713 2706 2717 2690 2689 2716 2699 2701 2734 2688 2731 2715 2716 2704 2708 2721 2706 2706 2699

Tree=0
num_leaves=31
num_cat=0
split_feature=3 22 1 16 2 10 12 0 5 11 22 23 16 16 4 14 19 3 20 0 14 2 10 18 11 12 11 12 23 20
split_gain=12783.4 22600.6 16226.1 13613.5 12940.7 17378.2 13380.7 20918.9 16521.6 15539.4 14167.3 17915.3 12760.9 12360.8 12903.4 12210.4 12190.1 11275.9 11976.5 15663.3 15018.9 14411.8 13449.3 12445.2 11864.6 11103.2 10852.3 13211.4 10699.8 21211.1
threshold=5.0453457710954952 73.159224559521832 15.730240808791697 111.46579227789626 41.870443726706874 -2.882249929860536 110.71521489403855 222.59379640342857 5.5000000000000009 -1.3690618705890218 78.234505179666513 39.263177792454648 117.78828729718253 44.567113370265709 258.15869769534186 133.84371407731365 55.318900931330134 7.483530872800908 71.340350494520365 109.37922043597477 65.879508315841576 80.969246502639066 -3.9026442492414861 89.765319393212607 3.3868793200696667 128.39198896343797 1.5626863312455355 64.344090533669174 33.40593766824535 83.774026955230156
decision_type=2 2 2 2 2 2 2 2 2 2 2 2 2 2 2 2 2 2 2 2 2 2 2 2 2 2 2 2 2 2
left_child=2 -2 3 -1 5 -4 28 8 -8 12 11 -11 -10 14 -7 16 26 18 19 24 21 22 -20 -24 -3 -19 27 -15 29 -6
right_child=1 17 4 -5 6 13 7 -9 9 10 -12 -13 -14 15 -16 -17 -18 25 20 -21 -22 -23 23 -25 -26 -27 -28 -29 -30 -31
leaf_value=79.815897240269038 79.364378427451697 79.150361252923517 78.068179862022205 78.4005084114266 80.051556109493873 78.160265012114465 78.255724242376374 79.849239602034984 80.24665907228696 78.311195124129398 78.44678581002205 79.896635131939476 78.693239790645322 78.428666340719374 79.566888796379729 80.124292572842577 78.053928528017025 78.353274513233103 77.962582194976093 79.592364765090593 79.001058704069692 77.578368001643568 79.204874157753665 78.012266979023039 77.908109033428573 79.579825612523663 79.871330809658033 79.3821848049717 78.565162926522987 78.030474220050166
leaf_weight=65 298 57 44 23 34 56 102 54 39 28 117 49 20 55 23 37 23 152 48 137 446 36 100 28 29 21 55 107 1094 21
leaf_count=65 298 57 44 23 34 56 102 54 39 28 117 49 20 55 23 37 23 152 48 137 446 36 100 28 29 21 55 107 1094 21
internal_value=78.8606 78.9799 78.7818 79.446 78.7519 79.0056 78.6868 78.9324 78.7929 79.0095 78.7934 79.3201 79.7201 79.1215 78.5698 79.2788 79.1485 78.8712 78.9437 79.2604 78.8364 78.4899 78.6763 78.944 78.7315 78.5022 79.2645 79.0585 78.5994 79.2799
internal_weight=3398 1352 2046 88 1958 400 1558 409 355 253 194 77 59 356 79 277 240 1054 881 223 658 212 176 128 86 173 217 162 1149 55
internal_count=3398 1352 2046 88 1958 400 1558 409 355 253 194 77 59 356 79 277 240 1054 881 223 658 212 176 128 86 173 217 162 1149 55
is_linear=0
shrinkage=1


Tree=1
num_leaves=31
num_cat=0
split_feature=1 13 10 11 22 22 16 14 23 19 2 23 4 15 8 10 3 21 11 1 18 13 15 14 23 17 19 23 19 19
split_gain=11617.2 16528.6 14127.5 10811.8 12400.3 18436.1 21548.1 10702.1 15708.8 13269 12527.9 11448.5 11433.9 11322.8 10264.4 12217.4 15130.8 14776.8 12353.9 11693.3 15627.1 17602.5 12181.2 12900.5 11329.8 15594 13768.6 11176.6 10999 24528.3
threshold=15.672909029720781 43.217032490643923 2.8924800481928958 5.7967844807375029 72.424285079275478 81.857473170565626 116.91570235348637 18.516249388623095 40.054569420295827 55.042280029912114 41.195565813488003 45.740290388481718 353.96099755850804 55.550391430365359 -0.91597561503675329 -2.4631750622392619 1.9537075146936729 40.547324791629045 -0.48259399203381675 17.857767749840217 106.71228346358892 105.83333767769422 75.692307239595394 37.401386247430835 35.858385226623334 94.463860024374597 27.388067354272746 33.791356283841452 28.873881779381751 43.022164105007626
decision_type=2 2 2 2 2 2 2 2 2 2 2 2 2 2 2 2 2 2 2 2 2 2 2 2 2 2 2 2 2 2
left_child=1 -1 3 7 -5 6 -6 8 9 -2 11 -9 14 -10 15 18 17 -17 -12 20 21 -16 23 -21 25 26 -24 -25 -26 -30
right_child=2 -3 -4 4 5 -7 -8 10 13 -11 12 -13 -14 -15 19 16 -18 -19 -20 22 -22 -23 24 27 28 -27 -28 -29 29 -31
leaf_value=1.5676951656738918 -0.60966329716500789 0.17205242749416469 0.18679481470965753 1.2005752830794365 0.21103600906390774 0.99295513810295821 -1.6324563658755757 0.10964463609346381 0.67484256029129031 -2.1744170725345611 1.1523791812715076 1.2789936748417943 -0.88044915053309225 -0.52055065975739401 -0.3551568368706135 -0.62517052277540552 -1.0678119460901907 1.019933170860722 -0.36598269129927097 0.66942073475454278 0.77493437040935875 -1.6889178186655045 -1.7886598902590134 1.1525213880972429 0.22193430237222517 0.19426291051663852 -0.4036617755889893 0.0037794241397674623 -0.62804452058807692 0.1263320389770447
leaf_weight=27 42 99 669 33 51 38 23 431 32 20 21 22 49 52 109 39 93 21 37 97 22 32 34 22 209 38 38 564 199 235
leaf_count=27 42 99 669 33 51 38 23 431 32 20 21 22 49 52 109 39 93 21 37 97 22 32 34 22 209 38 38 564 199 235
internal_value=-5.70765e-09 0.471119 -0.0181421 -0.0708132 0.348742 0.0977557 -0.361941 -0.0955632 -0.510739 -1.11442 -0.0693454 0.166434 -0.1268 -0.0651628 -0.106397 -0.434175 -0.668429 -0.0493842 0.183769 -0.0631446 -0.464472 -0.657854 -0.01759 0.135316 -0.156282 -0.625196 -1.05769 0.0469063 -0.0760631 -0.219569
internal_weight=3398 126 3272 2603 145 112 74 2458 146 62 2312 453 1859 84 1810 211 153 60 58 1599 163 141 1436 683 753 110 72 586 643 434
internal_count=3398 126 3272 2603 145 112 74 2458 146 62 2312 453 1859 84 1810 211 153 60 58 1599 163 141 1436 683 753 110 72 586 643 434
is_linear=0
shrinkage=0.05


Tree=2
num_leaves=31
num_cat=0
split_feature=3 22 1 16 19 2 10 16 12 5 11 1 12 4 4 1 15 1 12 20 4 4 14 19 21 14 20 23 9 20
split_gain=10898.6 19810.1 13508.6 12111.4 11782.2 11461.7 16420.3 12294 11667.2 23729.2 18548.8 13874.2 13192.1 11619 10779.4 14174.5 12659.3 18336.4 19441.7 17833.1 14733.7 13625.4 14947.5 12888.9 23592.9 11680 11298.6 11281.5 14229.8 13133.4
threshold=5.0453457710954952 73.159224559521832 15.730240808791697 111.46579227789626 4.8159783270615923 41.870443726706874 -2.882249929860536 44.567113370265709 118.93329938574429 4.5000000000000009 -0.78216905391238678 32.744543500994034 145.06666813632307 258.15869769534186 339.79798450421828 18.200402816533558 55.183271689034946 23.971837684639425 96.038785301347843 54.10183862966084 256.85349383575311 96.975109574327305 130.31100969398375 29.621761115928031 30.291326018732871 93.239235316693424 67.897746618893436 36.226203617058907 -0.60355339059327384 72.066535957968313
decision_type=2 2 2 2 2 2 2 2 2 2 2 2 2 2 2 2 2 2 2 2 2 2 2 2 2 2 2 2 2 2
left_child=2 -2 3 -1 -4 6 -6 13 14 -10 -11 12 -12 -8 15 -7 17 20 25 -18 -17 23 27 24 -21 -19 -16 28 -23 -29
right_child=1 -3 4 -5 5 8 7 -9 9 10 11 -13 -14 -15 26 16 19 18 -20 21 -22 22 -24 -25 -26 -27 -28 29 -30 -31
leaf_value=0.8821533723519398 0.47010168850971951 0.008387719915713231 -1.1785342146158218 -0.45286464587501857 -0.75740069801157173 -0.63680214622616771 -0.67120253997189661 0.42537559801644653 -0.69178438686149224 0.96127898097038278 0.096798099984880537 1.288053342550993 -1.1385675295041158 0.66357856729756237 0.084228421341289175 0.3611806102525229 -1.4501069648512479 0.4242052144425757 -1.20740071952343 -0.28536183163523676 1.7605191027124723 0.18205305337905886 -1.0369477523490787 -0.14559750207092451 1.557287288364023 -0.42555844250010022 -1.3035405744205821 -0.57551536754557964 -1.2327599749900402 0.12512394227087498
leaf_weight=65 298 1054 25 23 44 150 56 274 71 82 128 20 26 23 22 87 29 102 35 32 24 27 64 115 38 67 44 95 52 226
leaf_count=65 298 1054 25 23 44 150 56 274 71 82 128 20 26 23 22 87 29 102 35 32 24 27 64 115 38 67 44 95 52 226
internal_value=1.97803e-10 0.110156 -0.0727913 0.533228 -0.100028 -0.0860795 0.153406 0.266935 -0.147978 0.116993 0.341302 0.0491291 -0.11177 -0.282595 -0.219645 -0.183769 -0.115335 0.14658 -0.134816 -0.237021 0.66374 -0.182815 -0.327476 0.180009 0.714933 0.0873167 -0.840951 -0.21396 -0.749216 -0.0822304
internal_weight=3398 1352 2046 88 1958 1933 397 353 1536 327 256 174 154 79 1209 1143 993 315 204 678 111 649 464 185 70 169 66 400 79 321
internal_count=3398 1352 2046 88 1958 1933 397 353 1536 327 256 174 154 79 1209 1143 993 315 204 678 111 649 464 185 70 169 66 400 79 321
is_linear=0
shrinkage=0.05


Tree=3
num_leaves=31
num_cat=0
split_feature=15 23 23 8 18 8 12 13 3 4 2 10 17 4 16 10 0 17 13 0 23 23 8 2 19 22 17 18 15 9
split_gain=10435.4 18893.4 23309.4 12884.5 11670.1 10356.7 11770.4 10277.7 14385.3 14738.8 17534.4 14967.3 13823.3 12046.8 10915.1 11339.8 15649.7 10599.2 10483.7 10207.4 10128.8 10037.2 11105.1 11323.8 11659.4 9929.66 12725 11097.5 10127 11226.3
threshold=84.361366511309839 36.576161099939355 38.088158002354376 -0.70710678118654735 30.045263082275756 -0.98296291314453399 145.06666813632307 29.33400198750244 5.0453457710954952 343.45471109612811 53.165921064939475 -3.3879479520115781 107.71960397483203 303.48734041855931 134.84981600457124 3.2378513073695516 224.96033117344322 127.59861685008882 35.317233274613528 168.0538451064883 35.140742868028944 37.913232420209333 0.60355339059327384 40.804583742333584 21.521322213798271 74.081993962257982 75.016968865353576 88.426484203873784 28.487106036837627 -0.5
decision_type=2 2 2 2 2 2 2 2 2 2 2 2 2 2 2 2 2 2 2 2 2 2 2 2 2 2 2 2 2 2
left_child=4 3 21 20 -1 -4 -7 12 9 10 11 -9 13 -6 15 16 -13 -14 -10 -11 -2 22 23 -3 -25 26 27 -20 29 -27
right_child=1 2 5 -5 7 6 -8 8 18 19 -12 14 17 -15 -16 -17 -18 -19 25 -21 -22 -23 -24 24 -26 28 -28 -29 -30 -31
leaf_value=-0.88118152426135166 -1.6802430931365853 0.94600142717361457 -0.8198950881759326 -0.26419036702214299 0.0028115081787109374 -0.03455391222808623 -0.90940980941057215 -0.89617923429379109 -0.78121429774910212 -1.5645467796949326 -0.19114916322720721 0.23766133912972043 1.8122665074136521 1.1389124115396825 -0.40067577759424849 1.5533729184757581 1.5098322033882141 0.41126308132100986 1.320983531423237 -0.074224244356155405 -0.50340528015683339 1.453431451569001 1.0114041031675136 0.74195047152042393 -0.52863144089109626 -1.1275965189111643 0.075360574028385224 0.19445273433811963 0.28159042638955833 0.073850822650780121
leaf_weight=31 33 30 48 217 140 990 40 26 24 27 580 231 27 28 42 22 27 27 69 20 41 24 47 25 65 29 67 32 330 59
leaf_count=31 33 30 48 217 140 990 40 26 24 27 580 231 27 28 42 22 27 27 69 20 41 24 47 25 65 29 67 32 330 59
internal_value=1.58281e-09 -0.0951093 -0.0117838 -0.458477 0.0807239 -0.101985 -0.0685289 0.0972259 0.0525986 -0.066547 -0.0227975 0.257789 0.415849 0.192162 0.350966 0.463712 0.370795 1.11176 0.243036 -0.930367 -1.02821 0.497309 0.359903 0.104731 -0.175692 0.284985 0.60964 0.964063 0.154502 -0.322081
internal_weight=3398 1560 1269 291 1838 1078 1030 1807 1585 975 928 348 222 168 322 280 258 54 610 47 74 191 167 120 90 586 168 101 418 88
internal_count=3398 1560 1269 291 1838 1078 1030 1807 1585 975 928 348 222 168 322 280 258 54 610 47 74 191 167 120 90 586 168 101 418 88
is_linear=0
shrinkage=0.05


Tree=4
num_leaves=31
num_cat=0
split_feature=1 13 10 11 16 14 23 19 2 2 23 4 12 19 23 10 5 13 13 20 17 0 20 10 10 3 10 16 10 0
split_gain=9575.42 14425.7 11777.6 9092.38 10577.9 9617.21 14122.8 12037.8 10219 10056.8 10503.8 10095.5 9801.88 8971.71 14310.9 11501.1 10871.8 10482.9 9942.6 14880.3 14366.9 14167.5 11847.4 10581.6 10571.3 10219.9 9682.2 11609 10614.2 20026.8
threshold=15.672909029720781 43.217032490643923 2.8924800481928958 5.7967844807375029 121.18069041776015 18.516249388623095 40.054569420295827 55.042280029912114 49.607662926043901 41.195565813488003 45.740290388481718 353.96099755850804 20.356947506387623 55.318900931330134 38.088158002354376 2.3971686791822511 19.500000000000004 145.4903030375921 111.74474783850091 98.918653255610778 42.881677811326618 119.44925456868749 77.605495991645128 -4.6370586139755661 -0.64963841008367063 3.7657712771621843 -5.483980408080269 52.980357257016436 1.1327538877370613 50.764517650670712
decision_type=2 2 2 2 2 2 2 2 2 2 2 2 2 2 2 2 2 2 2 2 2 2 2 2 2 2 2 2 2 2
left_child=1 -1 3 5 -5 6 7 -2 -8 10 12 13 -7 15 -15 17 -16 18 19 26 -20 -21 24 -24 -22 -23 27 -11 -28 -30
right_child=2 -3 -4 4 -6 9 8 -9 -10 11 -12 -13 -14 14 16 -17 -18 -19 20 21 22 25 23 -25 -26 -27 28 -29 29 -31
leaf_value=1.4521631389625664 -0.57245419380210694 0.14832513588292506 0.17064704796931357 0.55199826157518794 -0.46656313899791607 -0.84663220002101025 -0.98414976542646238 -2.0628449157625437 0.27016690508011848 -0.61864580710728967 1.2145117597146469 -0.82205050970826832 0.15486366522900852 1.1773567411117256 -0.10397162210924188 -0.70312233426991633 0.99219076037406928 -1.1204403061866761 -0.3991544525171149 -0.04176411619957756 0.31384656018224261 -0.70470506858825688 -0.43045509576797492 0.67209942518245613 -1.1215509176254272 -2.200912280309768 -0.23695361581165342 0.63338207433253169 -1.1745885947476262 0.41132496935189578
leaf_weight=27 42 99 669 112 33 26 22 20 62 24 22 49 405 32 174 85 26 25 87 34 29 25 25 168 23 21 780 81 23 148
leaf_count=27 42 99 669 112 33 26 22 20 62 24 22 49 405 32 174 85 26 25 87 34 29 25 25 168 23 21 780 81 23 148
internal_value=-1.0861e-09 0.427719 -0.0164708 -0.0645622 0.320188 -0.087259 -0.480828 -1.05323 -0.0583446 -0.0624056 0.148845 -0.113883 0.0944486 -0.0947115 0.195609 -0.137395 0.0385295 -0.105187 -0.087897 -0.158243 0.152804 -0.81571 0.348805 0.529281 -0.321041 -1.38776 -0.108434 0.347204 -0.158742 0.198015
internal_weight=3398 126 3272 2603 145 2458 146 62 84 2312 453 1859 431 1810 232 1578 200 1493 1468 1136 332 80 245 193 52 46 1056 105 951 171
internal_count=3398 126 3272 2603 145 2458 146 62 84 2312 453 1859 431 1810 232 1578 200 1493 1468 1136 332 80 245 193 52 46 1056 105 951 171
is_linear=0
shrinkage=0.05


Tree=5
num_leaves=31
num_cat=0
split_feature=15 23 23 17 13 6 18 19 8 12 4 3 3 3 4 13 1 20 21 23 10 11 17 17 10 22 1 16 13 16
split_gain=9286.57 17047.4 20725.6 11703.8 14779.1 13581.2 10434.1 9434.46 9316.79 10508.5 9225.4 13536 11563 10953.7 9904.91 12173.3 12717.1 12560.1 16516.9 10954.6 10199.1 11672.6 10162.2 13839.1 10463.7 10335.2 10853.9 13357.6 10587.2 11236.6
threshold=84.361366511309839 36.576161099939355 38.088158002354376 90.685720290971076 30.973443235761511 4.5000000000000009 30.045263082275756 35.544923387769536 -0.98296291314453399 145.06666813632307 308.30238105973189 1.5025767370518193 6.1580347115662191 1.2639328034647543 283.35567793534364 74.935602080642369 16.335101873002717 103.62255854443373 31.348690995603988 45.814108510011316 4.2063852892852074 5.8978023851862664 22.211614753008686 31.506980968784831 -4.7687591024952818 81.493683885658371 21.01484925221563 100.62837545037182 88.647404015725201 42.466938973565284
decision_type=2 2 2 2 2 2 2 2 2 2 2 2 2 2 2 2 2 2 2 2 2 2 2 2 2 2 2 2 2 2
left_child=6 3 -3 4 -2 -6 -1 -5 -4 10 11 13 -12 -10 15 16 -13 22 -19 20 21 -18 -17 -24 -25 28 -27 -28 -26 -30
right_child=1 2 8 7 5 -7 -8 -9 9 -11 12 14 -14 -15 -16 17 19 18 -20 -21 -22 -23 23 24 25 26 27 -29 29 -31
leaf_value=-0.83339057814690376 0.50677378611131152 0.46947770007149714 -0.7765396321813266 0.25704238183796407 -0.63057659236906938 -1.7940745033323766 0.09175462484108228 -0.6757483174161214 0.26709514555028258 -0.85842168986797329 -0.67200274843414998 1.1416700463475926 0.22272231349790539 1.4737211958720136 0.5905499044677307 -1.4859294566241177 -0.26751186984267422 -0.48794020775592695 1.0823325781261219 0.9915789072160367 0.84366881127602289 0.91316946615343508 0.89640066623687753 -1.20955906778574 -0.92680192192395539 -1.6676718939905582 -1.0463490202091634 0.51409404600660014 1.1523558483123779 -0.11247066905153758
leaf_weight=31 22 191 48 80 116 32 1807 41 68 40 109 28 54 26 58 22 233 33 34 27 28 23 20 40 24 23 32 24 25 59
leaf_count=31 22 191 48 80 116 32 1807 41 68 40 109 28 54 26 58 22 233 33 34 27 28 23 20 40 24 23 32 24 25 59
internal_value=1.22777e-09 -0.0897215 -0.0105713 -0.434882 -0.702401 -0.882144 0.076151 -0.0590272 -0.0956263 -0.0638945 -0.0317924 0.0359696 -0.375591 0.600843 -0.0364698 -0.090347 0.121046 -0.303628 0.308915 0.0291575 -0.0623403 -0.161435 -0.456194 -0.364477 -0.475568 -0.318564 -0.753182 -0.377588 -0.000649254 0.263966
internal_weight=3398 1560 1269 291 170 148 1838 121 1078 1030 990 827 163 94 733 675 339 336 67 311 284 256 269 247 227 187 79 56 108 84
internal_count=3398 1560 1269 291 170 148 1838 121 1078 1030 990 827 163 94 733 675 339 336 67 311 284 256 269 247 227 187 79 56 108 84
is_linear=0
shrinkage=0.05


Tree=6
num_leaves=31
num_cat=0
split_feature=15 15 19 18 23 10 20 10 1 3 20 3 19 22 13 0 23 16 16 23 3 2 0 4 18 1 9 14 23 16
split_gain=8647.92 13129.2 15559 15451 15562.3 13112.9 11774.1 10513.2 9266.24 10642.7 11642.4 9379.4 20194.2 13881 15989.6 12857.4 12121.2 13334.8 14630.8 18987.5 11885.4 11146.6 10454.8 21588.7 13251.4 10716.8 9257.24 11309.2 8939.92 8823.03
threshold=54.040236055485856 44.246462569072264 9.0328225399641955 68.22394790336925 44.643423468242666 -0.52787477366670654 52.317370092083742 5.7180819727851615 15.730240808791697 1.7876657822175002 81.971553672755761 5.9840392213339415 21.521322213798271 71.392754612187929 20.897841839220526 28.778643386518826 34.23702838303619 34.398269076205118 57.202315698858641 40.383680167140376 6.5589443665782232 58.845540004237613 52.978450734186829 75.326981825050524 51.421811280602796 32.266366169248833 -0.60355339059327384 112.85651917622071 39.376908094438669 137.5904793901569
decision_type=2 2 2 2 2 2 2 2 2 2 2 2 2 2 2 2 2 2 2 2 2 2 2 2 2 2 2 2 2 2
left_child=1 2 -1 4 -4 -3 -2 -5 9 -8 -11 22 20 28 -15 -16 -17 21 19 -19 -13 -18 23 -10 -25 -26 -7 -28 -14 -20
right_child=6 5 3 7 -6 26 8 -9 11 10 -12 12 13 14 15 16 17 18 29 -21 -22 -23 -24 24 25 -27 27 -29 -30 -31
leaf_value=-1.0235941923716489 -0.73413220418076364 0.88081785704195503 0.53306489772274102 -0.1374786680223645 -0.62898223210464832 0.7698970615118742 1.468815185725689 0.79658818105235696 0.70562774896621705 0.77136778622865687 -0.45076022257930354 1.5065485394362248 0.11622559659439942 0.91988975949147178 0.96757934689521796 -1.4148351235823198 -0.19908238053321839 -1.8455236210967556 -0.051335916930720919 -0.018722959399223329 0.38282078911618489 1.1312369088972769 -0.069040198538703954 -1.7992962562563743 -0.31514431255083558 -1.3705458988403452 -0.42171485355417987 0.86559092597612608 1.3930540896379031 -0.89853502172562816
leaf_weight=34 62 100 227 514 33 40 20 32 35 40 38 33 29 34 22 22 32 33 210 25 82 31 1318 22 141 29 76 22 26 36
leaf_count=34 62 100 227 514 33 40 20 32 35 40 38 33 29 34 22 22 32 33 210 25 82 31 1318 22 141 29 76 22 26 36
internal_value=-1.31016e-09 0.117017 0.0241356 0.0683326 0.385574 0.444833 -0.0543725 -0.0827348 -0.0357077 0.439818 0.175972 -0.0572825 0.107859 -0.0295478 -0.122166 -0.20837 -0.274876 -0.206541 -0.343744 -1.05811 0.705282 0.455519 -0.123019 -0.436426 -0.644613 -0.495183 0.128903 -0.132728 0.719817 -0.175316
internal_weight=3398 1078 840 806 260 238 2320 546 2258 98 78 2160 615 500 445 411 389 367 304 58 115 63 1545 227 192 170 138 98 55 246
internal_count=3398 1078 840 806 260 238 2320 546 2258 98 78 2160 615 500 445 411 389 367 304 58 115 63 1545 227 192 170 138 98 55 246
is_linear=0
shrinkage=0.05


Tree=7
num_leaves=31
num_cat=0
split_feature=15 23 1 16 6 19 13 4 20 1 12 22 1 0 1 17 10 8 12 0 2 16 8 2 20 19 16 14 1 1
split_gain=7923.61 15262.2 14674 17564.1 19921.6 12674.8 12240.9 16827.8 13145 12075.1 12011.1 11729.4 16058 13283.5 14032.7 16749.5 11556 10998.3 10295.6 10195.2 9324.59 9224.58 9174.04 12546.5 9059.14 10882 11012.6 8850.33 8833.5 10584.7
threshold=84.361366511309839 36.074065346488545 17.236147516872915 50.002074900397268 1.5000000000000002 11.014700350035373 72.476215106431226 323.41223923052968 70.575736309023043 33.624528761098894 94.122382057989441 80.82706475390431 28.060645880366547 105.66263217608663 29.752425664255778 99.104888505321497 0.31074140057609928 -0.37940952255126059 44.246462569072264 222.59379640342857 56.333944586722879 98.568748705615278 0.78656609248549325 48.004990766852153 107.40520959219982 8.1214848828980788 74.408245268127828 108.07633175403646 17.530102288665415 21.21087067476763
decision_type=2 2 2 2 2 2 2 2 2 2 2 2 2 2 2 2 2 2 2 2 2 2 2 2 2 2 2 2 2 2
left_child=24 2 -2 -4 10 -3 7 22 20 11 -5 13 -13 16 15 19 -10 -9 -14 27 -8 -6 28 -24 25 26 -1 -15 -7 -30
right_child=1 5 3 4 21 6 8 17 9 -11 -12 12 18 14 -16 -17 -18 -19 -20 -21 -22 -23 23 -25 -26 -27 -28 -29 29 -31
leaf_value=-1.4745784054631772 0.52582017074931753 0.6058658613787069 -1.4357767296688897 -0.20027335282675054 -0.40834404136620317 0.72634115115720399 -1.8032933223247529 -1.6497252643108369 1.2750110773813157 -0.87092564012490081 1.1959631142516931 -0.50873357917464113 1.2985123312473297 -0.69314473128654586 -1.0801864105822712 1.0009375820308923 0.12181812140676712 -0.17990415249552047 -0.0061327743914819533 0.76377133493838112 -0.44270309911054728 -1.4453914735768292 -0.15883157661982947 0.99521616283390257 0.97945455268577308 0.077439733254070109 0.014285745333742212 0.40077701568603513 -0.55072297587552499 0.14306861559896106
leaf_weight=23 33 77 49 43 51 49 20 20 42 51 24 218 20 71 29 40 45 35 62 23 34 37 35 72 27 1761 27 25 68 287
leaf_count=23 33 77 49 43 51 49 20 20 42 51 24 218 20 71 29 40 45 35 62 23 34 37 35 72 27 1761 27 25 68 287
internal_value=-2.30227e-11 -0.0828763 -0.452383 -0.610621 -0.349766 -0.0166836 -0.0551557 0.116621 -0.198135 -0.133568 0.299871 -0.0681681 -0.28438 0.167699 -0.0686969 0.115789 0.678532 -0.714385 0.312073 -0.18174 -0.946625 -0.844375 0.206064 0.617724 0.0703412 0.0567873 -0.670592 -0.408269 0.0970353 0.0101733
internal_weight=3398 1560 237 204 155 1323 1246 566 680 626 67 575 300 275 188 159 87 55 82 119 54 88 511 107 1838 1811 50 96 404 355
internal_count=3398 1560 237 204 155 1323 1246 566 680 626 67 575 300 275 188 159 87 55 82 119 54 88 511 107 1838 1811 50 96 404 355
is_linear=0
shrinkage=0.05


Tree=8
num_leaves=31
num_cat=0
split_feature=3 22 23 11 1 16 23 17 19 10 2 12 5 11 0 16 17 12 21 10 16 13 21 14 4 2 1 15 16 23
split_gain=7633.41 16032.3 10428 10293.9 9945.95 10436.3 9724.33 9365.85 9241.45 9293.22 9873.54 12724.4 19431.9 14325.7 15149.2 11823.8 10447.5 10642.9 9001.68 9904.71 8747.71 8532.18 17929.9 8800.88 8514.84 13988.7 10946.4 8508.29 17817.9 8481.9
threshold=5.0453457710954952 74.425085011410047 31.345376272086877 -6.3017648622806233 15.730240808791697 111.46579227789626 45.380139298690374 73.491029052702586 4.8159783270615923 -4.3755290208677318 41.870443726706874 110.71521489403855 4.5000000000000009 2.752397651958137 55.356200103652782 94.849639674288312 141.28648582469296 60.4712927148341 19.798679609175654 -6.9831062685763117 68.580629187489876 57.443192468092263 37.427415480015142 136.83977868933593 84.544701509114745 63.143128679287678 17.35013358854102 66.82890995529803 123.13159515575806 41.079175554738846
decision_type=2 2 2 2 2 2 2 2 2 2 2 2 2 2 2 2 2 2 2 2 2 2 2 2 2 2 2 2 2 2
left_child=2 6 -1 29 5 7 24 -4 -6 -10 16 -12 -13 14 -14 -16 17 20 -5 -20 -11 22 -19 -23 25 -2 -26 -17 -29 -3
right_child=1 3 4 18 8 -7 -8 -9 9 10 11 12 13 -15 15 27 -18 21 19 -21 -22 23 -24 -25 26 -27 -28 28 -30 -31
leaf_value=0.83459321707487111 0.50856149227191239 -0.87931918234660711 0.22095731769289292 0.88609973515073459 -1.0535466735363008 -0.5130189895629883 1.4419550752639771 1.4360249753656058 -0.84000323787331588 -0.7495097695697438 -0.21487358872606374 -0.5325341502099894 -0.58883986771106722 -0.64354446670838772 0.81202531071923534 0.72266165704048912 1.2714416861534119 1.7570719630629927 -0.76327071487903597 0.042438921692425392 0.10429091670296409 -0.097481541004445824 0.20146299277321766 0.98636408177289092 1.435482528448105 -0.8394096888993916 0.33914273630462444 -1.313061344375213 0.65690959475257182 0.22240185832977294
leaf_weight=32 39 58 35 30 25 21 20 29 40 55 1097 89 32 35 161 29 20 27 40 822 66 126 59 22 25 38 255 24 22 25
leaf_count=32 39 58 35 30 25 21 20 29 40 55 1097 89 32 35 161 29 20 27 40 822 66 126 59 22 25 38 255 24 22 25
internal_value=-7.68382e-10 0.0921896 -0.0609191 -0.0148754 -0.0751477 0.454174 0.369082 0.771535 -0.0984719 -0.0859315 -0.0697497 -0.1275 0.117014 0.307805 0.432048 0.570474 0.159556 0.0969148 0.0346827 0.005051 -0.2838 0.29378 0.689852 0.0636306 0.308977 -0.156671 0.43703 0.051943 -0.370901 -0.547475
internal_weight=3398 1352 2046 975 2014 85 377 64 1929 1904 1864 1489 392 303 268 236 375 355 892 862 121 234 86 148 357 77 280 75 46 83
internal_count=3398 1352 2046 975 2014 85 377 64 1929 1904 1864 1489 392 303 268 236 375 355 892 862 121 234 86 148 357 77 280 75 46 83
is_linear=0
shrinkage=0.05


Tree=9
num_leaves=31
num_cat=0
split_feature=15 15 18 10 10 19 16 18 22 23 20 10 15 13 12 20 21 1 8 13 5 21 8 22 20 16 16 3 13 20
split_gain=7432.9 11675 13524.1 12778.3 11819.7 11718.8 11404.8 11292.3 12367.5 13612.6 11621.2 13716.9 12031.7 11163.1 11080.6 10595.2 10366.8 9613.87 9401.79 9401.14 9398.97 12004.1 13673.3 11924.5 10163.9 8711.3 8132.42 8122.83 7961.22 15766.8
threshold=54.040236055485856 44.246462569072264 79.211142137497617 0.81097455550764597 -0.13794090357924818 54.321018639385152 60.615554637277192 33.131354916977891 84.278223586983572 44.643423468242666 64.125489084429219 -0.68305778352314106 19.055015499581817 72.130092231656448 73.363608548725935 52.317370092083742 31.736211037061491 22.088146572096733 0.78656609248549325 57.443192468092263 17.500000000000004 38.370289950765326 0.78656609248549325 77.798622734515632 72.73113406580886 72.925261431216441 107.80036075967583 5.2305880649158558 30.448087051757152 59.898329228692148
decision_type=2 2 2 2 2 2 2 2 2 2 2 2 2 2 2 2 2 2 2 2 2 2 2 2 2 2 2 2 2 2
left_child=1 2 7 20 -3 6 -5 -1 9 10 11 14 -13 -12 17 -2 -6 -9 -18 -19 21 -4 24 -24 -23 -26 -27 -22 29 -17
right_child=15 4 3 5 16 -7 -8 8 -10 -11 13 12 -14 -15 -16 28 18 19 -20 -21 27 22 23 -25 25 26 -28 -29 -30 -31
leaf_value=-0.88875978697430014 -0.69524128724250112 0.79451309222358846 -1.3265347500642142 -0.61839282457925837 -0.87240158474963647 1.2355355642058634 0.33533594570625791 -0.42326347309610118 1.0109886501543224 -0.73664433045967215 -0.4876892592112223 1.7489921263853709 0.56861831301992594 0.45513481873053091 -0.85868933796882629 1.1978239083290101 0.54688212653485746 0.1351984278722243 -0.61717317646200009 1.6330144537612796 -0.28257937650931514 -1.461833611850081 1.2842087936401367 -0.4423812682926655 0.26894103847444056 -1.3666714855366284 -0.036425353288650514 0.96231010928750038 -0.071475636023577135 0.075204625092193389
leaf_weight=22 62 111 42 49 23 22 87 23 50 37 75 30 77 54 24 35 82 22 22 20 38 29 20 20 32 27 20 20 1929 294
leaf_count=22 62 111 42 49 23 22 87 23 50 37 75 30 77 54 24 35 82 22 22 20 38 29 20 20 32 27 20 20 1929 294
internal_value=8.11892e-10 0.108486 0.0208991 -0.186529 0.417614 0.164904 -0.00828692 0.214944 0.27388 0.17207 0.275523 0.518084 0.899564 -0.0930187 0.05945 -0.0504084 0.0881991 0.398455 0.30064 0.848444 -0.410425 -0.580493 -0.368778 0.420914 -0.661256 -0.367374 -0.800609 0.146693 -0.0327026 0.194632
internal_weight=3398 1078 840 406 238 158 136 434 412 362 325 196 107 129 89 2320 127 65 104 42 248 190 148 40 108 79 47 58 2258 329
internal_count=3398 1078 840 406 238 158 136 434 412 362 325 196 107 129 89 2320 127 65 104 42 248 190 148 40 108 79 47 58 2258 329
is_linear=0
shrinkage=0.05


Tree=10
num_leaves=31
num_cat=0
split_feature=4 15 3 22 3 2 22 2 9 0 2 16 23 4 11 16 18 17 12 5 3 9 1 23 1 13 14 0 17 21
split_gain=7301.15 8415.11 8184.28 12538 9638.07 10611.5 11770.9 17878.7 11970.8 9796.83 9575.17 11542.3 9475.89 8507.18 10465.1 9784.53 14838.2 11957.4 9357.14 11027.4 8272.97 17294.2 9988.68 9088.93 14301.5 16494.4 12150.9 18534.6 16608.6 14957.3
threshold=353.96099755850804 11.238442564756813 5.0453457710954952 73.159224559521832 7.483530872800908 37.846659842063026 81.184939139288417 78.392652134560407 0.25881904510252057 157.98886325002368 83.871677710284601 98.568748705615278 31.345376272086877 84.544701509114745 -5.3023815908197589 81.564445826978002 62.245916460128413 46.516021358822279 43.509980409119379 10.500000000000002 4.8504909039961488 0.37940952255126048 26.593697259422985 35.539590149980178 17.686321358856407 109.36452007964736 83.221571701878432 217.24732363653047 28.418326670170611 38.834602281490127
decision_type=2 2 2 2 2 2 2 2 2 2 2 2 2 2 2 2 2 2 2 2 2 2 2 2 2 2 2 2 2 2
left_child=1 -1 12 13 10 -6 7 9 -8 -7 -5 -12 -3 14 -4 17 -17 -15 19 -19 23 22 -22 24 -14 -26 27 28 29 -25
right_child=-2 2 3 4 5 6 8 -9 -10 -11 11 -13 20 15 -16 16 -18 18 -20 -21 21 -23 -24 26 25 -27 -28 -29 -30 -31
leaf_value=0.92412713813781755 -0.52482531973948843 0.79313801303505904 0.58225431223710389 0.14081698933114428 -1.3548227776180615 -0.5351999885895673 -0.28134494911540642 0.51941595891347292 1.1382613535280581 -1.889316455342553 0.081097524647353869 -1.0980743540657891 0.48668685754140217 0.99175796740969957 -0.68219903144571514 0.21762055448123388 1.5970941107381476 0.214228401865278 0.39400918269529939 -1.4262607830762866 -0.55077924152215318 -1.3715505930217538 0.85188536427237771 -0.34940533282295355 -0.83744843683459536 0.19315317365256224 0.1331988956822503 0.45866096603923145 -0.13667016867378898 -1.6092274209386426
leaf_weight=25 65 32 30 772 22 34 33 26 27 22 49 36 42 43 36 35 44 21 60 20 30 37 22 62 132 55 775 113 660 38
leaf_count=25 65 32 30 772 22 34 33 26 27 22 49 36 42 43 36 35 44 21 60 20 30 37 22 62 132 55 775 113 660 38
internal_value=-5.36593e-10 0.0102351 0.00332844 0.100455 0.0181581 -0.333014 -0.174706 -0.564109 0.357478 -1.06717 0.0853603 -0.418316 -0.0603534 0.391201 -0.107448 0.538783 0.985935 0.29347 -0.00382048 -0.58601 -0.0742454 -0.545273 0.0426558 -0.0519111 -0.34707 -0.53433 -0.010897 -0.138817 -0.227653 -0.828138
internal_weight=3398 3333 3308 1310 1021 164 142 82 60 56 857 85 1998 289 66 223 79 144 101 41 1966 89 52 1877 229 187 1648 873 760 100
internal_count=3398 3333 3308 1310 1021 164 142 82 60 56 857 85 1998 289 66 223 79 144 101 41 1966 89 52 1877 229 187 1648 873 760 100
is_linear=0
shrinkage=0.05


Tree=11
num_leaves=31
num_cat=0
split_feature=13 16 8 0 9 19 1 15 23 23 17 6 8 2 21 19 10 12 23 11 19 23 8 5 18 22 1 1 10 1
split_gain=6818.19 16807.4 9899.5 13679.3 9763.24 11122.3 8302.05 7742.66 14801.7 17319 13563.2 11463.7 11804.6 10757.9 14114.8 15564.9 15542.9 14225 12176.7 10487.8 10164.4 9618.7 10134.5 12798.1 9455.77 11567.8 10395.9 11859 12627.4 10233.3
threshold=19.055015499581817 26.648783975178592 0.25881904510252091 207.65898173210473 0.78656609248549303 45.829110582935805 27.015732602670266 84.361366511309839 36.576161099939355 38.088158002354376 90.685720290971076 4.5000000000000009 -0.70710678118654735 58.608617749736716 39.505184431432433 52.296156634843697 2.2161768280167147 101.26165392380686 39.648390091437072 -2.8968885571045102 9.9049247864687366 37.913232420209333 0.60355339059327384 13.500000000000002 43.51670530887295 66.103478590960989 15.520105879181292 17.236147516872915 0.96019168883047945 32.979010199424714
decision_type=2 2 2 2 2 2 2 2 2 2 2 2 2 2 2 2 2 2 2 2 2 2 2 2 2 2 2 2 2 2
left_child=1 -1 3 4 5 -3 -4 13 10 21 11 12 -9 14 16 -16 17 19 -17 -2 -11 22 23 -10 -15 -26 -27 -28 29 -29
right_child=7 2 6 -5 -6 -7 -8 8 9 20 -12 -13 -14 24 15 18 -18 -19 -20 -21 -22 -23 -24 -25 25 26 27 28 -30 -31
leaf_value=-0.95533997869491571 0.8469479553627246 -1.161078583598137 1.2746753955775121 1.311394870877266 0.70134254969083354 0.11249851107597351 0.26565107351375955 -1.3778626809517542 -0.66590948495126911 0.56500001172974423 -0.023642071393819956 -1.546715905385859 -0.24158387744488816 -0.68573278229812107 -0.24904113596243393 -0.35596589038246562 0.87276508432104549 0.83115836528764264 0.69692885240521096 -0.1115902092784502 -0.14675832513628259 1.3556053499380747 0.90487308424452084 0.4411089962645286 0.90675497129559524 1.009086488796906 -0.70905829935357589 -0.27249285598147782 0.23999654063641018 0.56637408286333091
leaf_weight=25 33 30 47 20 26 40 36 30 42 53 117 34 96 58 271 38 117 69 99 211 936 24 46 69 32 22 71 399 267 40
leaf_count=25 33 30 47 20 26 40 36 30 42 53 117 34 96 58 271 38 117 69 99 211 936 24 46 69 32 22 71 399 267 40
internal_value=3.06479e-10 0.266607 0.420118 0.121814 -0.126016 -0.43332 0.837026 -0.0188154 -0.10413 -0.0263195 -0.432788 -0.731977 -0.512126 0.0526671 0.181201 -0.029463 0.381086 0.197296 0.404885 0.0180481 -0.108616 0.423354 0.280844 0.0222371 -0.0684929 -0.0254124 -0.0627457 -0.0930936 -0.0311482 -0.196059
internal_weight=3398 224 199 116 96 70 83 3174 1447 1170 277 160 126 1727 838 408 430 313 137 244 989 181 157 111 889 831 799 777 706 439
internal_count=3398 224 199 116 96 70 83 3174 1447 1170 277 160 126 1727 838 408 430 313 137 244 989 181 157 111 889 831 799 777 706 439
is_linear=0
shrinkage=0.05


Tree=12
num_leaves=31
num_cat=0
split_feature=4 15 3 22 23 3 2 22 2 9 15 13 16 8 17 0 2 10 10 18 9 13 19 18 11 0 19 11 3 22
split_gain=6653.71 7465.19 7018.86 11274.4 8725.2 8645.28 9567.43 10626.1 15881 10663.9 9121.6 13065.4 12341.4 18326.4 11322.9 14120.7 10552.9 10117.1 12752.7 10301.1 10276.2 10190.3 9550.02 10295.1 9158.58 8138.59 8128.96 9340.43 14513.1 14820.7
threshold=353.96099755850804 11.238442564756813 5.0453457710954952 73.159224559521832 31.345376272086877 7.483530872800908 37.846659842063026 81.184939139288417 76.356853172289718 0.25881904510252057 131.63688227029607 82.184178679731332 137.18631643022272 0.25881904510252091 96.207894247804589 224.96033117344322 63.143128679287678 -5.8483951977725166 2.0727728085818087 80.478557534746685 -0.12940952255126037 69.443606492095753 21.247769706650633 70.000254356056942 3.127583738116344 157.98886325002368 4.8159783270615923 -0.93358934473315269 4.9481600488072042 64.098083662725074
decision_type=2 2 2 2 2 2 2 2 2 2 2 2 2 2 2 2 2 2 2 2 2 2 2 2 2 2 2 2 2 2
left_child=1 -1 4 -4 -3 10 -7 8 25 -9 12 -12 14 -14 15 16 22 -16 20 21 -19 -20 -5 24 -24 -8 -6 -28 29 -29
right_child=-2 2 3 5 26 6 7 9 -10 -11 11 -13 13 -15 17 -17 -18 18 19 -21 -22 -23 23 -25 -26 -27 27 28 -30 -31
leaf_value=0.87053733253479004 -0.5010153962901005 0.76327819898724558 0.36891644719253364 1.1150959633863891 -0.98360377699136736 -1.2876615583896638 -0.52983675214552117 -0.26440590114304513 0.40359123534169694 1.0754703517313358 0.18293239889722882 -0.82373054860130202 -1.1998131362482523 0.47680487803050453 1.3733617886900902 -0.74534406674151521 -0.12259524611896173 -0.53879888090491301 0.87584140765666962 1.184746599783663 0.41149405385508686 -0.61819752667631422 1.5675541152124821 -0.032820245871941253 0.12332290467761814 -1.787285381284627 0.099951357244680183 -1.0811569000545302 -1.2210530930757524 -0.078708219470562821
leaf_weight=25 65 32 289 39 24 22 31 33 29 27 66 63 39 28 28 49 173 50 25 61 66 21 23 105 21 22 633 38 30 1241
leaf_count=25 65 32 289 39 24 22 31 33 29 27 66 63 39 28 28 49 173 50 25 61 66 21 23 105 21 22 633 38 30 1241
internal_value=-9.45301e-10 0.00977078 0.00326559 0.0932118 -0.0557081 0.0151719 -0.317423 -0.167104 -0.537086 0.338538 0.078819 -0.308694 0.147485 -0.499137 0.213028 0.0511105 0.159217 0.477515 0.365032 0.758724 0.00188503 0.19378 0.418543 0.236224 0.878262 -1.0518 -0.0690385 -0.057736 -0.13399 -0.108492
internal_weight=3398 3333 3308 1310 1998 1021 164 142 82 60 857 129 728 67 661 410 361 251 223 107 116 46 188 149 44 53 1966 1942 1309 1279
internal_count=3398 3333 3308 1310 1998 1021 164 142 82 60 857 129 728 67 661 410 361 251 223 107 116 46 188 149 44 53 1966 1942 1309 1279
is_linear=0
shrinkage=0.05


Tree=13
num_leaves=31
num_cat=0
split_feature=1 13 10 14 2 14 4 20 23 0 14 2 17 17 12 15 19 22 10 15 20 16 10 23 9 0 0 10 0 2
split_gain=6330.01 12018.8 7193.83 7787.82 7748.16 9485.8 11823.4 9539.86 10238.1 10150 9773.09 13849.2 9742.62 9457.41 9101.94 8966.54 8841.1 8622.82 7729.66 15375.8 7617.85 6944.89 6772.77 8644.18 11721.9 8404.15 7896.33 12650.3 11040.1 14575.3
threshold=15.672909029720781 43.217032490643923 2.8924800481928958 134.92383941755062 84.401670760567768 41.72853958950828 303.48734041855931 74.619558235131663 36.876868955504115 97.872815841559813 75.729041930711318 68.389245166778935 91.179118086965744 82.333509420041466 60.879337553711323 106.49048871842164 39.783252969934523 82.561915822281648 4.5357015482298477 62.872819204241864 65.070160087861325 76.546043715801815 2.3971686791822511 37.640310504979105 -0.60355339059327384 175.36514195109572 229.87246175006916 1.1327538877370613 157.98886325002368 31.562139129117501
decision_type=2 2 2 2 2 2 2 2 2 2 2 2 2 2 2 2 2 2 2 2 2 2 2 2 2 2 2 2 2 2
left_child=1 -1 22 4 5 6 16 9 17 14 13 12 -12 -10 -7 -6 20 -9 -18 -20 -4 -3 26 24 -24 -25 28 -28 -2 -30
right_child=2 21 3 -5 15 7 -8 8 10 -11 11 -13 -14 -15 -16 -17 18 -19 19 -21 -22 -23 23 25 -26 -27 27 -29 29 -31
leaf_value=1.2828484003190641 0.026529313683957858 0.44483589118924638 -0.27704816857973735 -0.35838240840368801 0.10023957015946508 -0.49254250884056089 0.82278512056384767 -1.0674534468650818 0.46442024074494842 1.0897348812769485 0.035661853982569422 1.5931298924931165 1.0603668570518494 -0.77128887454668682 0.88569373747576829 -1.0834080440302691 -0.6842165031159918 0.14130170444647472 1.4035957941696759 -0.48788702939002015 -1.5983190262317659 -0.40535086109870822 1.083888828754425 -0.3768354180832984 -0.57121119395546294 -1.4428259973526003 0.075940411092725202 1.0913999507301733 0.9410223612078914 -0.23979585344745283
leaf_weight=27 1426 58 24 72 48 25 28 25 32 79 73 29 34 30 23 24 24 36 21 22 20 41 20 71 23 25 159 38 27 814
leaf_count=27 1426 58 24 72 48 25 28 25 32 79 73 29 34 30 23 24 24 36 21 22 20 41 20 71 23 25 159 38 27 814
internal_value=-2.03416e-09 0.347762 -0.0133918 0.132849 0.192093 0.258799 -0.0953723 0.386338 0.212277 0.741311 0.386764 0.623945 0.361269 -0.133504 0.167862 -0.29431 -0.32698 -0.35409 0.0346388 0.43586 -0.877626 0.0927383 -0.0509772 -0.390547 0.198603 -0.654437 -0.0318213 0.271816 -0.0582071 -0.201886
internal_weight=3398 126 3272 669 597 525 139 386 259 127 198 136 107 62 48 72 111 61 67 43 44 99 2603 139 43 96 2464 197 2267 841
internal_count=3398 126 3272 669 597 525 139 386 259 127 198 136 107 62 48 72 111 61 67 43 44 99 2603 139 43 96 2464 197 2267 841
is_linear=0
shrinkage=0.05


Tree=14
num_leaves=31
num_cat=0
split_feature=4 15 5 3 22 3 13 23 4 10 6 3 2 22 2 9 15 13 16 8 17 0 0 2 19 18 11 11 11 10
split_gain=5971.55 6655.09 6287.53 6093.35 10099 7857.95 8655.89 7846.99 7750.62 10579.1 7738.69 7667.46 8561.21 9329.56 14410.3 9458.29 8254.51 11619.8 10962.4 16429.7 9969.45 12664 9531.68 9367.23 8579.7 9107.45 8029.52 7916.96 15402.9 9495.53
threshold=353.96099755850804 11.238442564756813 16.500000000000004 5.0453457710954952 73.159224559521832 7.0119627780974705 66.976958112407047 31.345376272086877 84.544701509114745 3.4674592705240603 4.5000000000000009 7.483530872800908 37.846659842063026 81.184939139288417 78.392652134560407 0.25881904510252057 131.63688227029607 83.255946625255049 137.18631643022272 0.25881904510252091 96.207894247804589 224.96033117344322 50.764517650670712 63.143128679287678 21.247769706650633 70.000254356056942 3.127583738116344 2.1989017066149459 3.3868793200696667 2.0161167596293477
decision_type=2 2 2 2 2 2 2 2 2 2 2 2 2 2 2 2 2 2 2 2 2 2 2 2 2 2 2 2 2 2
left_child=1 -1 -2 7 5 8 -7 -3 -5 10 -10 16 -13 14 -14 -15 18 -18 20 -20 21 23 -22 24 -6 26 -26 -25 -29 -30
right_child=2 3 -4 4 11 6 -8 -9 9 -11 -12 12 13 15 -16 -17 17 -19 19 -21 22 -23 -24 27 25 -27 -28 28 29 -31
leaf_value=0.82197846317291268 -0.8143704927780413 0.72484339661896235 0.23718182018824985 -0.45614034836975548 1.0550831155899245 0.22999301965420066 1.1338092534078492 -0.064475633584375996 1.0588248053811631 -0.13883297718835599 -0.039444014041320141 -1.2179614668542689 -0.95628297909029902 -0.25201364466638276 0.46811939615469716 1.0098521245850456 0.1608577372756467 -0.78894007205963135 -1.1345326978426715 0.45295615103095771 -0.31716910204717097 -0.70609454470021393 0.57229961688733766 -0.40055055588778887 1.4713331937789917 -0.030995214993045445 0.1190503756205241 1.3530710557232732 0.4665752582550049 -0.92578592638795587
leaf_weight=25 44 32 21 41 39 52 54 1966 53 66 23 22 56 33 26 27 67 62 39 28 35 49 216 101 23 105 21 23 25 24
leaf_count=25 44 32 21 41 39 52 54 1966 53 66 23 22 56 33 26 27 67 62 39 28 35 49 216 101 23 105 21 23 25 24
internal_value=3.92537e-10 0.00925637 -0.474638 0.00311428 0.0869207 0.347859 0.690428 -0.0518339 0.14943 0.324278 0.726454 0.0130607 -0.300161 -0.157966 -0.504643 0.315826 0.0730004 -0.295634 0.138322 -0.471105 0.200094 0.0481619 0.44827 0.15054 0.394864 0.222055 0.825925 -0.114968 0.285641 -0.215398
internal_weight=3398 3333 65 3308 1310 289 106 1998 183 142 76 1021 164 142 82 60 857 129 728 67 661 410 251 361 188 149 44 173 72 49
internal_count=3398 3333 65 3308 1310 289 106 1998 183 142 76 1021 164 142 82 60 857 129 728 67 661 410 251 361 188 149 44 173 72 49
is_linear=0
shrinkage=0.05


Tree=15
num_leaves=31
num_cat=0
split_feature=13 16 4 8 22 0 9 19 12 15 23 23 17 1 19 2 0 15 14 21 3 3 23 12 3 21 16 0 22 18
split_gain=5891.9 15061.5 9409.25 7388.01 10108.2 9370.33 11474.4 10962.8 6521.08 6648.53 14170.5 15306.2 12838.7 10453.5 9200.66 8587.46 14256.9 18847.7 16592 11576.4 12642.6 16443.6 12149.3 11908.8 11539.9 9566.83 13960.3 9831.75 8326.12 8314.31
threshold=19.055015499581817 26.648783975178592 43.023296557396172 0.25881904510252091 80.715641637557482 204.23809579593521 0.78656609248549303 45.829110582935805 11.733111332631914 84.361366511309839 36.576161099939355 38.088158002354376 90.685720290971076 17.4357001105944 11.014700350035373 59.385328277313505 72.907411949076902 33.403128473015684 133.10676437023486 39.505184431432433 7.483530872800908 3.0340533698393291 43.218245116653229 110.71521489403855 7.0957786351728762 31.736211037061491 61.919403865628233 144.9866542025442 77.354792965782096 43.51670530887295
decision_type=2 2 2 2 2 2 2 2 2 2 2 2 2 2 2 2 2 2 2 2 2 2 2 2 2 2 2 2 2 2
left_child=1 -1 -3 5 -5 6 7 -4 -2 15 12 -12 13 -11 -13 16 17 -10 19 20 21 25 -21 28 -19 26 -18 -27 -24 -17
right_child=8 2 3 4 -6 -7 -8 -9 9 10 11 14 -14 -15 -16 29 18 24 -20 22 -22 -23 23 -25 -26 27 -28 -29 -30 -31
leaf_value=-0.90890564727783207 -0.66004943266893046 -0.51388201689720148 -1.0917033923996819 1.2700634988921011 -0.026148861930483866 1.2112133885547518 1.0383773040771485 0.26681923030903848 -0.87457163259387016 0.30829623124816202 0.41279382547519727 0.50432834029197693 -0.011618452031036904 -0.86586416288190626 -0.12989738270787105 -0.65474526992550608 0.5512434261089022 -0.047177556374695451 0.98926617438728748 -0.27527583674169503 -0.66217643847832319 0.79303360148756352 -0.67545702250107476 1.2983493277004787 1.2558190482854845 -0.36448778699744833 -1.0561008552142552 0.97025986426585442 0.71945457607507712 -0.013878254675613738
leaf_weight=25 39 25 27 53 21 20 20 33 68 22 179 61 116 137 914 54 22 113 74 182 26 176 23 28 20 22 35 37 20 806
leaf_count=25 39 25 27 53 21 20 20 33 68 22 179 61 116 137 914 54 22 113 74 182 26 176 23 28 20 22 35 37 20 806
internal_value=-4.77008e-10 0.247837 0.393156 0.523478 0.902219 0.243209 0.00120736 -0.344516 -0.0174907 -0.00949712 -0.0890558 -0.0121942 -0.411595 -0.703402 -0.0902176 0.0571437 0.170247 -0.197441 0.284829 0.193536 0.394346 0.48842 -0.058865 0.495878 0.148762 0.0262475 -0.435722 0.472557 -0.0266609 -0.0541187
internal_weight=3398 224 199 174 74 100 80 60 3174 3135 1429 1154 275 159 975 1706 846 201 645 571 318 292 253 71 133 116 57 59 43 860
internal_count=3398 224 199 174 74 100 80 60 3174 3135 1429 1154 275 159 975 1706 846 201 645 571 318 292 253 71 133 116 57 59 43 860
is_linear=0
shrinkage=0.05


Tree=16
num_leaves=31
num_cat=0
split_feature=1 13 4 4 0 0 13 17 11 17 2 16 20 15 13 17 11 0 17 17 4 18 3 23 11 16 14 22 23 15
split_gain=5693.58 10617.6 6386.92 6715.81 18039.3 11317.8 10334.7 13677.4 13976.4 11142.2 18776.5 22091 12941.3 12734 11417.7 10543.8 10325.2 9155.59 9063.42 8660.35 10853.7 8311.15 11163.1 7541.79 7432.45 10614.9 9769.95 10158.4 9221.01 8399.89
threshold=15.672909029720781 43.217032490643923 353.96099755850804 241.72930496714898 48.967168965077285 54.380468887461014 61.332815865899896 116.27313453183417 -1.9793779165480008 90.685720290971076 45.637488376379011 127.59861685008882 109.57875580570543 55.183271689034946 86.187721792127917 124.25792971143589 -2.5490330966692722 23.96807126474685 82.972801542337393 76.474485732202965 334.12517467582995 89.998432941992931 3.2926776481149278 38.348857761476545 5.7967844807375029 116.91570235348637 18.516249388623095 94.32852799147831 42.130048514377791 108.04852797420457
decision_type=2 2 2 2 2 2 2 2 2 2 2 2 2 2 2 2 2 2 2 2 2 2 2 2 2 2 2 2 2 2
left_child=1 -1 3 17 -5 -6 7 8 16 12 -11 14 13 21 15 -12 19 -2 -15 20 -7 22 -8 -10 26 29 28 -28 -19 -26
right_child=2 -3 -4 4 5 6 9 -9 23 10 11 -13 -14 18 -16 -17 -18 24 -20 -21 -22 -23 -24 -25 25 -27 27 -29 -30 -31
leaf_value=1.2087036561082911 0.75961608080302978 0.090119987936935042 -0.5072803117800504 -0.41588103745360772 1.3277215401331584 1.4314782000013762 -0.16102302616292782 -0.28517784568811616 0.38196581469641794 1.0106430882277588 0.23354209623029157 -1.3242785591345569 1.05444191410428 -0.31217406255944735 0.58525787503161331 -1.2389638100191951 -0.91585674569010733 -0.89482126551824559 -1.2450742276509603 -0.20450222417712213 -0.072245182309831887 -0.20583254666823261 1.3325863090054744 1.1205845913849772 0.2025302195510307 -0.40312403494661508 -0.049361030689407226 -0.89770860605769698 0.01392821578875832 1.0956803344376387
leaf_weight=27 34 99 64 147 21 28 22 62 54 66 31 26 21 197 94 20 20 71 30 40 21 53 29 96 77 44 1782 36 46 40
leaf_count=27 34 99 64 147 21 28 22 62 54 66 31 26 21 197 94 20 20 71 30 40 21 53 29 96 77 44 1782 36 46 40
internal_value=-4.51807e-10 0.329816 -0.0127008 -0.00283383 0.0988572 0.180132 0.153649 0.381895 0.54158 0.0292565 0.294287 0.0177984 -0.149187 -0.22555 0.258447 -0.343911 0.110707 -0.0543 -0.435465 0.341395 0.787025 0.232629 0.688284 0.854682 -0.0675028 0.25891 -0.0946617 -0.06616 -0.537535 0.507881
internal_weight=3398 126 3272 3208 1078 931 910 321 259 589 237 171 352 331 145 51 109 2130 227 89 49 104 51 150 2096 161 1935 1818 117 117
internal_count=3398 126 3272 3208 1078 931 910 321 259 589 237 171 352 331 145 51 109 2130 227 89 49 104 51 150 2096 161 1935 1818 117 117
is_linear=0
shrinkage=0.05


Tree=17
num_leaves=31
num_cat=0
split_feature=15 15 18 10 10 19 16 22 23 20 20 20 22 20 10 12 8 21 18 23 13 15 13 15 2 13 1 6 3 12
split_gain=5294.63 9658.53 11929.3 10961.8 10034.8 10220.3 9738.25 9553.69 13173.8 9270.88 8472.98 16270.4 13034.6 8366.01 13101.1 13771.7 10391.1 10309 9774.44 15253.6 15754.6 16432.6 12498.7 10229.7 10419.4 9515.82 9434.06 10827 9273.25 9364.86
threshold=54.040236055485856 44.246462569072264 79.211142137497617 -0.52787477366670654 0.81097455550764597 54.321018639385152 60.615554637277192 84.278223586983572 44.643423468242666 53.606654409538933 59.898329228692148 62.360182012260118 75.004149975990558 68.694065608889247 4.163220725246803 54.724720434813555 0.37940952255126054 45.810270362388195 75.056055210908511 35.61771603121305 13.413354031872455 73.981545494174796 64.38487274662765 140.22632612911266 68.116799954693391 43.217032490643923 30.261532676383499 1.5000000000000002 3.0124673009741185 87.642856753914046
decision_type=2 2 2 2 2 2 2 2 2 2 2 2 2 2 2 2 2 2 2 2 2 2 2 2 2 2 2 2 2 2
left_child=1 2 7 -3 -4 6 -6 8 -1 -2 12 -12 -11 14 15 17 28 -13 19 -15 -21 22 -22 -23 -25 26 27 -20 -17 -30
right_child=9 3 4 -5 5 -7 -8 -9 -10 10 11 13 -14 18 -16 16 -18 -19 25 20 21 23 -24 24 -26 -27 -28 -29 29 -31
leaf_value=0.20800673425284744 -0.60103810197777219 0.77135348731279374 -0.38132758430776098 0.083872466631557632 -0.59699853041342332 1.1283547925678166 0.28429835103024009 0.82997113403219458 -0.75098279014229785 1.0180708446850379 -0.87134515612289831 -0.68151610767649062 -0.14120521257175322 -0.84393022372609094 1.2095745451748372 -0.63317052613605151 1.4219053156673909 0.62397484838962558 -0.24768095131103812 -1.4304024452512916 -0.041418670641409389 0.15969431723525743 -1.2882765092632988 -0.99437555117266518 0.27923153134492729 -0.021066518964301763 -0.5037190345200625 0.93048632644021356 1.3315925909125288 -0.080294769071042549
leaf_weight=342 72 100 248 138 49 22 87 52 40 48 58 62 49 84 32 22 24 20 26 22 37 371 44 42 26 1134 22 78 23 24
leaf_count=342 72 100 248 138 49 22 87 52 40 48 58 62 49 84 32 22 24 20 26 22 37 371 44 42 26 1134 22 78 23 24
internal_value=-1.08918e-09 0.0915611 0.0118965 0.37273 -0.182917 0.128512 -0.0332277 0.194142 0.107589 -0.0425443 -0.0246566 -0.0452703 0.432457 -0.0223786 0.279359 0.109263 0.525758 -0.363104 -0.0554962 -0.216985 -0.11982 -0.0643727 -0.718724 0.0563618 -0.507408 0.0247357 0.436956 0.635945 0.214055 0.610629
internal_weight=3398 1078 840 238 406 158 136 434 382 2320 2248 2151 97 2093 207 175 93 82 1886 626 542 520 81 439 68 1260 126 104 69 47
internal_count=3398 1078 840 238 406 158 136 434 382 2320 2248 2151 97 2093 207 175 93 82 1886 626 542 520 81 439 68 1260 126 104 69 47
is_linear=0
shrinkage=0.05


Tree=18
num_leaves=31
num_cat=0
split_feature=13 16 4 9 4 2 16 12 15 15 23 3 11 15 14 19 10 3 6 11 22 9 16 1 19 20 12 15 1 17
split_gain=5141.08 13548 8066.82 6727.77 8766.56 7478.87 6529.43 5849.21 5828.72 12104 9398.02 8853.41 9318.71 8862.56 7858.4 9495.44 10580.4 10022 9735.16 9096.97 15128.6 13568.2 18428.2 12950.4 11730.4 13547.5 13292.8 12763.8 10723.3 9066.24
threshold=19.055015499581817 26.648783975178592 43.023296557396172 1.0000000180025095e-35 277.73945014045631 46.496319518070784 65.055167784531633 11.733111332631914 84.361366511309839 86.164850358241395 38.817240894331675 0.69709120439496641 5.7967844807375029 108.51881264922228 25.303793614545494 51.189414874981871 0.87587471912183601 5.1928886195515558 3.5000000000000004 -0.78216905391238678 77.482491086464861 0.60355339059327384 60.615554637277192 28.189149456479576 24.31097620678317 74.756584281337481 45.926998251063935 91.876074838428806 27.25795672822986 28.418326670170611
decision_type=2 2 2 2 2 2 2 2 2 2 2 2 2 2 2 2 2 2 2 2 2 2 2 2 2 2 2 2 2 2
left_child=1 -1 -3 4 6 -5 -4 -2 -9 10 -10 -11 14 -14 15 17 -17 18 -13 24 29 22 -22 -24 26 28 -16 -27 -26 -21
right_child=7 2 3 5 -6 -7 -8 8 9 11 -12 12 13 -15 19 16 -18 -19 -20 20 21 -23 23 -25 25 27 -28 -29 -30 -31
leaf_value=-0.86557691240310675 -0.62489557694166142 -0.47051335799694061 1.2288363100517365 0.048960194315599365 -0.58287763247409696 1.109403558721145 0.15724719384346497 0.053629390763911523 -1.5661789561311403 0.68563289183836718 -0.11780982812245687 -0.24621441651667869 -0.29913705924282902 0.91200975003567619 1.567112370159315 -1.5379389692436565 -0.20331600209077202 -0.76640848797910355 1.198120968937874 -0.47567115778272806 -0.70291850846260795 -0.81717423376364595 -0.1731133097029747 0.68449391759932043 -0.26258651183711157 1.1285240716659106 0.26382798806885049 -0.033789050579071049 -1.7065712922811507 0.33261856747473162
leaf_weight=25 39 25 21 23 26 60 44 1706 24 39 21 28 23 44 23 33 27 34 20 44 112 117 141 64 36 26 131 258 20 164
leaf_count=25 39 25 21 23 26 60 44 1706 24 39 21 28 23 44 23 33 27 34 20 44 112 117 141 64 36 26 131 258 20 164
internal_value=-1.90885e-09 0.231507 0.369332 0.49 0.193073 0.815546 0.503453 -0.0163383 -0.0087677 -0.08326 -0.890273 -0.0570204 -0.0785545 0.496243 -0.108689 -0.459373 -0.937359 -0.109628 0.355592 -0.0648531 -0.188968 -0.356999 -0.187155 0.0946275 0.0964465 -0.0675309 0.458474 0.0726199 -0.778295 0.161634
internal_weight=3398 224 199 174 91 83 65 3174 3135 1429 45 1384 1345 67 1278 142 60 82 48 1136 642 434 317 205 494 340 154 284 56 208
internal_count=3398 224 199 174 91 83 65 3174 3135 1429 45 1384 1345 67 1278 142 60 82 48 1136 642 434 317 205 494 340 154 284 56 208
is_linear=0
shrinkage=0.05


Tree=19
num_leaves=31
num_cat=0
split_feature=14 14 0 17 0 17 23 23 10 10 22 17 23 18 8 16 16 14 3 23 10 10 17 9 13 11 17 1 23 11
split_gain=5109.3 7642.34 12238.1 7886.29 8640.21 5296.07 6073.84 10941.3 10050.7 10000.1 9728.61 8704.12 7788.3 9661.75 8676.66 16068.4 14559.8 14917.1 12834.4 17974.1 10609.6 12685.1 11197.8 10478.7 9819.2 9131.63 11352.3 9082.29 10949.3 11466.3
threshold=142.47887795614665 146.83445490526017 135.97684485064065 114.63599133119989 127.02249491502809 148.3674714866788 45.814108510011316 44.385134951492184 -6.9831062685763117 -6.1587860238858889 80.889910979559801 81.072773223681068 41.14652978534648 33.131354916977891 -0.70710678118654735 95.967900257366736 66.540977494920284 30.973443235761511 4.2134546988764816 39.876827721198261 0.83864163861993235 0.12842088820023281 92.74587225989616 -0.5 55.648262548207022 1.7470529548592511 69.120729092336987 17.4357001105944 35.61771603121305 -0.31088168083715101
decision_type=2 2 2 2 2 2 2 2 2 2 2 2 2 2 2 2 2 2 2 2 2 2 2 2 2 2 2 2 2 2
left_child=5 3 -3 4 -2 6 7 8 11 10 -10 -1 13 -11 16 -16 17 -15 19 25 21 22 -17 -24 -25 26 -18 -19 -29 -30
right_child=1 2 -4 -5 -6 -7 -8 -9 9 12 -12 -13 -14 14 15 20 18 27 -20 -21 -22 -23 23 24 -26 -27 -28 28 29 -31
leaf_value=-0.032571758443246716 -0.82785687102721295 0.89898184332354314 -0.48118859926859542 -1.452272974252701 0.28068973738700154 -0.72654389937718711 0.3107403535980004 -0.34457323198776113 0.1874933329156854 -0.70446521184023692 1.4226541297435762 -1.4236884008754385 0.16682366443522961 -1.7194222657576852 0.17959906810388804 -0.49820403923958906 0.37375973995887873 0.63795277751982216 0.34145451408775551 0.80125105812631814 0.11358521063114711 -1.1784908156469465 0.82540365363422197 0.72456215294924653 -0.51032727394253019 -1.4827671066574428 -0.78427879668898504 -1.3175445012748241 0.22974997607284578 -0.74454556443388498
leaf_weight=23 39 29 36 20 32 24 169 211 44 51 25 22 718 23 928 162 33 20 158 29 207 40 38 22 60 23 59 32 58 63
leaf_count=23 39 29 36 20 32 24 169 211 44 51 25 22 718 23 928 162 33 20 158 29 207 40 38 22 60 23 59 32 58 63
internal_value=-2.8137e-10 -0.279501 0.13458 -0.575273 -0.32823 0.0134491 0.018968 0.00279569 0.0286219 0.0405655 0.635015 -0.712673 0.0255078 -0.0250729 -0.00734958 0.054233 -0.187522 -0.523112 0.0302784 -0.311151 -0.165691 -0.345226 -0.227032 0.139051 -0.179015 -0.59167 -0.368895 -0.364065 -0.495048 -0.277528
internal_weight=3398 156 65 91 71 3242 3218 3049 2838 2793 69 45 2724 2006 1955 1457 498 196 302 144 529 322 282 120 82 115 92 173 153 121
internal_count=3398 156 65 91 71 3242 3218 3049 2838 2793 69 45 2724 2006 1955 1457 498 196 302 144 529 322 282 120 82 115 92 173 153 121
is_linear=0
shrinkage=0.05


Tree=20
num_leaves=31
num_cat=0
split_feature=1 13 16 4 23 4 0 0 13 17 23 11 4 17 2 16 20 15 13 15 0 22 18 6 12 11 17 23 15 11
split_gain=4925.77 9228.72 6308.63 5592.02 5504.58 5503.01 15968.7 9964.54 9030.39 11830.5 12622.2 15235.2 10201.7 10748.7 14511.1 14982.1 11240.1 12789.6 10835 10285.6 8329.57 7351.87 8389.73 8933.12 6910.59 6547.36 8239.57 6449.9 7754.76 6289.38
threshold=15.672909029720781 43.217032490643923 76.546043715801815 353.96099755850804 40.993862818019977 241.72930496714898 48.967168965077285 54.380468887461014 61.332815865899896 116.27313453183417 34.947788829138986 -1.9793779165480008 250.73362300623043 89.675842171106353 45.637488376379011 132.1898784269695 109.57875580570543 54.705175409752826 86.583133989900901 86.516802513448042 23.96807126474685 83.276025684230802 62.917326980061937 2.5000000000000004 77.210647820793284 -2.8135781361474126 76.474485732202965 41.863404205106711 72.425668004102889 5.7967844807375029
decision_type=2 2 2 2 2 2 2 2 2 2 2 2 2 2 2 2 2 2 2 2 2 2 2 2 2 2 2 2 2 2
left_child=1 -1 -3 5 -5 20 27 -8 9 10 -9 25 -10 16 24 18 17 -14 19 -16 -2 22 -13 -24 -15 26 -12 28 -7 -22
right_child=3 2 -4 4 -6 6 7 8 12 -11 11 21 13 14 15 -17 -18 -19 -20 -21 29 -23 23 -25 -26 -27 -28 -29 -30 -31
leaf_value=1.1261637065145704 0.72716354377129511 0.41888361552665976 -0.39142239384534883 -0.84585521053045221 0.10457407522201539 0.29784711210624032 1.242738351935432 -0.64268760843710471 0.67979211133939255 -0.26595465298141202 0.81957523409615873 0.30442409895360473 0.20572863208239572 1.3844068851321936 -1.0923306944193665 -1.2721306903021676 0.91508616447448743 -0.52322938016896114 0.48932217796643579 0.33026960591475168 -0.086745182300607362 1.7155926123548015 0.62889830991625795 1.8766376981368431 0.32810580253601079 -0.63568084921155665 -0.18552915861732083 -0.936513597816229 -0.5619626581668854 0.23850382733974396
leaf_weight=27 34 58 41 39 25 46 21 22 54 62 44 50 85 32 27 21 20 206 90 24 1935 26 32 26 30 21 38 40 61 161
leaf_count=27 34 58 41 39 25 46 21 22 54 62 44 50 85 32 27 21 20 206 90 24 1935 26 32 26 30 21 38 40 61 161
internal_value=-1.00697e-10 0.306773 0.0833023 -0.0118134 -0.474594 -0.00258084 0.0894712 0.165939 0.14109 0.354447 0.50296 0.609307 0.0248118 -0.0412983 0.222777 -0.0261865 -0.2315 -0.310304 0.15938 -0.422872 -0.0491687 0.960776 0.77906 1.18823 0.873293 0.152057 0.353795 -0.394825 -0.192325 -0.0617618
internal_weight=3398 126 99 3272 64 3208 1078 931 910 321 259 237 589 535 224 162 311 291 141 51 2130 134 108 58 62 103 82 147 107 2096
internal_count=3398 126 99 3272 64 3208 1078 931 910 321 259 237 589 535 224 162 311 291 141 51 2130 134 108 58 62 103 82 147 107 2096
is_linear=0
shrinkage=0.05


Tree=21
num_leaves=31
num_cat=0
split_feature=14 14 0 17 0 13 12 20 18 5 21 13 4 23 14 11 22 23 2 2 14 3 23 14 15 6 14 11 22 14
split_gain=4848.08 6839.51 10952.9 7001 7623.34 4983.99 10369.8 13574.8 8499.94 7776.69 9362.86 6656.33 7223.88 6346.04 6351.05 15082.2 7349.11 10039.1 6753.65 6189.83 9616.13 11211.3 9729.88 9600.51 10587.4 13667.6 9514.02 9780.58 8747.77 8744.44
threshold=142.47887795614665 146.83445490526017 135.97684485064065 114.63599133119989 127.02249491502809 19.055015499581817 50.69206862324716 69.265771715601247 54.073770279293932 7.5000000000000009 42.313619880816503 12.9265694426068 218.77047527900524 47.918435558619557 18.516249388623095 1.311484810004188 70.818207362645623 39.616336989849778 55.448752452513382 44.779371260898166 21.258055310232422 7.5756087995413059 38.751976544243391 133.84371407731365 131.63688227029607 1.5000000000000002 129.70919641979299 -5.7057013829297043 66.103478590960989 77.864757796802607
decision_type=2 2 2 2 2 2 2 2 2 2 2 2 2 2 2 2 2 2 2 2 2 2 2 2 2 2 2 2 2 2
left_child=5 3 -3 4 -2 6 9 8 -8 -1 -11 -9 -13 14 15 16 -7 -18 -17 20 -16 23 -23 24 26 -26 27 -22 -29 -30
right_child=1 2 -4 -5 -6 13 7 11 -10 10 -12 12 -14 -15 19 18 17 -19 -20 -21 21 22 -24 -25 25 -27 -28 28 29 -31
leaf_value=0.50121140539646147 -0.78861000102299916 0.84261724167856689 -0.46307394703229265 -1.3783788192272188 0.25266256593167785 0.039520409612944632 1.6241658065716427 -0.72255290916987835 0.49162472703972382 -1.4756428956985475 0.035973562654994788 0.71107859538822638 -0.35432507143570829 0.73262807423698495 1.1896793830962409 -0.39466292443482776 -1.4855206711424722 -0.42937090553343299 0.65096077665369567 -0.03482635426995153 1.3090825778245927 -1.2884419766756205 0.14027510326017031 0.79663415981663599 0.45983793161533493 -0.93619120383262633 -0.86063872859591539 -0.61802794728428134 0.027729783560603096 0.47216647402516437
leaf_weight=20 39 29 36 20 32 33 30 21 37 20 21 41 26 29 21 23 36 60 47 2081 20 26 22 54 27 50 21 32 234 210
leaf_count=20 39 29 36 20 32 33 30 21 37 20 21 41 26 29 21 23 36 60 47 2081 20 26 22 54 27 50 21 32 234 210
internal_value=5.0258e-10 -0.272262 0.119465 -0.552068 -0.319304 0.0131008 0.245139 0.462473 0.998733 -0.307101 -0.7014 0.0541836 0.297638 -0.00346237 -0.010585 -0.283512 -0.604161 -0.825427 0.307399 0.00882615 0.135522 0.103715 -0.633613 0.158332 0.100305 -0.446674 0.18177 0.225904 0.180393 0.237936
internal_weight=3398 156 65 91 71 3242 216 155 67 61 41 88 67 3026 2997 199 129 96 70 2798 717 696 48 648 594 77 517 496 476 444
internal_count=3398 156 65 91 71 3242 216 155 67 61 41 88 67 3026 2997 199 129 96 70 2798 717 696 48 648 594 77 517 496 476 444
is_linear=0
shrinkage=0.05


Tree=22
num_leaves=31
num_cat=0
split_feature=21 21 11 16 22 10 23 8 12 0 23 3 13 16 13 12 20 4 8 19 4 15 15 20 10 18 4 0 0 14
split_gain=4715.88 6752.09 4637.88 13097.3 6774.5 6690.25 5008.9 5200.03 12542.6 7646.58 6815.83 6008.71 8770.49 7031.33 5960.54 18369.1 16583.2 11299.4 9926.53 9080.25 8920.66 8361.1 9697.49 10554.5 7081.16 12961.3 6968.38 8014.75 7641.92 8049.54
threshold=58.933068563743262 56.927098743844539 6.1931471024500082 121.18069041776015 81.908752483883532 0.055249144287625861 48.205696808052203 -0.98296291314453399 38.312788750483946 185.3476620765546 41.954912242682617 7.7110625603895668 77.601134694581447 95.262336195956507 29.33400198750244 42.646008117252684 69.106518763912419 218.77047527900524 -0.37940952255126059 34.645073427001385 325.47885557178 117.04201002294258 103.82657327501975 78.85627130130419 -0.71342969030964087 62.245916460128413 347.76246209068535 246.89113769280888 243.66283374257739 12.9265694426068
decision_type=2 2 2 2 2 2 2 2 2 2 2 2 2 2 2 2 2 2 2 2 2 2 2 2 2 2 2 2 2 2
left_child=1 2 6 4 5 -4 7 8 -1 10 -10 14 -13 -14 15 17 19 18 -9 -17 21 22 23 -18 -21 -26 27 28 29 -16
right_child=-2 -3 3 -5 -6 -7 -8 11 9 -11 -12 12 13 -15 26 16 20 -19 -20 24 -22 -23 -24 -25 25 -27 -28 -29 -30 -31
leaf_value=0.83056755840778362 -0.67080583572387698 0.80781408800528609 0.82162573898539826 -0.75877891934436303 1.29735476821661 -0.1631613546397005 0.72301362208698106 -1.5967243393262229 -0.54941009000196306 -1.1822406884282828 0.48177013370123778 -0.85247517316415911 -0.49982395917177203 0.72357513800911288 -0.63090405501425273 1.2751566382391113 -0.40416794163840158 0.44509883339588463 -0.32201695548636572 -0.13021378759294749 -0.91058059703736083 0.66741146422151865 -1.0136117209087718 0.70395268425345425 -0.064433201934610093 1.6364922420432171 -0.43792937584221364 -0.83005977108560769 0.85871067757789898 0.010180472056168666
leaf_weight=20 26 26 34 23 24 35 23 24 59 32 22 50 24 23 50 56 42 26 42 32 21 58 22 44 21 24 96 29 26 2364
leaf_count=20 26 26 34 23 24 35 23 24 59 32 22 50 24 23 50 56 42 26 42 32 21 58 22 44 21 24 96 29 26 2364
internal_value=9.09177e-10 0.00517229 -0.00106462 0.309562 0.573776 0.322096 -0.0122203 -0.0174932 -0.323583 -0.527858 -0.269336 -0.00424989 -0.391519 0.0988607 0.00836854 0.184899 0.363912 -0.437756 -0.785547 0.790712 0.0603587 0.183188 -0.0768573 0.162777 0.438388 0.842727 -0.0199864 -0.00373585 0.00608521 -0.003098
internal_weight=3398 3372 3346 116 93 69 3230 3207 133 113 81 3074 97 47 2977 412 320 92 66 133 187 166 108 86 77 45 2565 2469 2440 2414
internal_count=3398 3372 3346 116 93 69 3230 3207 133 113 81 3074 97 47 2977 412 320 92 66 133 187 166 108 86 77 45 2565 2469 2440 2414
is_linear=0
shrinkage=0.05


Tree=23
num_leaves=31
num_cat=0
split_feature=1 16 2 13 12 11 2 2 12 15 1 13 23 0 23 11 22 10 17 13 13 4 13 3 0 19 8 21 16 2
split_gain=4414.58 8370.96 7150.62 10502.4 5239.81 9514.06 10087 8898.24 9303.51 11729.7 17994.4 15572.9 13449.7 9001.84 14069.7 8732.3 8549.51 8495.76 9451.63 8248.45 10419.2 8603.46 8452.34 8213.63 8088.02 8027.07 7740.6 8565.68 12767.1 20731.9
threshold=15.672909029720781 117.78828729718253 41.040508247196847 67.892987900864298 111.77097984707 6.6254760247680045 54.97420107729063 40.804583742333584 96.95038194104599 55.550391430365359 17.857767749840217 102.39820263285498 33.791356283841452 130.9494932380139 40.362917174400174 -1.8055994303890646 81.184939139288417 -5.483980408080269 133.66922506609686 131.63688227029607 110.19399552379362 82.785290085802671 136.82238461257802 4.9154947716149779 215.23909809464411 40.380841898358476 0.91597561503675362 38.834602281490127 50.002074900397268 37.480666969291143
decision_type=2 2 2 2 2 2 2 2 2 2 2 2 2 2 2 2 2 2 2 2 2 2 2 2 2 2 2 2 2 2
left_child=1 2 -1 -4 5 7 -7 26 9 10 11 -9 -12 15 -15 -10 -16 -14 -19 20 -6 -22 -21 -20 -23 -17 27 -2 -29 -30
right_child=4 -3 3 -5 19 6 -8 8 13 -11 12 -13 17 14 16 25 -18 18 23 22 21 24 -24 -25 -26 -27 -28 28 29 -31
leaf_value=-0.35255739461807978 0.46054234067383021 -0.62087283247993108 1.356969470136306 0.21795663285255432 0.061295826436910929 -0.14295864933066899 1.1601723618579634 -0.050746682918432984 0.47943727045573975 -0.15938133898989432 1.4534846589678811 -1.7681311867453837 0.88895845767614012 -1.1202443923409049 0.49802451163530348 -0.72626571746195778 -0.76808498476942377 0.1822929515490706 -0.024014985511700313 -1.0362132811546327 -0.17129951227794996 0.54708475106292309 -0.01909434823319316 -1.3321329062711449 1.6586913388967515 0.24751118516380136 -0.47337347100610316 -0.63769499297285903 -0.1699177095795622 1.0922041108831764
leaf_weight=21 184 21 34 50 593 27 33 33 44 1120 21 22 37 76 30 59 24 396 30 30 33 90 64 20 20 33 46 58 101 48
leaf_count=21 184 21 34 50 593 27 33 33 44 1120 21 22 37 76 30 59 24 396 30 30 33 90 64 20 20 33 46 58 101 48
internal_value=3.91458e-10 0.290419 0.472677 0.678986 -0.0111836 -0.0480718 0.573763 -0.0637351 -0.109542 -0.0660161 0.121048 -0.7377 0.214761 -0.38428 -0.681784 -0.0999012 -0.0646908 0.160903 0.100504 0.0973477 0.153678 0.536773 -0.343707 -0.547262 0.749195 -0.376976 0.140143 0.212321 -0.00831981 0.236672
internal_weight=3398 126 105 84 3272 2442 60 2382 1945 1679 559 55 504 266 130 136 54 483 446 830 736 143 94 50 110 92 437 391 207 149
internal_count=3398 126 105 84 3272 2442 60 2382 1945 1679 559 55 504 266 130 136 54 483 446 830 736 143 94 50 110 92 437 391 207 149
is_linear=0
shrinkage=0.05


Tree=24
num_leaves=31
num_cat=0
split_feature=14 11 8 2 17 15 17 23 23 10 10 1 17 11 17 23 8 11 5 15 15 23 18 11 11 8 16 16 1 14
split_gain=4441.85 6253.57 9084.84 13107 9875.63 5401.76 4866.87 5106.46 9910.11 8615.73 8829.33 9341.75 7721.77 7549.27 7990.86 11831.3 11004.1 9632.85 8435.13 7320.74 9067.21 6661.79 8292.37 7906.93 9395.52 7415.71 13929.3 12768.5 13067.1 12985.7
threshold=142.47887795614665 -2.9571505349078735 -0.60355339059327362 51.45977173419103 77.344113084465235 72.425668004102889 148.3674714866788 45.814108510011316 44.385134951492184 -6.9831062685763117 -6.1587860238858889 29.21518757698362 81.072773223681068 -4.3418208162714036 45.482425258216715 44.698527139430709 -0.5 -0.39967698561251569 11.500000000000002 20.356947506387623 137.68902984358752 41.14652978534648 33.131354916977891 5.7967844807375029 5.1540524856962353 -0.70710678118654735 95.967900257366736 66.540977494920284 17.187644861230645 34.849526593551722
decision_type=2 2 2 2 2 2 2 2 2 2 2 2 2 2 2 2 2 2 2 2 2 2 2 2 2 2 2 2 2 2
left_child=6 -2 -3 4 -4 -5 7 8 9 12 11 -11 -1 -10 17 -16 -17 -15 -19 -9 -21 22 -12 24 -23 27 -27 28 -24 -30
right_child=1 2 3 5 -6 -7 -8 19 13 10 21 -13 -14 14 15 16 -18 18 -20 20 -22 23 25 -25 -26 26 -28 -29 29 -31
leaf_value=-0.018183984153944514 -0.92308878569767394 -0.88672348137559576 -1.3237433552742006 1.2908572418349129 0.14215717955871865 0.24528847416241964 -0.69683484584093103 -0.61285862565040594 0.57200524466378355 0.96889512503937802 -0.6516974258656596 -0.31342262625694278 -1.3284500745209782 -1.6900364969087684 -1.1989354776299519 0.78731058274998389 -0.32884094885417392 0.3040586209013349 -1.0432540540511792 0.58525445416448563 -0.44243228068718549 0.15035503619765661 0.72437511265277865 0.89940552275092012 -0.94956080287694933 0.16778547119064224 -0.15370068604193474 0.03152527728222853 -1.7051719526449842 -0.45366824522222349
leaf_weight=23 29 29 20 21 27 30 24 20 21 49 51 20 22 23 23 34 63 21 26 123 26 664 20 34 20 928 529 302 24 152
leaf_count=23 29 29 20 21 27 30 24 20 21 49 51 20 22 23 23 34 63 21 26 123 26 664 20 34 20 928 529 302 24 152
internal_value=2.21576e-12 -0.260606 -0.10933 0.120715 -0.48163 0.675817 0.01254 0.0178305 0.00300186 0.0275809 0.038639 0.597209 -0.658759 -0.327593 -0.427022 -0.179366 0.0623874 -0.851574 -0.441263 0.28536 0.405927 0.0244902 -0.0222896 0.155187 0.118194 -0.00587024 0.0510619 -0.172437 -0.486705 -0.624328
internal_weight=3398 156 127 98 47 51 3242 3218 3049 2838 2793 69 45 211 190 120 97 70 47 169 149 2724 2006 718 684 1955 1457 498 196 176
internal_count=3398 156 127 98 47 51 3242 3218 3049 2838 2793 69 45 211 190 120 97 70 47 169 149 2724 2006 718 684 1955 1457 498 196 176
is_linear=0
shrinkage=0.05


Tree=25
num_leaves=31
num_cat=0
split_feature=1 21 21 2 18 0 15 20 2 10 15 10 9 12 4 0 14 19 10 14 4 18 20 23 17 18 15 22 0 17
split_gain=4323.44 4265.54 5824.58 3929.54 4331.23 3785.82 17011.9 11684.9 8676.1 9527.22 8123.62 12625.7 13566 11270.2 11991.9 10308.8 10215.1 11446.5 9597.32 8204.3 8237.47 9690.45 9884.95 9615.01 11737.4 13431.7 9144 7962.47 9250.01 7930.34
threshold=34.874102459881584 58.933068563743262 56.927098743844539 30.711573643183716 77.87976764182504 186.30489382472214 15.08678485824395 54.468486805738046 33.565554877934439 -1.0492986086265075 122.56389121056135 -1.5196577643331572 -0.78656609248549325 103.5058035995355 193.40344761930649 190.3841885153827 47.833893237461147 37.007181175246217 -0.98448550572110138 137.68902984358752 325.47885557178 102.53497293837337 92.425158724620431 43.104381009931203 40.40347181542699 82.93773808207348 62.872819204241864 75.603655203738882 213.65322518460752 67.095610888318291
decision_type=2 2 2 2 2 2 2 2 2 2 2 2 2 2 2 2 2 2 2 2 2 2 2 2 2 2 2 2 2 2
left_child=1 2 3 4 -1 8 -7 -8 9 -5 13 -12 -13 15 16 -9 -15 18 -18 20 21 22 23 24 25 -17 -22 -16 -29 -26
right_child=-2 -3 -4 5 -6 6 7 10 -10 -11 11 12 -14 14 27 19 17 -19 -20 -21 26 -23 -24 -25 29 -27 -28 28 -30 -31
leaf_value=-0.047898061275482184 -0.64228838888498452 -0.63300208953710702 0.7553651454357001 -1.0282438946075929 0.96875769333405926 1.1489050922570405 -0.86766175055503847 -1.1314489550441504 0.053203844746916674 -0.062539642143088423 -1.0571216679513455 0.89941026098453092 -0.3881066091358662 0.90652260922250294 1.4225135939339033 1.3781591518057716 0.68539124210365121 -1.0212002057688578 -0.71083817303180696 -0.84496757622921115 0.037230920314788821 -0.90968015392621371 1.0475884066687691 -0.67290849000215536 -0.54921479167846543 -0.23792130827903746 -1.3291147629419964 -0.15747399800702144 0.89160892494181376 0.16611698736485683
leaf_weight=20 26 26 26 39 22 27 50 25 2239 74 50 26 96 21 26 36 32 35 20 33 25 24 27 40 52 20 24 38 47 152
leaf_count=20 26 26 26 39 22 27 50 25 2239 74 50 26 96 21 26 36 32 35 20 33 25 24 27 40 52 20 24 38 47 152
internal_value=2.34283e-10 0.0049524 0.00990961 0.0040717 0.484636 -0.00208562 -0.087722 -0.124862 0.0316301 -0.395836 -0.0811166 -0.387963 -0.113718 -0.00315851 0.291862 -0.144227 -0.083234 -0.322141 0.14838 -0.0872281 -0.0247146 0.0600631 0.131237 0.0487653 0.159792 0.800988 -0.632 0.656819 0.422607 -0.0162225
internal_weight=3398 3372 3346 3320 42 3278 926 899 2352 113 849 172 122 677 219 458 108 87 52 433 400 351 327 300 260 56 49 111 85 204
internal_count=3398 3372 3346 3320 42 3278 926 899 2352 113 849 172 122 677 219 458 108 87 52 433 400 351 327 300 260 56 49 111 85 204
is_linear=0
shrinkage=0.05


Tree=26
num_leaves=31
num_cat=0
split_feature=1 14 14 0 17 0 2 0 14 4 21 1 4 15 10 20 23 22 9 2 18 18 14 10 1 18 18 18 10 11
split_gain=3901.9 3997.63 5995.3 9119.65 6335.51 6585.71 4819.44 8546.92 7908.21 5395.59 13032.6 12258.2 9971.95 10236.3 9538.57 9242.11 9723.44 9281.69 10566.3 6600.83 6478.45 5898.62 11123.9 11655.9 7463 5070.41 9400.76 8807.21 11946.7 8369.84
threshold=34.874102459881584 142.47887795614665 146.83445490526017 135.97684485064065 114.63599133119989 127.02249491502809 31.562139129117501 202.07915495278266 67.286018961476046 334.12517467582995 26.04693257653285 31.95561821471426 322.19814031776963 72.425668004102889 2.176078182516203 68.694065608889247 40.215436646657778 86.267742715127781 -0.5 89.108580366826331 83.851663217649616 117.23196394411288 116.08107104797585 -1.3470075624373823 24.595138830736143 33.131354916977891 37.917917049936683 43.51670530887295 -1.5196577643331572 1.0098111316751748
decision_type=2 2 2 2 2 2 2 2 2 2 2 2 2 2 2 2 2 2 2 2 2 2 2 2 2 2 2 2 2 2
left_child=1 6 4 -4 5 -3 7 8 -1 12 -11 15 19 -14 -15 16 -12 18 -17 21 -20 25 -23 -24 -25 -8 29 28 -28 -27
right_child=-2 2 3 -5 -6 -7 9 -9 -10 10 11 -13 13 14 -16 17 -18 -19 20 -21 -22 22 23 24 -26 26 27 -29 -30 -31
leaf_value=-0.75915413320064551 -0.61017396839765414 -0.71922365556924772 0.78413956802466833 -0.40728205177519056 -1.2905069667100908 0.24859300330281259 -0.42477974401761415 1.141201542890989 0.43177876109662261 -1.2798989722361931 0.033979045983516809 -1.1317129383087159 1.2137462111881803 -0.68171368877996097 0.69894485823039354 -1.1173163392964531 1.3732027592866318 0.67811036729812635 -0.62665282647524567 0.81748440361022956 0.35998843254112622 -0.3944615635275841 -0.032934372915941125 1.8540426037528299 0.59135967063903816 1.1001597152815925 0.26149666875600819 -0.00029307947547416868 -0.99595087497842083 -0.064410335929305465
leaf_weight=20 26 39 29 36 20 32 73 26 46 26 33 25 35 22 29 34 23 25 28 25 41 35 34 22 25 36 30 2445 51 27
leaf_count=20 26 39 29 36 20 32 73 26 46 26 33 25 35 22 29 34 23 25 28 25 41 35 34 22 25 36 30 2445 51 27
internal_value=-3.14273e-10 0.00470478 -0.242481 0.124275 -0.504449 -0.283025 0.0166951 0.373369 0.07089 0.00619127 -0.224204 -0.0928737 0.0249323 0.555265 0.103367 0.0482729 0.584017 -0.186115 -0.395879 0.00866097 -0.0403877 0.00138214 0.350405 0.672261 1.1824 -0.013827 -0.00223967 -0.0172863 -0.53023 0.601058
internal_weight=3398 3372 156 65 91 71 3216 92 66 3124 235 209 2889 86 51 184 56 128 103 2803 69 2778 116 81 47 2662 2589 2526 81 63
internal_count=3398 3372 156 65 91 71 3216 92 66 3124 235 209 2889 86 51 184 56 128 103 2803 69 2778 116 81 47 2662 2589 2526 81 63
is_linear=0
shrinkage=0.05


Tree=27
num_leaves=31
num_cat=0
split_feature=13 16 11 21 13 0 6 12 23 15 15 1 3 3 11 22 11 3 1 23 19 22 16 23 0 18 23 0 11 0
split_gain=3901.06 11492.2 6849.69 12584.4 5635.58 6802.83 5408.98 5127.57 4380.52 4657.5 10845.3 8601.93 8114.5 14539.6 7800.19 8049.97 15880.3 13717.1 13518.1 10867.5 11362.2 9954.47 8925.2 8900.95 10474.2 8786.97 8258.54 7724.26 9467.31 7715.05
threshold=19.055015499581817 26.648783975178592 -1.6351228283391845 45.426731569059022 12.9265694426068 140.04453903753853 1.5000000000000002 11.733111332631914 48.205696808052203 84.361366511309839 86.164850358241395 25.843885463848029 1.5025767370518193 1.361819560307665 5.7967844807375029 81.558262281460046 -0.7551135145405915 2.5351702277985937 21.284847842065567 35.998096297604071 61.788722814364455 93.850557216788658 57.756659374005963 38.145301157623656 122.49974900138614 68.470904876961455 39.945801879364772 200.45842710040577 -5.2117220238196404 88.316448266189269
decision_type=2 2 2 2 2 2 2 2 2 2 2 2 2 2 2 2 2 2 2 2 2 2 2 2 2 2 2 2 2 2
left_child=1 -1 3 -3 5 -4 -6 -2 9 -9 11 -11 13 -12 15 19 21 -18 -19 25 23 27 -20 24 -21 -14 -24 28 -17 -30
right_child=7 2 4 -5 6 -7 -8 8 -10 10 12 -13 14 -15 -16 16 17 18 22 20 -22 -23 26 -25 -26 -27 -28 -29 29 -31
leaf_value=-0.80876022772490974 -0.58401430386763353 0.78889439105987558 -0.62133176557719716 -0.67357044541522082 0.16553674106087005 0.62726008296012881 0.99679046956392436 0.043789627741888291 0.6959162894975055 -0.21353742794017308 0.085631385926447867 -1.6175590647757057 -1.3589191830158234 1.4414290635482125 0.42530284208148272 -0.82013527822494514 -1.3297580315367037 -0.96633440523463143 -0.69087225604564584 -0.072796975475985834 -0.98518665766716007 1.0075299361477728 -0.17542090407439642 0.011048726154804494 0.97508830428123483 -0.16959653961949234 0.76524025252887184 -0.64550766795873649 -0.2844173612746787 0.50299831070005896
leaf_weight=25 39 24 20 38 28 24 65 1696 22 24 141 20 25 23 67 25 46 68 47 41 25 23 70 452 57 41 35 48 47 92
leaf_count=25 39 24 20 38 28 24 65 1696 22 24 141 20 25 23 67 25 46 68 47 41 25 23 70 452 57 41 35 48 47 92
internal_value=-6.83596e-10 0.201664 0.328602 -0.107455 0.525942 0.0597183 0.746521 -0.0142321 -0.00714394 -0.0121126 -0.0790216 -0.851729 -0.0542589 0.275774 -0.0990276 -0.12979 -0.279946 -0.544536 -0.380354 -0.0124286 0.0573212 0.0195475 -0.118204 0.104708 0.536687 -0.620098 0.138133 -0.0876393 0.0756393 0.23675
internal_weight=3398 224 199 62 137 44 93 3174 3135 3113 1417 44 1373 164 1209 1142 501 266 220 641 575 235 152 550 98 66 105 212 164 139
internal_count=3398 224 199 62 137 44 93 3174 3135 3113 1417 44 1373 164 1209 1142 501 266 220 641 575 235 152 550 98 66 105 212 164 139
is_linear=0
shrinkage=0.05


Tree=28
num_leaves=31
num_cat=0
split_feature=1 16 2 13 4 4 0 4 13 17 2 11 17 2 16 14 3 20 15 17 18 10 9 1 0 17 1 20 3 17
split_gain=3831.23 7355.95 6362.8 9287.6 4579.81 4890.55 14127.7 8663.92 9917 11713 10672.9 10404.5 9987.33 14839.1 16902.3 9460.65 10797.2 9077.82 11101.3 8937.36 8805.88 11342.6 8011.48 7821.38 7445.45 7249.75 7081.85 7064.18 6818.78 6953.95
threshold=15.672909029720781 117.78828729718253 41.040508247196847 67.892987900864298 353.96099755850804 241.72930496714898 48.967168965077285 250.73362300623043 61.332815865899896 79.360796356425439 84.71751726715145 0.18162659866321978 90.685720290971076 45.637488376379011 127.59861685008882 75.729041930711318 3.2926776481149278 109.57875580570543 55.183271689034946 96.72832382592695 75.274189974801615 1.5517160550734974 0.1294095225512602 26.798387744035782 23.96807126474685 113.90078520523741 24.430857702896141 72.89478521781605 7.1473956936775966 77.936081062080419
decision_type=2 2 2 2 2 2 2 2 2 2 2 2 2 2 2 2 2 2 2 2 2 2 2 2 2 2 2 2 2 2
left_child=1 2 -1 -4 5 24 -7 27 9 11 19 15 17 25 20 -9 -17 18 -10 -11 22 -22 -15 -21 -2 -14 -18 -8 29 -20
right_child=4 -3 3 -5 -6 6 7 8 12 10 -12 -13 13 14 -16 16 26 -19 28 23 21 -23 -24 -25 -26 -27 -28 -29 -30 -31
leaf_value=-0.33704560824802948 0.68799395771587601 -0.58370726704597475 1.2735840979744406 0.20246689140796664 -0.42922573862597346 -0.37080961646271404 -0.063520922220271572 -0.024450946180966864 0.2015579250123766 -0.4725615976630031 -1.0527693411707879 1.5742542138099671 1.4178527351468801 -1.1162757112085819 -1.1826685483639057 1.6079876078026638 -0.34608122467994695 0.8362371277809143 -0.42065257134918987 0.81387421436477136 -0.45678003629048664 0.80515642986781355 0.28200243995303204 -0.11219697892665864 -0.057888256895372775 0.34498556982125006 0.88580332590000976 0.98579373539618731 0.35164904076120129 -1.2195615682638055
leaf_weight=21 34 21 34 50 64 147 23 57 90 37 20 25 32 20 26 28 20 20 156 57 24 69 21 38 2096 31 28 53 23 33
leaf_count=21 34 21 34 50 64 147 23 57 90 37 20 25 32 20 26 28 20 20 156 57 24 69 21 38 2096 31 28 53 23 33
internal_value=-5.16188e-10 0.270551 0.441402 0.636014 -0.0104185 -0.00206326 0.0847153 0.15664 0.111165 0.33695 0.0235999 0.6384 -0.0172631 0.239938 -0.0159986 0.462487 0.827691 -0.195386 -0.263706 0.186686 0.21037 0.479495 -0.400084 0.443446 -0.0459822 0.889934 0.372518 0.668238 -0.461224 -0.560145
internal_weight=3398 126 105 84 3272 3208 1078 931 855 310 152 158 545 223 160 133 76 322 302 132 134 93 41 95 2130 63 48 76 212 189
internal_count=3398 126 105 84 3272 3208 1078 931 855 310 152 158 545 223 160 133 76 322 302 132 134 93 41 95 2130 63 48 76 212 189
is_linear=0
shrinkage=0.05


Tree=29
num_leaves=31
num_cat=0
split_feature=21 21 18 19 2 18 16 15 21 17 17 0 1 11 20 16 16 18 22 21 17 13 2 0 10 19 21 17 18 16
split_gain=3567.56 5451.62 3937.31 12615.1 14219.6 12344.8 18101.5 9212.39 9734.27 9150.49 8699.4 8036.36 11066.2 13300 13008.3 12540.8 13300.2 10017.5 13341.9 10284.1 9780.79 11645.8 11262.8 10997.8 15615.5 11574 11010.3 10146.3 9656.75 9158.47
threshold=58.933068563743262 56.927098743844539 89.765319393212607 21.247769706650633 63.995018157682559 87.133470086829519 106.39446357476099 41.693040783592046 26.783686532970723 104.03274552981979 63.957302431167911 88.316448266189269 31.95561821471426 -2.0979259665199117 65.353812119436313 60.615554637277192 96.247191382682914 67.99584599689544 78.041948464420827 36.342697760603507 122.35553130305776 33.4235470593146 31.562139129117501 186.30489382472214 -1.3205574863196321 19.910266910085038 34.982377046827956 128.12910691636105 78.816078013478275 100.62837545037182
decision_type=2 2 2 2 2 2 2 2 2 2 2 2 2 2 2 2 2 2 2 2 2 2 2 2 2 2 2 2 2 2
left_child=1 2 5 4 7 11 9 -4 -9 -7 -6 12 15 -14 -15 -1 17 18 -17 -19 22 -22 -13 -24 -25 26 -26 -23 -27 -18
right_child=-2 -3 3 -5 10 6 -8 8 -10 -11 -12 20 13 14 -16 16 29 19 -20 -21 21 27 23 24 25 28 -28 -29 -30 -31
leaf_value=-0.38586762808055186 -0.58344671909625712 0.72571442212121429 -0.20607417033564662 -0.17359022532776891 -0.77122732226441548 0.46824110498968158 -0.41884143094758736 0.088238109317090779 1.0842492837410469 1.484918323904276 0.1303818859450229 1.0137786849055972 -1.6260364289283755 0.72768900394439706 -0.71862419523158172 0.58830559985339648 -1.1410615980625154 1.8406265507573669 -0.88926902034065947 0.47167983335607194 0.34783189949923998 -1.0237760035321117 0.22440665381879588 -0.50001665199893752 0.02375734249750773 0.071756514517421086 -1.4907752203941347 -0.19610895843785486 0.76620250651195876 -0.0099150009716258338
leaf_weight=179 26 26 31 836 41 53 37 36 77 38 77 35 25 22 53 50 20 23 22 34 73 48 736 153 30 198 20 162 67 170
leaf_count=179 26 26 31 836 41 53 37 36 77 38 77 35 25 22 53 50 20 23 22 34 73 48 736 153 30 198 20 162 67 170
internal_value=-9.76518e-10 0.0044987 -0.00110549 -0.078713 0.224025 0.0368007 0.513645 0.557469 0.766936 0.892788 -0.182889 0.00801008 -0.147296 -0.627288 -0.294372 -0.0509121 0.137041 0.52886 0.136824 1.02406 0.0690305 -0.196181 0.129607 0.103905 -0.0856025 0.115684 -0.582056 -0.38529 0.247333 -0.128983
internal_weight=3398 3372 3346 1098 262 2248 128 144 113 91 118 2120 598 100 75 498 319 129 72 57 1522 283 1239 1204 468 315 50 210 265 190
internal_count=3398 3372 3346 1098 262 2248 128 144 113 91 118 2120 598 100 75 498 319 129 72 57 1522 283 1239 1204 468 315 50 210 265 190
is_linear=0
shrinkage=0.05


Tree=30
num_leaves=31
num_cat=0
split_feature=14 17 4 10 14 20 17 17 17 0 1 13 4 3 8 1 4 16 1 15 1 22 20 11 18 0 18 9 19 1
split_gain=3530.38 5380.39 10238.4 7610.97 9204.69 7507.26 4384.71 4941.07 10104.7 26082.8 10714.8 11477.7 11468.3 14015 11984 10492.5 9635.27 8827.74 8701.68 8352.59 7591.06 8584.94 10443.4 7142.71 6983.11 12277.1 13885.6 11325.7 10780.2 9528.69
threshold=142.47887795614665 48.04503353361487 211.90951884202104 0.81097455550764597 146.83445490526017 86.644482139692485 148.3674714866788 101.06304571652402 122.35553130305776 50.099372711545676 30.883389198364561 92.512132932741864 282.05749342599034 2.1488911661898711 0.37940952255126054 24.352991335855169 334.12517467582995 146.80980450800126 33.455510459124092 81.233819220203216 24.595138830736143 80.51954548466874 70.146324586975837 -0.66616694150054823 88.012484303714203 122.49974900138614 91.150827410166215 -0.9159756150367534 41.051058100319757 24.800985404224583
decision_type=2 2 2 2 2 2 2 2 2 2 2 2 2 2 2 2 2 2 2 2 2 2 2 2 2 2 2 2 2 2
left_child=6 2 -2 4 -3 -5 7 17 9 -9 12 18 13 15 -14 -11 24 -1 -12 -18 21 22 -15 -22 27 -26 -27 -10 -28 -29
right_child=1 3 -4 5 -6 -7 -8 8 16 10 11 -13 14 20 -16 -17 19 -19 -20 -21 23 -23 -24 -25 25 26 28 29 -30 -31
leaf_value=-0.012492555218193589 0.028222323547710072 -0.87454696163535128 -1.5348721027374268 1.1143052577972412 0.28405131141344708 -0.1919086440043016 -0.66214048812786741 -0.8287474115689597 -0.80161082154512409 1.6860796532323286 -0.14558930993080141 -0.73141413590846927 1.6043815033002333 -0.45752772322067853 0.34390902085737751 0.30933501207828523 -1.4026553464972455 -0.73610284328460696 1.2199307225644589 -0.069256967802842462 1.3479879793666658 -0.5112096395472 0.82967201381921774 0.27884962292479692 0.76114401482045657 1.0705661364964076 0.0092695223396284544 -0.34198082058594148 -1.2360561833381654 0.2385115411235483
leaf_weight=2128 22 40 20 22 30 22 24 48 50 31 28 39 44 26 33 25 23 43 20 24 21 58 40 61 76 21 57 116 25 181
leaf_count=2128 22 40 20 22 30 22 24 48 50 31 28 39 44 26 33 25 23 43 20 24 21 58 40 61 76 21 57 116 25 181
internal_value=-3.08775e-10 -0.232334 -0.716108 -0.0541019 -0.378005 0.461198 0.0111796 0.0162012 0.105417 0.276201 0.400702 -0.0942878 0.527735 0.370078 1.06418 1.07146 -0.0358589 -0.0268248 0.423377 -0.721771 0.179411 -0.0674113 0.322593 0.552653 0.0254298 0.279083 -0.0766131 -0.105417 -0.370403 0.0117873
internal_weight=3398 156 42 114 70 44 3242 3218 1047 474 426 87 339 262 77 56 573 2171 48 47 206 124 66 82 526 179 103 347 82 297
internal_count=3398 156 42 114 70 44 3242 3218 1047 474 426 87 339 262 77 56 573 2171 48 47 206 124 66 82 526 179 103 347 82 297
is_linear=0
shrinkage=0.05


Tree=31
num_leaves=31
num_cat=0
split_feature=4 16 15 3 14 17 17 14 0 4 22 3 20 12 22 0 22 13 22 21 23 14 13 17 11 18 12 14 20 0
split_gain=3476.61 5141.06 4858.71 4458.61 8301.45 8542.98 11695.2 7960.63 13523.2 14425.3 12349.2 10944.8 10647.7 12015.9 10579.9 9918.74 9040.88 9033.67 8991.05 9622.7 9451.5 11874.2 11817.3 11651.5 11099 8994.52 8087.06 11003.3 9296.38 14943.8
threshold=353.96099755850804 88.977398273396105 11.238442564756813 3.5221690924942481 137.23657890065491 115.57044289429381 67.518791966533698 83.221571701878432 217.24732363653047 28.483066659757544 84.206519718882831 1.129076202035405 80.90027254385835 94.579506137203751 89.723517944918456 208.49558176767508 75.968639842963952 55.21250778171899 67.260902781756769 29.600417083526434 40.400997921851435 45.985246572584948 101.79208831639254 69.120729092336987 -0.48259399203381675 76.170771017343725 135.31595879884955 90.241101131008321 80.467157127546088 177.59391458170026
decision_type=2 2 2 2 2 2 2 2 2 2 2 2 2 2 2 2 2 2 2 2 2 2 2 2 2 2 2 2 2 2
left_child=2 -2 -1 7 -5 6 -6 8 9 17 26 -11 -12 -14 -15 18 -10 -4 -13 -20 23 22 -22 25 -25 -21 27 -9 29 -29
right_child=1 -3 3 4 5 -7 -8 10 16 11 12 15 13 14 -16 -17 -18 -19 19 20 21 -23 -24 24 -26 -27 -28 28 -30 -31
leaf_value=0.70148835110664365 -0.7612625022729238 0.13328370678013768 1.2697731223973363 0.078041068141888006 -0.57292952286079524 -0.97490470392836459 0.39462290533253408 1.0348354937032214 -0.33247074341332472 0.097362687967040326 0.42522195286867098 -1.1860965997657993 -0.95325210375445235 -0.49015767872333527 0.79790812492370611 -1.3225904772358557 0.78469897687435153 0.0083617554605007176 -0.82761542824538137 1.0750402560105197 0.55983385774824357 -1.0258315275499565 -0.73999832088456441 0.57222736712831723 -0.6375656359536308 -0.043084906680243361 -0.49270144894316392 0.22104087592400973 0.41871843536166442 -0.87117167737748891
leaf_weight=25 36 29 22 1858 64 36 61 43 27 110 41 33 70 44 25 31 55 40 76 37 36 61 34 26 70 35 37 103 188 45
leaf_count=25 36 29 22 1858 64 36 61 43 27 110 41 33 70 44 25 31 55 40 76 37 36 61 34 26 70 35 37 103 188 45
internal_value=3.39955e-10 -0.362157 0.00706277 0.0018147 0.0481963 -0.296224 -0.100764 -0.0708342 -0.186066 -0.266982 0.0631523 -0.348625 -0.282849 -0.491704 -0.0234672 -0.460376 0.41685 0.455959 -0.394865 -0.325236 -0.197541 -0.51589 -0.0715132 0.0506954 -0.309913 0.531507 0.212864 0.281745 0.185368 -0.111051
internal_weight=3398 65 3333 3308 2019 161 125 1289 693 611 596 549 180 139 69 439 82 62 408 375 299 131 70 168 96 72 416 379 336 148
internal_count=3398 65 3333 3308 2019 161 125 1289 693 611 596 549 180 139 69 439 82 62 408 375 299 131 70 168 96 72 416 379 336 148
is_linear=0
shrinkage=0.05


Tree=32
num_leaves=31
num_cat=0
split_feature=1 1 21 21 18 19 2 18 16 2 17 21 22 19 17 23 19 18 17 0 21 1 8 12 0 15 9 3 9 18
split_gain=3406.14 3696.98 4980.07 4798.92 3676.63 10024.5 11239.5 9087.07 14984.1 8566.82 8100.33 8061.79 8281.72 8187.84 7896.17 7370.93 7215.93 17077.4 10099.8 8836.74 10925.1 8110.06 11130.9 11802.4 11724.6 7738.2 7497.16 7303.39 7763 7244.33
threshold=34.874102459881584 34.612312951346986 58.933068563743262 56.927098743844539 89.765319393212607 21.247769706650633 63.995018157682559 87.133470086829519 106.39446357476099 51.686579195096279 63.957302431167911 27.946980840677462 93.411443618277261 32.359980428005059 104.03274552981979 31.345376272086877 37.16007554476294 98.372598237510445 83.481286587009507 170.5878759459969 45.331912962639734 28.573574117483002 0.12940952255126045 120.8303260723718 179.44489758041087 98.343032300069254 -0.12940952255126037 5.3907939208021007 -0.12940952255126037 109.59747246864016
decision_type=2 2 2 2 2 2 2 2 2 2 2 2 2 2 2 2 2 2 2 2 2 2 2 2 2 2 2 2 2 2
left_child=1 2 3 4 7 6 9 15 14 -6 -8 13 16 -7 -9 -1 17 18 -13 20 27 29 24 -24 -23 26 -21 28 -19 -18
right_child=-2 -3 -4 -5 5 11 10 8 -10 -11 -12 12 -14 -15 -16 -17 21 19 -20 25 -22 22 23 -25 -26 -27 -28 -29 -30 -31
leaf_value=0.90107059686080282 -0.57009440110279963 0.4883840648027567 -0.70431199884414675 0.68066090197266593 0.22457437243623041 0.019352155557849953 -0.73486528280304708 0.40903450147463727 -0.40777153505219355 1.0544431979727487 0.13713295389162869 -1.4419320100348214 -1.1914761080628349 1.1951908254623413 1.3723458362950218 0.00098229864369189161 0.18431358136409937 1.0554011316146963 -0.310370440103791 -0.86351847285809724 -0.64092046060623264 -0.31459656467904218 -0.56049417545718538 0.83067001680533092 -1.642968235566066 -1.3072148928642273 0.3997558457156023 -0.22774792125350551 -0.0031649067484099294 -0.63659506867329285
leaf_weight=23 26 39 25 26 96 57 41 52 36 46 76 49 21 20 36 2054 258 43 33 23 39 46 31 30 26 25 24 38 29 30
leaf_count=23 26 39 25 26 96 57 41 52 36 46 76 49 21 20 36 2054 258 43 33 23 39 46 31 30 26 25 24 38 29 30
internal_value=5.54532e-10 0.00439575 -0.00126748 0.00404573 -0.00131441 -0.0768276 0.194425 0.0357732 0.451568 0.493405 -0.168439 -0.162295 -0.212636 0.324765 0.803116 0.0109496 -0.184244 -0.37031 -0.986547 -0.141661 0.0781218 -0.0503297 -0.373262 0.123685 -0.794286 -0.596488 -0.218442 0.333055 0.629034 0.0988023
internal_weight=3398 3372 3333 3308 3282 1081 259 2201 124 142 117 822 745 77 88 2077 724 303 82 221 149 421 133 61 72 72 47 110 72 288
internal_count=3398 3372 3333 3308 3282 1081 259 2201 124 142 117 822 745 77 88 2077 724 303 82 221 149 421 133 61 72 72 47 110 72 288
is_linear=0
shrinkage=0.05


Tree=33
num_leaves=31
num_cat=0
split_feature=1 13 9 15 15 3 22 3 13 11 4 23 10 19 23 22 11 2 15 13 18 17 17 17 8 22 19 19 2 3
split_gain=3313.87 6291.15 5216.52 7949.58 8733.69 4011.21 9775.17 7399.15 8090.99 7284.36 6859.44 6839.4 6842.79 6591.99 6422.35 6410.34 11284.2 7929.83 11285.3 8846.18 13854.6 27177.3 11937.6 11378.8 8682.1 9555.99 8380.49 8128.61 7660.13 8475.87
threshold=15.672909029720781 43.217032490643923 0.78656609248549303 93.954649257461526 58.079119275300194 5.0453457710954952 73.159224559521832 7.036749725734377 66.976958112407047 -6.3017648622806233 138.56741681383127 31.345376272086877 -4.3755290208677318 4.8159783270615923 41.079175554738846 64.098083662725074 -1.7150134868979585 41.870443726706874 18.516249388623095 34.849526593551722 73.224053498209713 31.506980968784831 59.185770730001764 112.50608452017907 -0.70710678118654735 74.629829165909015 8.1214848828980788 54.568596553155565 44.110835211427776 2.9478660378149644
decision_type=2 2 2 2 2 2 2 2 2 2 2 2 2 2 2 2 2 2 2 2 2 2 2 2 2 2 2 2 2 2
left_child=1 -1 3 4 -3 11 7 -7 10 14 -9 -2 -13 -14 -8 16 -15 18 -17 20 21 -19 -23 24 -24 -26 -21 -22 29 -28
right_child=5 2 -4 -5 -6 6 9 8 -10 -11 -12 12 13 15 -16 17 -18 19 -20 26 27 22 23 -25 25 -27 28 -29 -30 -31
leaf_value=0.92814901316607445 0.70736157729707916 0.037954441209634149 -0.61189751516688951 -0.34134282681625339 1.4341937769026984 0.13244566546060652 -0.73626455351954601 -0.50807623624801634 1.1035950653757169 0.027143949897406067 0.70430955035345899 -0.7134023636579514 -0.85911837840080263 0.3537417069077492 0.15727190467839441 1.256133000617442 -0.99406503547321678 -1.59135798762242 0.11205269572686177 0.88138126134872441 1.4728676293577467 1.0765626364038325 -1.2872307139262558 0.55578087667624165 0.65602292084693914 -0.64864585930481555 -1.2694468779909995 0.32244986137923076 -0.12322575671643339 0.031541086378551665
leaf_weight=27 29 24 22 32 21 191 61 20 51 925 28 40 25 24 30 23 44 24 343 20 28 32 20 54 25 32 31 34 1117 21
leaf_count=27 29 24 22 32 21 191 61 20 51 925 28 40 25 24 30 23 44 24 343 20 28 32 20 54 25 32 31 34 1117 21
internal_value=-2.54113e-10 0.251621 0.0671137 0.261117 0.689533 -0.00968957 0.0582341 0.314275 0.665076 -0.0148483 0.199149 -0.0548108 -0.0662218 -0.0525754 -0.441692 -0.0418042 -0.518369 -0.0238406 0.183948 -0.0767271 0.194267 -0.0204873 0.210807 -0.000675889 -0.390918 -0.0764227 -0.133479 0.841993 -0.150841 -0.744048
internal_weight=3398 126 99 77 45 3272 1306 290 99 1016 48 1966 1937 1897 91 1872 68 1804 366 1438 249 187 163 131 77 57 1189 62 1169 52
internal_count=3398 126 99 77 45 3272 1306 290 99 1016 48 1966 1937 1897 91 1872 68 1804 366 1438 249 187 163 131 77 57 1189 62 1169 52
is_linear=0
shrinkage=0.05


Tree=34
num_leaves=31
num_cat=0
split_feature=1 1 21 21 23 23 13 10 18 23 13 14 16 15 20 8 17 0 15 15 21 2 0 21 15 21 1 16 4 17
split_gain=3014.16 3337.71 4489.54 4198.16 3474.08 5401.26 10815.8 11279 10776.5 7727.45 7499.56 7135.31 6987.52 6051.33 8622.25 5992.13 6064.98 5490.72 5053.51 8123.46 7185.07 6112.38 5024.11 11649.5 11701.6 13614.6 11037.6 10310.5 9805.59 9006.59
threshold=34.874102459881584 34.612312951346986 58.933068563743262 56.927098743844539 48.205696808052203 44.385134951492184 82.571425848834068 1.0777678154803294 81.010933374097391 44.189858859514935 33.4235470593146 42.701061085029934 31.506980968784831 14.569538903272067 74.756584281337481 -0.60355339059327362 106.17909530990437 121.39179130505688 122.15743978398577 25.636061059062943 41.596429285483566 52.613630050601188 186.30489382472214 30.998210775211625 128.7972151823158 37.502776092563018 32.895248511743709 50.002074900397268 3.7868482779300221 12.445104335328432
decision_type=2 2 2 2 2 2 2 2 2 2 2 2 2 2 2 2 2 2 2 2 2 2 2 2 2 2 2 2 2 2
left_child=1 2 3 4 5 9 7 12 11 13 -9 -8 -7 14 17 -14 -17 -1 19 -10 -21 -22 28 -24 25 -25 -27 -26 -15 -30
right_child=-2 -3 -4 -5 -6 6 8 10 18 -11 -12 -13 15 22 -16 16 -18 -19 -20 20 21 -23 23 24 27 26 -28 -29 29 -31
leaf_value=0.26765904330438184 -0.5362883627414704 0.46400589897082406 -0.66876873397827152 0.63664682622139279 0.59814911708235741 -0.33309314780765109 -1.6064598202705385 -1.0667947122028896 -0.79489728256508163 0.7161871060346946 0.12465793299674988 -0.40316730141639712 1.2420900020599366 1.0870805083350701 -0.42031260295347733 -0.0057788357138633733 1.0109825253486633 1.2165324601034324 -0.73388088407615826 -0.32055768255676542 0.0050250113010406501 1.2001971478047579 -0.47034452904693103 0.45519565868090439 -1.4519407052060833 -0.1930165392287736 0.67896236181259162 -0.22016737063343711 0.98826444850613682 0.013694122061517239
leaf_weight=31 26 39 25 26 24 27 28 28 27 39 25 22 25 22 22 44 22 30 36 35 20 23 176 166 23 316 41 65 24 1941
leaf_count=31 26 39 25 26 24 27 28 28 27 39 25 22 25 22 22 44 22 30 36 35 20 23 176 166 23 316 41 65 24 1941
internal_value=2.12795e-10 0.00413508 -0.00124594 0.00379882 -0.0012146 -0.00562981 -0.18772 0.101124 -0.446319 0.0171315 -0.504789 -1.07701 0.373272 0.0075889 0.428271 0.582853 0.333142 0.734318 -0.22267 -0.0473972 0.211353 0.644303 -0.00499821 -0.111918 -0.00867235 0.0810836 -0.0928733 -0.542108 0.03735 0.0255973
internal_weight=3398 3372 3333 3308 3282 3258 362 171 191 2896 53 50 118 2857 83 91 66 61 141 105 78 43 2774 787 611 523 357 88 1987 1965
internal_count=3398 3372 3333 3308 3282 3258 362 171 191 2896 53 50 118 2857 83 91 66 61 141 105 78 43 2774 787 611 523 357 88 1987 1965
is_linear=0
shrinkage=0.05


Tree=35
num_leaves=31
num_cat=0
split_feature=4 1 19 23 15 21 1 10 4 11 15 3 5 18 15 3 10 15 12 0 3 4 5 13 13 18 0 1 1 13
split_gain=3020.73 6662.78 7043.91 5576.45 4885.68 4627.51 16457.7 5573.41 4365.88 4862.34 4643.65 7285.01 16609 7027.26 11973.6 9785.47 17187.7 16212 10744.5 10362.9 8847.62 8647.61 8598.2 8453.23 9588.41 8320.46 9927.99 10629.1 9213.97 8651.08
threshold=347.76246209068535 21.598837582165363 34.513520951257249 39.707115879828862 11.238442564756813 18.870275222017128 26.503019515350207 -0.57095111404134957 345.10042536031739 -7.2719778150038312 54.040236055485856 7.7504025520651352 7.5000000000000009 68.22394790336925 46.397242436988513 5.3682783324259544 -3.5928580787298672 27.435464916961671 64.998731320646996 74.766764995190798 4.974274860127097 284.85112777103933 12.500000000000002 132.3292303444581 117.07389485312528 62.917326980061937 92.193631221553815 22.729014691421828 19.283184171800702 52.686016304004106
decision_type=2 2 2 2 2 2 2 2 2 2 2 2 2 2 2 2 2 2 2 2 2 2 2 2 2 2 2 2 2 2
left_child=4 2 -2 -3 -1 6 7 -6 9 -7 13 -12 -13 25 15 16 -15 19 -19 -17 -16 23 -21 24 -18 28 -27 -28 29 -11
right_child=1 3 -4 -5 5 8 -8 -9 -10 10 11 12 -14 14 20 17 21 18 -20 22 -22 -23 -24 -25 -26 26 27 -29 -30 -31
leaf_value=0.73556720821753796 -0.35621829499369084 -0.93664563317329463 0.89521584510803232 -0.12391416715539022 0.48889841166409581 -0.7050006790161133 -0.39329894201175586 1.6276888310909272 0.65289610242843632 0.13985463017225266 -0.029842647730707481 0.40232819433395683 -1.2377077817132598 -1.3605531837791205 0.81029865281922475 -1.0853343638880499 -0.28787211597596529 1.4733337985144723 0.30806774295665124 0.76756793618202213 -0.071063989897569027 0.43827616232183741 -0.48795463959376018 -0.86989464690076557 0.53935022036176783 -0.14850646376609802 2.0151466210683187 0.4892793169021607 0.29888302862953026 -1.2367347126915342
leaf_weight=23 23 39 22 46 22 25 37 21 25 25 2079 26 38 32 70 29 189 27 74 25 48 53 30 47 43 20 21 25 193 21
leaf_count=23 23 39 22 46 22 25 37 21 25 25 2079 26 38 32 70 29 189 27 74 25 48 53 30 47 43 20 21 25 193 21
internal_value=7.15485e-10 -0.236365 0.255594 -0.496814 0.00940254 0.00425561 0.379815 1.04505 -0.00523719 -0.0104771 -0.00490308 -0.0460174 -0.571443 0.0857429 -0.00516816 -0.103383 -0.253873 0.192718 0.619575 -0.320525 0.451778 -0.147205 0.0827374 -0.258426 -0.134551 0.284555 0.781514 1.18587 0.14732 -0.488588
internal_weight=3398 130 45 85 3268 3245 80 43 3165 3140 3115 2143 64 972 667 549 364 185 101 84 118 332 55 279 232 305 66 46 239 46
internal_count=3398 130 45 85 3268 3245 80 43 3165 3140 3115 2143 64 972 667 549 364 185 101 84 118 332 55 279 232 305 66 46 239 46
is_linear=0
shrinkage=0.05


Tree=36
num_leaves=31
num_cat=0
split_feature=3 14 17 17 2 2 13 3 23 13 12 16 21 10 23 18 21 21 19 16 16 18 11 12 3 0 0 11 11 22
split_gain=3000.69 7574.05 8564.74 10287.4 7435.44 10663.3 8451.69 9919.58 7934.65 8458.08 7674.57 7206.99 6902.17 6523.05 5806.35 7053.48 7933.34 6153.83 5778.98 17973.2 8983.78 10678.1 10527.6 11129 12284.8 9500.75 12627.7 13562.1 10771.6 13184.4
threshold=3.5221690924942481 137.23657890065491 115.57044289429381 67.518791966533698 80.542345678300748 78.392652134560407 138.92311713535875 0.96810808727253506 39.556500232673649 112.85651917622071 13.949326120542567 100.19299807185222 46.442289016793062 -1.2902104486222503 45.814108510011316 99.566681966516128 43.983869040859162 48.900250216246654 55.760231438786896 60.11746670769012 24.721701196198861 100.36756117624643 1.0813705836455598 136.30440440575612 2.4647585359642794 60.321286234071941 111.09751958894638 -1.9793779165480008 1.0813705836455598 80.51954548466874
decision_type=2 2 2 2 2 2 2 2 2 2 2 2 2 2 2 2 2 2 2 2 2 2 2 2 2 2 2 2 2 2
left_child=4 14 3 11 5 6 10 -8 9 -6 -1 -3 -5 -10 -2 16 -16 -18 20 -20 -12 25 23 24 -23 -22 -27 -28 -29 -30
right_child=1 2 -4 12 8 -7 7 -9 13 -11 18 -13 -14 -15 15 -17 17 -19 19 -21 21 22 -24 -25 -26 26 27 28 29 -31
leaf_value=-0.88446897680942826 0.046202103993344297 -0.88288066175248892 -0.95779030971430457 0.89797211039450875 -0.36000054179601476 -0.82922154529666414 0.3779990446567536 -0.91622516231186568 -0.23130471164529975 0.77867178803398496 0.36698326734148645 0.23888751012938367 -0.16589219947655998 0.7408582440018654 1.487690151279623 -0.32408995784141803 -0.32749937683343888 0.8296646522151101 -0.62175769444667939 0.79369297749229839 -0.63906012889884778 0.68412726568797277 1.0891574198199858 -0.83632540084697582 -0.68827593570405787 0.33226408911248051 -0.99747428174288777 0.051475341634565519 -0.93853279356270625 0.20990680518903232
leaf_weight=26 1813 45 37 31 73 49 20 57 22 21 110 21 30 80 22 22 20 27 33 70 105 63 31 27 22 120 53 237 73 38
leaf_count=26 1813 45 37 31 73 49 20 57 22 21 110 21 30 80 22 22 20 27 33 70 105 63 31 27 22 120 53 237 73 38
internal_value=8.48551e-11 0.0376807 -0.288359 -0.0933277 -0.0585893 -0.107739 -0.0751557 -0.580063 0.225776 -0.105616 -0.0365863 -0.525954 0.37476 0.531176 0.065764 0.455496 0.70406 0.337254 -0.0141373 0.340199 -0.055658 -0.116114 0.273714 0.0480104 0.328917 -0.205164 -0.117718 -0.252376 -0.138899 -0.545373
internal_weight=3398 2068 164 127 1330 1134 1085 77 196 94 1008 66 61 102 1904 91 69 47 982 103 879 769 143 112 85 626 521 401 348 111
internal_count=3398 2068 164 127 1330 1134 1085 77 196 94 1008 66 61 102 1904 91 69 47 982 103 879 769 143 112 85 626 521 401 348 111
is_linear=0
shrinkage=0.05


Tree=37
num_leaves=31
num_cat=0
split_feature=1 13 8 3 16 4 23 13 14 2 23 16 1 15 3 0 20 18 11 15 9 17 4 16 14 18 1 4 12 17
split_gain=2926.46 5686.63 4824.09 4615.92 4602.52 3550.54 4046.84 4024.95 4039.71 12229.8 13627.8 10825.9 8886.66 8319.84 7415.48 4989.96 10319.9 14593 11433.8 10019 9799.23 9668.76 7984.02 7847.9 7582.47 8634.5 8700.21 6864.98 7445.57 7618.96
threshold=15.672909029720781 43.217032490643923 0.60355339059327384 2.7035313369826586 64.495502789178246 353.96099755850804 40.993862818019977 148.56817022272594 18.516249388623095 48.506136649728155 39.776624342256007 37.035413048201562 22.929067380741053 55.183271689034946 4.9154947716149779 80.775776376795477 68.694065608889247 62.917326980061937 2.8027596975125717 65.21368733013918 0.60355339059327384 83.481286587009507 61.409311333363981 98.31206680625138 30.448087051757152 56.412754297690036 23.80287190521252 202.58338540016078 96.038785301347843 97.750206319770612
decision_type=2 2 2 2 2 2 2 2 2 2 2 2 2 2 2 2 2 2 2 2 2 2 2 2 2 2 2 2 2 2
left_child=1 -1 3 -3 -5 7 -7 8 9 14 12 -12 -11 -13 -2 16 18 -18 22 -19 27 -20 -10 -22 -24 -26 -27 28 -21 -30
right_child=5 2 -4 4 -6 6 -8 -9 15 10 11 13 -14 -15 -16 -17 17 19 21 20 23 -23 24 -25 25 26 -28 -29 29 -31
leaf_value=0.87965920545436715 -0.31467690666516623 0.4856365266442299 0.61682704229440011 0.055152935248154858 -0.89500564762949952 -0.69618903650687303 0.11873262882232667 0.67222736315293752 -0.46016074135189966 0.14334536647796634 1.3816849078450886 0.80824607312679297 -1.0837631974032977 -0.33879157679025518 -1.5710515295681748 0.045574734515658431 -0.881894623897445 -0.43049353806369278 0.14434250056743622 0.094840926129836592 -0.033661451073069323 -1.2545046057019915 1.270701816966457 -0.99348333583158599 -0.265343195550582 0.017081268131732941 1.2682325196988655 -0.074037155717889838 1.3168909959696435 0.1730223627916227
leaf_weight=27 24 20 28 26 25 39 25 22 21 25 21 25 36 43 23 2235 71 166 30 64 57 21 31 34 34 24 33 107 37 24
leaf_count=27 24 20 28 26 25 39 25 22 21 25 21 25 36 43 23 2235 71 166 30 64 57 21 31 34 34 24 33 107 37 24
internal_value=8.65242e-10 0.236457 0.0610376 -0.158147 -0.410611 -0.0091056 -0.37786 -0.0017489 -0.00640284 -0.22571 -0.00518896 0.389365 -0.58085 0.0829134 -0.929499 0.00805129 -0.103175 -0.21205 0.211103 -0.114793 0.0474558 -0.431653 0.440338 -0.392276 0.595342 0.365274 0.741432 0.219937 0.471579 0.866844
internal_weight=3398 126 99 71 51 3272 64 3208 3186 197 150 89 61 68 47 2989 754 560 194 489 323 51 143 91 122 91 57 232 125 61
internal_count=3398 126 99 71 51 3272 64 3208 3186 197 150 89 61 68 47 2989 754 560 194 489 323 51 143 91 122 91 57 232 125 61
is_linear=0
shrinkage=0.05


Tree=38
num_leaves=31
num_cat=0
split_feature=14 17 10 14 17 17 17 0 4 4 1 8 15 16 8 17 11 11 5 12 22 16 16 2 23 10 8 4 19 0
split_gain=2814.97 5854.4 7215.73 8304.56 3824.74 4231.11 8977.56 21984.2 8819.45 8727.52 8218.74 8756.9 7568.6 7488.12 6449.53 13173.8 10506 14616.5 12165.9 10269.5 7676.99 7030.97 8521.11 7022.87 6181.63 9645.31 8881.14 10536.5 8953.18 11420
threshold=143.01294040433177 48.04503353361487 0.81097455550764597 146.83445490526017 148.3674714866788 101.06304571652402 122.35553130305776 50.099372711545676 282.05749342599034 334.12517467582995 29.21518757698362 0.37940952255126054 81.233819220203216 146.80980450800126 0.12940952255126045 135.68041807841553 -0.78216905391238678 4.0307803585229829 16.500000000000004 112.39969970828646 78.147441189359185 74.408245268127828 124.65077318834145 63.667777848965521 36.427650051591606 5.5167218168272614 -0.70710678118654735 26.977660370441267 26.977418220353687 179.44489758041087
decision_type=2 2 2 2 2 2 2 2 2 2 2 2 2 2 2 2 2 2 2 2 2 2 2 2 2 2 2 2 2 2
left_child=4 -2 3 -3 5 13 7 -7 -9 14 11 -10 -11 24 15 16 18 -18 -8 -17 -16 -22 23 -23 25 26 -1 -28 -29 -30
right_child=1 2 -4 -5 -6 6 9 8 10 12 -12 -13 -14 -15 20 19 17 -19 -20 -21 21 22 -24 -25 -26 -27 27 28 29 -31
leaf_value=-0.68307000060876222 -0.74891870931575177 -0.85527844313118195 0.5145453333854676 0.27111047585805259 -0.61932788789272308 -0.75700598955154419 -0.61784008213064889 0.2483899688178843 1.56351391017437 -1.3093774259090425 0.068227334746292653 0.42236931192014238 -0.053673897186915079 -0.67881871489591383 -0.16666461195458065 -0.038757741509699357 -1.0371188114206475 0.46864268302917483 1.0860441944003105 0.96464414701742285 0.79058408021926885 -0.65633841335773468 0.92923954253395413 0.37709987682680929 0.028873187043995503 0.78464304345349478 0.80722059862954287 -0.54714478638611341 -0.19008941190411985 0.86209770124970064
leaf_weight=90 38 36 39 30 24 48 22 330 40 24 28 29 24 43 88 102 83 20 20 34 70 35 24 31 1729 24 28 114 118 33
leaf_count=90 38 36 39 30 24 48 22 330 40 24 28 29 24 43 88 102 83 20 20 34 70 35 24 31 1729 24 28 114 118 33
internal_value=-3.00802e-11 -0.217121 -0.0246613 -0.343283 0.00953866 0.0142099 0.0965572 0.257541 0.371589 -0.0359685 0.790718 1.0839 -0.681526 -0.0255466 0.0226076 -0.141406 -0.472963 -0.744738 0.193533 0.212093 0.208445 0.414756 0.122444 -0.170936 -0.0123955 -0.187711 -0.248642 -0.1152 -0.212664 0.0398588
internal_weight=3398 143 105 66 3255 3231 1052 475 427 577 97 69 48 2179 529 281 145 103 42 136 248 160 90 66 2136 407 383 293 265 151
internal_count=3398 143 105 66 3255 3231 1052 475 427 577 97 69 48 2179 529 281 145 103 42 136 248 160 90 66 2136 407 383 293 265 151
is_linear=0
shrinkage=0.05


Tree=39
num_leaves=31
num_cat=0
split_feature=10 10 17 19 17 13 14 17 17 23 1 14 13 22 12 19 22 16 16 0 2 8 22 0 21 1 21 16 16 6
split_gain=2726.11 11377.2 11019.5 7678.03 4771.78 4736.16 4058.8 5786.23 9071.13 5580.37 3741.2 3437.39 9850.52 10625 11421.1 9762.22 10961 7998.4 8395.54 11257.4 8272.94 8205.27 10024.3 7814.28 8274.78 8218.12 6998.77 6470.92 8415.92 11040.3
threshold=-6.1587860238858889 -6.9831062685763117 96.72832382592695 36.137861026516866 148.3674714866788 86.187721792127917 143.01294040433177 48.04503353361487 114.63599133119989 41.900241390578358 34.874102459881584 106.52480792958124 106.52480792958124 81.639989096128346 60.879337553711323 44.399066648867283 71.28633963747599 15.004261114134408 29.772025261057077 41.197865111616345 67.856137292391182 -0.60355339059327362 69.963058872656987 226.30813280408094 38.370289950765326 17.530102288665415 29.600417083526434 24.342232569508301 63.957302431167911 1.5000000000000002
decision_type=2 2 2 2 2 2 2 2 2 2 2 2 2 2 2 2 2 2 2 2 2 2 2 2 2 2 2 2 2 2
left_child=1 5 3 -3 6 -1 10 -8 9 -9 11 17 15 -14 -15 16 -13 20 19 -19 -2 26 -23 24 -17 -26 -21 -27 -29 -30
right_child=4 2 -4 -5 -6 -7 7 8 -10 -11 -12 12 13 14 -16 23 -18 18 -20 21 -22 22 -24 -25 25 27 -28 28 29 -31
leaf_value=-0.76406497210264213 -0.8538304325725351 0.75935949488328058 1.332873360956869 -0.44446782800886364 -0.71170682410399122 0.15793316203814289 -0.81619680143064921 0.606558891912786 -0.83031677907066692 -0.31916675523475369 -0.64222415252165366 -1.1328312407279837 0.70143090318888435 -0.70871586286359367 0.346720012587108 1.0618891467971188 -0.10989061605702673 -0.76675843099753072 -0.036289106695833205 0.69186895461309528 0.14420030713081361 -0.21726654858300179 0.75630585629689073 -0.64608111778895072 1.0124976286521326 0.88180332708926434 -0.39268795789456834 -0.65666370547953112 -0.6426583248376847 0.482080090045929
leaf_weight=30 56 26 31 27 24 26 36 41 28 27 22 29 120 36 89 31 270 24 1931 21 33 33 133 24 26 21 51 42 30 80
leaf_count=30 56 26 31 27 24 26 36 41 28 27 22 29 120 36 89 31 270 24 1931 21 33 33 133 24 26 21 51 42 30 80
internal_value=4.51272e-10 0.216044 0.584069 0.146089 -0.00928364 -0.335994 -0.00407085 -0.27561 -0.0728902 0.238991 0.00748401 0.0121248 0.101448 0.365372 0.0427545 -0.0154799 -0.209106 -0.019111 -0.000253271 0.265339 -0.483774 0.369416 0.562764 0.21245 0.302035 0.183666 -0.0763589 0.059102 -0.0545606 0.175333
internal_weight=3398 140 84 53 3258 56 3234 132 96 68 3102 3080 798 245 125 553 299 2282 2193 262 89 238 166 254 230 199 72 173 152 110
internal_count=3398 140 84 53 3258 56 3234 132 96 68 3102 3080 798 245 125 553 299 2282 2193 262 89 238 166 254 230 199 72 173 152 110
is_linear=0
shrinkage=0.05


Tree=40
num_leaves=31
num_cat=0
split_feature=22 3 16 12 13 16 3 17 22 1 8 0 12 11 23 13 11 17 23 15 16 21 23 17 9 2 13 11 23 4
split_gain=2804.24 9345.85 11049.9 13722 9902.08 10926.9 9608.89 7827.8 9040.52 19267.8 8942.07 7763.42 8099.7 7059.38 7684.46 13213.9 10861.2 9358.01 10783.2 8974.91 8364.43 9063.85 7106.41 6862.59 6548.56 5983.45 5839.57 5418.17 5610.84 5521.75
threshold=73.867487298310692 5.4251495367540485 42.466938973565284 56.261575695002421 81.280733893053494 22.126837489231722 3.5875232256410698 46.516021358822279 71.897175920845612 23.314560909123674 0.37940952255126054 195.23700085873705 40.118453823922117 3.8980553288456092 38.592037513304867 105.83333767769422 1.7470529548592511 100.60301596557044 44.385134951492184 58.611570987451536 98.568748705615278 46.74876009658886 41.079175554738846 73.491029052702586 -0.37940952255126015 68.893178821040422 61.332815865899896 -6.3017648622806233 41.079175554738846 9.4330654091646728
decision_type=2 2 2 2 2 2 2 2 2 2 2 2 2 2 2 2 2 2 2 2 2 2 2 2 2 2 2 2 2 2
left_child=1 2 3 25 6 -6 -5 -3 10 -10 11 12 -9 14 15 16 19 18 20 23 22 -22 -16 -4 -21 -1 -12 28 -2 -29
right_child=27 7 13 4 5 -7 -8 8 9 -11 26 -13 -14 -15 17 -17 -18 -19 -20 24 21 -23 -24 -25 -26 -27 -28 29 -30 -31
leaf_value=-1.2015992337172587 -0.67877418789707245 0.67249593079584291 0.8770468895251935 0.89431612913807246 0.29358459427243189 -1.2398702799127652 -0.34660538251583395 -0.49618149638175968 0.81135950883229579 -1.0848651295980891 0.35234519243240359 -0.7550416262253471 0.736171153485775 0.98310775973580111 1.1100846260021895 0.9056497107381406 -1.355372702330351 0.91729310238084139 -0.73500243686139588 -0.0080403352225268329 -0.61957456563648428 0.62157717496156695 0.11313783679947709 -0.29543629170705876 -1.0510454553453361 -0.27461449305216473 1.4128443887233735 -0.51741548399880244 0.17616435890751225 -0.0014302107446409059
leaf_weight=49 61 98 26 39 21 26 26 20 21 37 27 23 40 22 39 23 24 43 32 27 38 24 33 24 34 27 25 53 28 2388
leaf_count=49 61 98 26 39 21 26 26 20 21 37 27 23 40 22 39 23 24 43 32 27 38 24 33 24 34 27 25 53 28 2388
internal_value=8.80522e-10 0.0775472 -0.0389668 -0.353711 -0.00182823 -0.55471 0.397948 0.308573 0.123784 -0.398301 0.348087 0.0259911 0.325387 0.113146 0.0609959 -0.202145 -0.39088 0.259925 0.0896433 -0.182341 0.286574 -0.139129 0.653151 0.314255 -0.589387 -0.872276 0.862201 -0.0266051 -0.409805 -0.0126335
internal_weight=3398 868 577 188 112 47 65 291 193 58 135 83 60 389 367 158 135 209 166 111 134 62 72 50 61 76 52 2530 89 2441
internal_count=3398 868 577 188 112 47 65 291 193 58 135 83 60 389 367 158 135 209 166 111 134 62 72 50 61 76 52 2530 89 2441
is_linear=0
shrinkage=0.05


Tree=41
num_leaves=31
num_cat=0
split_feature=13 16 8 0 11 21 16 1 12 17 0 9 22 2 12 0 0 17 10 21 21 3 22 14 3 23 3 1 14 11
split_gain=2715.78 9309.76 5743.07 9516.28 6658.6 6234.36 6077.79 5129.87 3720.7 3386.58 7796.13 8628.18 12195.8 9737.51 7801.18 11402.2 7545.44 8627.14 10638.1 10578.5 9901.78 7213.94 8033.33 10161.5 7949 7823.46 9314.95 13159.4 11040.5 12384.7
threshold=19.055015499581817 26.648783975178592 0.25881904510252091 207.65898173210473 -1.3165380983603108 42.313619880816503 109.00705969218016 26.848474527675716 11.733111332631914 91.699879138573195 214.45915708218251 0.25881904510252057 82.111514836858987 40.595744894360372 105.86771223156985 237.59828376475909 143.99618256816871 109.63799829764612 1.7797529162187586 35.469298443053738 41.527248243159356 0.63582745085159353 74.081993962257982 63.794391967260928 5.0453457710954952 44.385134951492184 4.7258188617047354 22.929067380741053 52.682150242125594 -1.2212339253121463
decision_type=2 2 2 2 2 2 2 2 2 2 2 2 2 2 2 2 2 2 2 2 2 2 2 2 2 2 2 2 2 2
left_child=1 -1 3 4 -3 -6 7 -4 -2 21 16 13 -13 -12 15 -15 -11 18 19 -18 -21 -10 24 -24 25 26 27 28 -23 -30
right_child=8 2 6 -5 5 -7 -8 -9 9 10 11 12 -14 14 -16 -17 17 -19 -20 20 -22 22 23 -25 -26 -27 -28 -29 29 -31
leaf_value=-0.74117379844188691 -0.49723637501398726 -0.75438164645625705 1.3352466633915903 1.0474939566105606 -0.50385205447673798 0.51081869965646332 -0.051642971754074098 0.39422983101436071 0.66285331249237067 0.11157048913286596 0.97412862437112002 1.2162477998172536 0.07305581826110219 -1.245751914895814 0.50342255458235741 0.2449908629707668 -0.77556433249742562 -0.33033358470828678 0.81885003291425251 1.0227154465822073 -0.2306623525172472 1.1117900038653232 -0.32942928412549671 -0.031558458758157736 0.32681302227742148 -0.7774851872640498 -0.94158967163251794 -0.17648272777873059 1.0962083736062052 -0.43414189800238001
leaf_weight=25 39 31 30 20 24 41 25 28 35 648 21 51 43 29 24 23 39 268 42 26 40 47 427 869 225 34 23 162 20 39
leaf_count=25 39 31 30 20 24 41 25 28 35 648 21 51 43 29 24 23 39 268 42 26 40 47 427 869 225 34 23 162 20 39
internal_value=-7.23884e-10 0.168262 0.282512 0.0553032 -0.151403 0.136171 0.600057 0.880963 -0.0118748 -0.0058368 0.0578102 0.351921 0.693298 0.0211013 -0.242235 -0.586385 0.00496432 -0.161495 0.146318 -0.122694 0.263093 -0.0482681 -0.0617509 -0.1297 0.0983608 -0.0597985 0.024055 0.106927 0.540064 0.0846209
internal_weight=3398 224 199 116 96 65 83 58 3174 3135 1254 191 94 97 76 52 1063 415 147 105 66 1881 1846 1296 550 325 291 268 106 59
internal_count=3398 224 199 116 96 65 83 58 3174 3135 1254 191 94 97 76 52 1063 415 147 105 66 1881 1846 1296 550 325 291 268 106 59
is_linear=0
shrinkage=0.05


Tree=42
num_leaves=31
num_cat=0
split_feature=23 18 23 14 14 0 8 17 16 20 10 20 23 20 4 3 16 21 12 22 14 15 15 17 18 19 18 0 0 14
split_gain=2674.02 5131.79 3024.46 10344.8 11597.9 9075.69 8616.21 14641.7 10275 13985.9 8651.3 7429.03 6861.7 15862.3 12193.6 11754.6 6857.79 6747.15 6583.82 5581.94 7934.27 12202.3 13511.3 10358.5 9192.76 14080.7 12998.9 9325.15 8720.14 13309.4
threshold=31.345376272086877 84.202548926411296 36.931727232633968 16.010665463804607 61.298969853793231 87.072873729932823 -0.78656609248549303 32.480205474637998 72.613312348722147 73.035021913098475 -1.0492986086265075 69.748970672056132 37.478889211719093 86.187101098337465 256.85349383575311 3.1188788730907557 96.731762999498741 31.168216072413532 72.508949426388043 74.425085011410047 61.664762173837865 17.787451671796521 22.834455605907564 24.379672631238744 88.235475990118815 25.106689266442629 52.390916543865792 204.23809579593521 172.8967713038449 56.814961671904548
decision_type=2 2 2 2 2 2 2 2 2 2 2 2 2 2 2 2 2 2 2 2 2 2 2 2 2 2 2 2 2 2
left_child=1 -1 3 -2 5 17 16 -8 9 -9 -11 -10 13 14 15 -4 -6 -5 -17 -14 21 -21 -23 -24 26 -26 -22 -27 -25 -30
right_child=2 -3 12 4 6 -7 7 8 11 10 -12 -13 19 -15 -16 18 -18 -19 -20 20 24 22 23 28 25 27 -28 -29 29 -31
leaf_value=0.94917282376970569 -1.1920840796970187 -0.15620299322264536 -1.0818301885358748 0.41283572259403417 -1.0234064971025174 0.42707891216501592 -0.94567539109124077 1.1809848948104962 -1.0080045223236085 0.94662079274654387 -0.23067957481867829 -0.092047057815846184 0.1204649539558279 1.1581315841785698 0.78339080595307886 0.7737459602563278 -0.10186943727912326 -0.70926996437278955 -0.45076231559117635 0.7346192675478318 -0.68307765289777667 -1.4551793954335155 -0.88178129595518107 -0.27608525482858542 0.20650235172119236 -0.16104160979269977 0.24094530542410927 -0.76354965898725724 0.29063399210461371 -1.0738195395469665
leaf_weight=21 21 21 31 21 52 160 45 37 26 20 71 149 689 43 36 23 33 37 21 34 41 22 50 353 231 310 531 81 168 20
leaf_count=21 21 21 31 21 52 160 45 37 26 20 71 149 689 43 36 23 33 37 21 34 41 22 50 353 231 310 531 81 168 20
internal_value=3.17919e-10 0.396485 -0.00496197 -0.0998234 -0.0645892 0.23284 -0.214334 -0.104103 0.0208828 0.361333 0.0280678 -0.228132 0.0187887 0.342826 0.0269863 -0.336088 -0.665633 -0.30299 0.189322 -0.00093525 -0.0463697 -0.187379 -0.238517 -0.193227 0.0300397 -0.103004 0.174713 -0.285858 -0.12959 0.145479
internal_weight=3398 42 3356 672 651 218 433 348 303 128 91 175 2684 154 111 75 85 58 44 2530 1841 647 613 591 1194 622 572 391 541 188
internal_count=3398 42 3356 672 651 218 433 348 303 128 91 175 2684 154 111 75 85 58 44 2530 1841 647 613 591 1194 622 572 391 541 188
is_linear=0
shrinkage=0.05


Tree=43
num_leaves=31
num_cat=0
split_feature=23 23 2 8 0 15 4 1 23 12 0 14 18 15 16 19 16 23 12 15 10 6 5 14 22 8 23 0 6 13
split_gain=2507.4 9765.43 8676.44 8495 6486.45 3989.03 3988.36 5755.6 9458.39 7096.88 5754.44 3646.67 9197.37 9239.51 10559.2 7689.58 7557.2 12534.1 11203.8 11026.7 9951.19 9452.22 12885.8 12218.9 15882.5 12604.4 11637.8 8638.1 7680.99 7439.42
threshold=33.612881526718816 34.23702838303619 38.020546980854405 -0.70710678118654735 111.68458465457357 81.233819220203216 347.76246209068535 19.364281801388199 39.556500232673649 89.091434021094713 181.91533685119612 63.794391967260928 104.00657919388526 140.22632612911266 142.47887795614665 32.182445215006815 65.434826714865039 41.252117064010015 74.946288276326371 108.51881264922228 0.92677718939157738 2.5000000000000004 15.500000000000002 58.158871099991224 76.78345694668549 0.60355339059327384 41.228584750785181 145.8882754944876 1.0000000180025095e-35 19.676506446144355
decision_type=2 2 2 2 2 2 2 2 2 2 2 2 2 2 2 2 2 2 2 2 2 2 2 2 2 2 2 2 2 2
left_child=2 -2 -1 -4 -5 -6 11 -8 9 -9 -10 12 13 14 16 -16 17 -3 -19 20 27 22 23 24 25 -18 -24 -20 -26 -23
right_child=1 6 3 4 5 -7 7 8 10 -11 -12 -13 -14 -15 15 -17 21 18 19 -21 -22 29 26 -25 28 -27 -28 -29 -30 -31
leaf_value=-0.75697098609060054 -0.66347438331161235 -0.3122133704819432 -0.36076352079709373 1.1306494027376175 0.63435334885312677 -0.23471825641134514 0.40424446201324465 -0.35321500614285473 -0.39220916888652702 -1.6692610672542028 0.65094903886318212 0.057910910563410037 -1.0664325448599727 -0.54043190062400848 0.039945364594459534 -1.2344538170715857 1.1575907395945657 -0.25553237830891329 0.73793516915153579 -0.34137233843406045 0.069971480965614327 0.74274832554932302 1.2358772792986461 1.1187531902239873 0.1092395163141191 -0.27152735877920081 0.052513810295251109 2.1089151573181151 -0.87177414579211543 -0.094587561605540119
leaf_weight=20 56 294 30 36 31 23 25 20 39 21 20 1857 22 84 20 29 36 68 27 24 24 29 63 26 32 27 31 20 53 311
leaf_count=20 56 294 30 36 31 23 25 20 39 21 20 1857 22 84 20 29 36 68 27 24 24 29 63 26 32 27 31 20 53 311
internal_value=-7.80675e-10 -0.00890347 0.207196 0.367891 0.610776 0.264193 0.00254437 -0.274319 -0.44396 -1.02729 -0.0385962 0.0137917 -0.0533636 -0.0347597 0.00336998 -0.714291 0.0363891 -0.117239 0.234434 0.585147 0.898336 0.151863 0.373916 0.119088 -0.0565293 0.545112 0.845619 1.32133 -0.502451 -0.0231677
internal_weight=3398 3258 140 120 90 54 3202 125 100 41 59 3077 1220 1198 1114 49 1065 457 163 95 71 608 268 174 148 63 94 47 85 340
internal_count=3398 3258 140 120 90 54 3202 125 100 41 59 3077 1220 1198 1114 49 1065 457 163 95 71 608 268 174 148 63 94 47 85 340
is_linear=0
shrinkage=0.05


Tree=44
num_leaves=31
num_cat=0
split_feature=23 23 13 13 23 14 12 1 12 13 0 17 3 3 2 15 0 6 18 10 10 17 19 13 10 10 15 13 18 12
split_gain=2509.11 10520.6 7822.02 9369.32 7018.96 6919.31 6475.13 9725.7 9373.52 6978.41 6413.03 5795.58 5344.57 5897.6 5211.7 5189.94 8430.37 5246.17 7928.93 4986.93 6674.71 7741.31 9606.7 5694.93 4359.16 4350.3 10797.7 11014.1 6023.86 5506.7
threshold=45.814108510011316 44.385134951492184 142.0295877546524 82.571425848834068 44.189858859514935 126.58260430826508 99.367656582606102 26.848474527675716 136.82238461257802 87.588001559952033 67.228495850256095 94.463860024374597 2.5667944974399064 4.2927242432810919 57.76149430576519 15.08678485824395 186.30489382472214 4.5000000000000009 74.560121027134812 -6.9831062685763117 -6.1587860238858889 96.72832382592695 37.16007554476294 71.533646426508668 -0.93681680513379351 -4.7687591024952818 81.233819220203216 80.366124162855428 30.045263082275756 78.549713194088824
decision_type=2 2 2 2 2 2 2 2 2 2 2 2 2 2 2 2 2 2 2 2 2 2 2 2 2 2 2 2 2 2
left_child=1 4 3 10 15 6 7 9 24 -3 -2 14 -12 -14 -5 16 17 18 -1 23 21 22 -21 -17 -8 26 27 -22 -27 -28
right_child=2 5 -4 11 -6 -7 8 -9 -10 -11 12 -13 13 -15 -16 19 -18 -19 -20 20 25 -23 -24 -25 -26 28 29 -29 -30 -31
leaf_value=1.1451822587421963 -0.36699239015579227 -0.39521863209573849 1.1108659442234785 -1.2586965758885658 0.6804377442751175 -0.97768665684594047 1.0597564793768384 0.12947316807029505 -0.70872141381968623 -1.4251178959320332 -0.042567187771201137 0.17229552103413479 1.5896129804849626 0.48116037686665858 -0.21669325980890011 -1.1046024322509767 1.1544299993515015 -0.41794266025225318 -0.18517502738783759 0.88207213997840883 -0.47694581038243061 1.2146608531475067 -0.63203093572096392 -0.011560373122875507 0.13266040738672019 -0.64605394704001295 -0.15287174997907696 0.69972335671962693 0.014421488320944545 -0.98179290528390928
leaf_weight=21 20 38 20 21 39 36 21 42 23 29 20 36 20 30 28 22 25 30 24 20 37 24 22 26 32 35 33 43 2530 51
leaf_count=21 20 38 20 21 39 36 21 42 23 29 20 36 20 30 28 22 25 30 24 20 37 24 22 26 32 35 33 43 2530 51
internal_value=-5.1157e-11 -0.0106012 0.174132 0.067077 0.0140679 -0.343467 -0.220051 -0.467054 0.134203 -0.840996 0.422621 -0.309381 0.648225 0.924541 -0.663266 0.00523727 0.359271 0.094218 0.435658 -0.00721555 0.00146261 0.498312 0.0889705 -0.512538 0.5 -0.0105535 -0.260214 0.155514 0.00540915 -0.656145
internal_weight=3398 3203 195 175 2982 221 185 109 76 67 90 85 70 50 49 2943 100 75 45 2843 2795 66 42 48 53 2729 164 80 2565 84
internal_count=3398 3203 195 175 2982 221 185 109 76 67 90 85 70 50 49 2943 100 75 45 2843 2795 66 42 48 53 2729 164 80 2565 84
is_linear=0
shrinkage=0.05


Tree=45
num_leaves=31
num_cat=0
split_feature=2 18 2 21 20 18 19 14 2 21 14 5 6 18 5 19 17 1 13 8 12 5 0 11 12 16 0 15 10 22
split_gain=2500.3 3749.24 2991.18 10170.9 10242.9 9691.71 6833.05 5672.14 4253.29 10168.4 9459.29 8506.27 10010.1 10090.1 8143.55 7905.58 7620.21 6626.71 9253.16 8084.56 6745.35 10853.2 8293.55 7507.83 7710.21 8987.36 7434.59 7493.78 9553.13 10310.9
threshold=30.711573643183716 77.87976764182504 33.565554877934439 41.702936052482805 98.193587924639317 60.176271236081071 38.726572211696471 90.241101131008321 40.804583742333584 21.661287309936686 133.84371407731365 9.5000000000000018 3.5000000000000004 69.009120887549344 17.500000000000004 42.022258685864152 91.699879138573195 15.730240808791697 43.217032490643923 0.60355339059327384 114.47474430205278 5.5000000000000009 198.2903716080713 6.6254760247680045 96.95038194104599 31.506980968784831 39.340758663745596 72.720435004107657 3.3766708219996917 77.008341129689214
decision_type=2 2 2 2 2 2 2 2 2 2 2 2 2 2 2 2 2 2 2 2 2 2 2 2 2 2 2 2 2 2
left_child=1 -1 3 4 5 -2 -5 -7 9 -4 11 -11 13 14 -13 -15 -14 18 -10 -20 23 22 -22 24 -19 -26 -27 -28 29 -29
right_child=2 -3 8 6 -6 7 -8 -9 17 10 -12 12 16 15 -16 -17 -18 20 19 -21 21 -23 -24 -25 25 26 27 28 -30 -31
leaf_value=-0.1120756098628044 -0.47023785872892898 0.83381304632533682 1.1764244639355204 -0.028106271303617036 -0.77921726976831751 1.265140588794436 -1.0504885238679973 0.21762514213720957 1.2557296359020731 -0.3185112852176637 0.71019658371806149 0.4391775146678642 -0.62207893237471579 0.54315034879578483 1.719490445178488 -0.48486810019239784 0.33985194604311675 -0.049348626017236885 -0.1523652142744798 0.95652854578061541 -0.4499852771063646 0.23087957598270964 0.41530245666702587 0.53494807402698363 0.38725401132534715 0.43438933206641156 -0.79741832765525789 0.52608113234693354 0.70533348863775081 -0.68839424385743986
leaf_weight=20 22 22 23 26 24 28 44 24 23 131 54 27 50 45 23 32 35 1675 65 22 120 471 36 49 39 23 116 22 22 85
leaf_count=20 22 22 23 26 24 28 44 24 23 131 54 27 50 45 23 32 35 1675 65 22 120 471 36 49 39 23 116 22 22 85
internal_value=-1.68381e-10 0.38339 -0.00479809 -0.210427 0.118372 0.409483 -0.670747 0.781672 0.00603808 0.154301 0.0950846 -0.00175524 0.193976 0.475056 1.02812 0.115922 -0.22599 -0.0164584 0.363833 0.128045 -0.0321966 0.111159 -0.250303 -0.0764528 -0.0915681 -0.321919 -0.425119 -0.505808 -0.243584 -0.438689
internal_weight=3398 42 3356 168 98 74 70 52 3188 420 397 343 212 127 50 77 85 2768 110 87 2658 627 156 2031 1982 307 268 245 129 107
internal_count=3398 42 3356 168 98 74 70 52 3188 420 397 343 212 127 50 77 85 2768 110 87 2658 627 156 2031 1982 307 268 245 129 107
is_linear=0
shrinkage=0.05


Tree=46
num_leaves=31
num_cat=0
split_feature=11 2 20 11 15 11 18 0 12 17 2 19 20 20 19 9 12 21 1 21 0 0 19 21 21 13 19 12 12 0
split_gain=2435.18 2879.01 3814.83 2996.71 11247 9043.05 11453.3 8528.35 4242.13 3897.17 3292.48 7916.8 10267.5 7140.16 7286.26 8818.44 5321.03 4103.41 11589.4 5684.58 11059.5 13779.8 10969.1 10132.8 11661.1 7982.22 10050 13697.8 13594.6 8476.74
threshold=-7.5172983863066527 30.711573643183716 74.957944836201918 -5.7057013829297043 97.864829284903067 -6.0043802436320419 68.470904876961455 130.9494932380139 11.238442564756813 70.662625730348637 34.110182373991101 50.378948701808504 98.193587924639317 84.216160931233631 33.148532578413771 0.25881904510252057 52.102681942434259 18.870275222017128 26.503019515350207 31.348690995603988 188.64674593965694 230.41746707466069 20.16266425012974 30.543269444640114 29.952938950661505 84.442706858604154 26.03052164306138 85.33467682693373 47.823225388116334 81.39391406627098
decision_type=2 2 2 2 2 2 2 2 2 2 2 2 2 2 2 2 2 2 2 2 2 2 2 2 2 2 2 2 2 2
left_child=-1 2 -2 4 5 6 -3 -6 -5 -8 11 12 13 14 16 -16 -10 18 -12 20 23 22 -22 24 25 26 27 28 -19 -27
right_child=1 3 -4 8 7 -7 9 -9 10 -11 17 -13 -14 -15 15 -17 -18 19 -20 -21 21 -23 -24 -25 -26 29 -28 -29 -30 -31
leaf_value=-0.46436551298413964 -0.050386871610369005 0.97433225091765918 0.91449636206030849 -0.64824298024177551 0.34948979723453522 1.3625646325963316 0.29142107326876032 -0.8670296090490679 -1.1370328032970429 -0.59108804957620031 0.91138741665108258 -0.86643769346378952 -0.92404931187629702 0.80809508316339029 1.0468427590701892 -0.38871652483940128 -0.010182389346036045 -0.37446611838208305 -0.32391083819024707 0.030155893352778046 -0.19601469364017249 0.27749790904161181 -1.2614348406674434 -0.76347216673013651 1.1307813581079245 -0.2487721579043933 -0.65609030082255981 -0.95380951285362237 0.88951820914561941 0.53474900019214011
leaf_weight=28 21 34 20 26 25 24 22 34 20 29 43 37 27 31 23 20 22 36 34 2330 40 38 61 41 24 53 79 25 52 99
leaf_count=28 21 34 20 26 25 24 22 34 20 29 43 37 27 31 23 20 22 36 34 2330 40 38 61 41 24 53 79 25 52 99
internal_value=-6.14781e-10 0.00385823 0.420288 -0.00127052 0.204505 0.505491 0.263494 -0.351555 -0.012207 -0.210398 -0.00693207 -0.214546 -0.0458741 0.158529 -0.0783719 0.379141 -0.546778 0.00571443 0.365931 -0.00392305 -0.148821 -0.534124 -0.839486 -0.0178743 0.065195 -0.00914819 -0.223449 0.0790171 0.372434 0.261548
internal_weight=3398 3370 41 3329 168 109 85 59 3161 51 3135 180 143 116 85 43 42 2955 77 2878 548 139 101 409 368 344 192 113 88 152
internal_count=3398 3370 41 3329 168 109 85 59 3161 51 3135 180 143 116 85 43 42 2955 77 2878 548 139 101 409 368 344 192 113 88 152
is_linear=0
shrinkage=0.05


Tree=47
num_leaves=31
num_cat=0
split_feature=18 14 16 23 2 2 17 1 20 3 3 3 14 21 16 18 19 14 0 4 23 9 22 14 0 1 4 14 9 0
split_gain=2309.95 3194.57 7956.04 6897.05 9220.47 9749.59 7566.13 6494.45 5710.9 4426.78 6021.76 11474 9316.61 10078.7 9983.67 11245.7 8187 7724.26 12126.8 11725.4 8488.42 8315.05 8277.45 8080.91 7329.89 10438.6 8414.48 8101.74 9949.12 9134.81
threshold=131.09044239716633 137.23657890065491 140.7376399029155 37.088543608734547 41.870443726706874 37.480666969291143 120.57118922536687 21.954328227364538 85.813100223214775 3.5221690924942481 1.4632107668130252 1.3915415962670818 16.640440502546795 47.584941125430909 115.09036779653484 89.303610633826949 51.828180080470432 77.591732431035055 177.59391458170026 115.43388839320562 43.793065681051011 -0.9159756150367534 81.558262281460046 41.72853958950828 217.24732363653047 26.117509540090143 34.656393733586718 50.69206862324716 0.37940952255126048 170.05927389376225
decision_type=2 2 2 2 2 2 2 2 2 2 2 2 2 2 2 2 2 2 2 2 2 2 2 2 2 2 2 2 2 2
left_child=1 9 3 -3 5 -5 7 8 -6 10 11 12 -1 14 16 -16 -14 20 21 -20 24 -19 -21 -22 26 -26 -12 29 -29 -28
right_child=-2 2 -4 4 6 -7 -8 -9 -10 -11 17 -13 13 -15 15 -17 -18 18 19 22 23 -23 -24 -25 25 -27 27 28 -30 -31
leaf_value=-1.0381804433465003 0.46947910390221159 -1.0388418126106262 0.7851198542118073 -0.15305739243825278 0.95858261585235605 1.2516243071783157 -0.99645590918404714 -0.40861115291200839 -0.23629186123609547 0.058137501710824546 0.50367076396942145 0.93541320659018856 -0.29652073323281847 0.76886794858508645 1.0288446190953255 -0.3401984482382735 0.68053625325361899 -0.49018851121266682 -1.0919823679327967 0.4351166980607169 -0.33393641887484371 0.32823913911316133 -0.61433110903291144 -1.4715829885081837 1.2581615030765534 -0.32013839022679763 0.096281309597543441 -0.33060877483882267 -1.2362483112708382 -0.71253591595838472
leaf_weight=20 26 25 20 30 20 21 35 87 20 1897 32 37 201 45 40 24 24 36 40 42 37 225 34 27 20 22 128 89 46 48
leaf_count=20 26 25 20 30 20 21 35 87 20 1897 32 37 201 45 40 24 24 36 40 42 37 225 34 27 20 22 128 89 46 48
internal_value=-3.12423e-10 -0.00361995 -0.172696 -0.253185 -0.160971 0.425341 -0.345551 -0.166168 0.361145 0.0103883 -0.0640409 0.0976137 0.0100471 0.0728152 -0.0355667 0.515453 -0.192301 -0.140563 0.0263007 -0.399066 -0.280668 0.215353 -0.0343731 -0.813881 -0.19203 0.431433 -0.268373 -0.347811 -0.639197 -0.124305
internal_weight=3398 3372 258 238 213 51 162 127 40 3114 1217 391 354 334 289 64 225 826 377 116 449 261 76 64 385 42 343 311 135 176
internal_count=3398 3372 258 238 213 51 162 127 40 3114 1217 391 354 334 289 64 225 826 377 116 449 261 76 64 385 42 343 311 135 176
is_linear=0
shrinkage=0.05


Tree=48
num_leaves=31
num_cat=0
split_feature=23 23 13 21 13 20 5 14 23 12 1 12 13 13 15 0 19 13 10 10 22 13 10 10 23 23 10 12 17 16
split_gain=2332.26 9439.4 6968.51 8670.04 6370.27 7926.46 9028.87 6276.75 6252.94 5722.06 8692.06 8506.51 6187.34 4876.51 4438.07 7512.88 4640.55 4710.01 4395.95 6047.27 7152.81 5108.93 4194.51 11130.3 8094.77 9409.46 10170.1 7380.07 11588.8 8318.09
threshold=45.814108510011316 44.385134951492184 142.0295877546524 42.099205352499446 103.88407799983329 83.471982062229557 8.5000000000000018 126.58260430826508 44.189858859514935 99.367656582606102 26.848474527675716 136.82238461257802 87.588001559952033 74.204157295782778 15.08678485824395 186.30489382472214 29.961725741000066 71.121913049391495 -6.9831062685763117 -6.1587860238858889 80.889910979559801 71.533646426508668 1.2357458416233917 1.2889713109921102 43.936479198352892 43.218245116653229 -2.9362614800658347 19.055015499581817 66.07669204002606 28.361214812147569
decision_type=2 2 2 2 2 2 2 2 2 2 2 2 2 2 2 2 2 2 2 2 2 2 2 2 2 2 2 2 2 2
left_child=1 8 3 13 5 6 -5 9 14 10 12 -11 -3 -2 15 16 -1 -18 21 20 -20 -16 24 -24 25 27 -27 28 -21 -29
right_child=2 7 -4 4 -6 -7 -8 -9 -10 11 -12 -13 -14 -15 18 -17 17 -19 19 22 -22 -23 23 -25 -26 26 -28 29 -30 -31
leaf_value=-0.38658151386245604 1.2004710522564976 -0.37393089062289192 1.052035291325301 -0.30704992810885112 -0.61108791806289686 -0.60797198873299818 0.95208710091454651 -0.92957325975100202 0.64210380697861702 0.47351345549214563 0.12376857371557326 -0.67795144786005446 -1.3437002290939464 0.14771363010460681 -1.0419171365824613 1.0828415193557739 0.95349622312046245 -0.082202941438426158 0.041267041059640741 0.99061305610145023 1.0999502332122237 -0.0066378022615726177 1.1579927428908972 0.045385767064103341 -0.88592461758646479 -0.28217827717463179 0.85517130232693861 0.20497783325156391 -0.10377466173495276 -0.14438951378395168
leaf_weight=31 22 38 20 24 46 26 35 36 39 53 42 23 29 22 22 25 21 23 39 41 27 26 23 991 29 30 57 196 59 1303
leaf_count=31 22 38 20 24 46 26 35 36 39 53 42 23 29 22 22 25 21 23 39 41 27 26 23 991 29 30 57 196 59 1303
internal_value=-5.2441e-10 -0.0102208 0.167884 0.0668377 -0.137126 0.119372 0.439896 -0.325519 0.0131463 -0.207973 -0.440169 0.125044 -0.793682 0.674092 0.00481154 0.332198 0.081983 0.412108 -0.00670398 0.00144377 0.474365 -0.481141 -0.00999367 0.0706224 -0.0576582 -0.0434116 0.462982 -0.070964 0.344924 -0.0987084
internal_weight=3398 3203 195 175 131 85 59 221 2982 185 109 76 67 44 2943 100 75 44 2843 2795 66 48 2729 1014 1715 1686 87 1599 100 1499
internal_count=3398 3203 195 175 131 85 59 221 2982 185 109 76 67 44 2943 100 75 44 2843 2795 66 48 2729 1014 1715 1686 87 1599 100 1499
is_linear=0
shrinkage=0.05


Tree=49
num_leaves=31
num_cat=0
split_feature=23 23 2 23 20 8 4 4 11 1 23 0 0 15 0 17 23 17 14 22 5 18 4 20 6 15 10 17 0 0
split_gain=2359.1 8576.15 7713.44 8024.91 6851.9 9679.15 3542.17 3518.66 5255.46 7822.97 5333.38 3498.79 4236.29 10165.5 7431.5 7895.98 7878.62 8123.2 7286.88 12381 13781.2 10461.8 12061.6 8388.81 8227.15 8102.69 14697.7 12268.7 8567.11 11153.8
threshold=33.612881526718816 34.23702838303619 38.020546980854405 33.210696112923785 83.774026955230156 0.12940952255126045 136.35887091720267 347.76246209068535 -6.8506532883726869 21.954328227364538 39.707115879828862 246.89113769280888 218.94200893551314 16.716512097749952 185.3476620765546 21.549396674823814 45.99490383709341 29.301230206303433 63.794391967260928 74.76771099475954 1.5000000000000002 52.390916543865792 138.56741681383127 55.450888722883818 4.5000000000000009 27.435464916961671 -2.675158080058432 102.07722343045744 80.775776376795477 71.040770388615798
decision_type=2 2 2 2 2 2 2 2 2 2 2 2 2 2 2 2 2 2 2 2 2 2 2 2 2 2 2 2 2 2
left_child=2 6 -1 4 5 -4 -2 11 -9 -10 -11 12 14 -14 18 -16 17 -17 19 20 -3 22 -20 -23 -22 26 -25 -28 29 -27
right_child=1 7 3 -5 -6 -7 -8 8 9 10 -12 -13 13 -15 15 16 -18 -19 21 -21 24 23 -24 25 -26 28 27 -29 -30 -31
leaf_value=-0.70811175763607026 -1.1164098392833364 1.3756534587253224 -0.055883171813828604 1.1495507774353029 -0.40087383356359274 1.2478087678551675 -0.30217873121009159 0.44354199116880244 0.16211160484113193 -1.2616066030093602 -0.34697110910673401 -0.47062601656527137 1.2203788399696351 0.11155788222414971 -0.82793767285901443 0.69145641326904306 0.85157053619623191 -0.22124041870422184 0.27428037219426854 -0.22668908838561533 0.25817420900757637 0.87728271222597842 -1.2901919144771197 -1.0412870064741229 -0.31058569011749121 0.083104613926205731 -0.34550496026452993 0.80500459014563952 0.25965361233764878 -0.65748905392984547
leaf_weight=20 22 22 35 25 36 24 34 22 38 28 37 37 22 342 43 26 20 391 22 531 201 37 28 41 93 333 62 37 729 60
leaf_count=20 22 22 35 25 36 24 34 22 38 28 37 37 22 342 43 26 20 391 22 531 201 37 28 41 93 333 62 37 729 60
internal_value=-1.11945e-09 -0.00863615 0.200976 0.35249 0.142737 0.474432 -0.622055 0.00209198 -0.257958 -0.407793 -0.740968 0.0126562 0.0185383 0.178575 -0.00323046 -0.181452 -0.117839 -0.164334 0.0357251 -0.0792196 0.168585 0.107896 -0.601824 0.135214 0.0782604 0.113457 -0.245206 0.0844835 0.15821 -0.0299631
internal_weight=3398 3258 140 120 95 59 56 3202 125 103 65 3077 3040 364 2676 480 437 417 2196 847 316 1349 50 1299 294 1262 140 99 1122 393
internal_count=3398 3258 140 120 95 59 56 3202 125 103 65 3077 3040 364 2676 480 437 417 2196 847 316 1349 50 1299 294 1262 140 99 1122 393
is_linear=0
shrinkage=0.05


Tree=50
num_leaves=31
num_cat=0
split_feature=23 18 3 20 3 20 17 20 14 16 20 22 1 8 2 16 16 2 2 3 3 3 3 2 4 22 15 20 3 14
split_gain=2317.53 4056.54 2641.41 7148.07 7702.66 8512.02 8926.11 6567.19 6543.9 7232.4 9658.98 6310.73 6552.42 6163.56 10856.8 6024.46 7801.93 5953.5 11257.5 6566.05 8540.03 8765.78 6721.03 5851.96 6623.54 8299.87 6450.48 7639.47 6335.34 9150.56
threshold=31.345376272086877 84.202548926411296 5.0453457710954952 71.340350494520365 5.1225331425394645 76.896939920241934 16.02399570119216 52.317370092083742 104.314473945129 121.18069041776015 72.89478521781605 71.897175920845612 24.881244545310569 -0.70710678118654735 64.148801626386657 22.655478432312563 30.263394934747129 66.712693668883574 78.392652134560407 6.6083382840591396 6.7987327217732121 7.483530872800908 5.6559055521898856 79.439078305574483 121.67094306585396 81.493683885658371 131.63688227029607 91.57738555844027 7.1473956936775966 72.840429601928051
decision_type=2 2 2 2 2 2 2 2 2 2 2 2 2 2 2 2 2 2 2 2 2 2 2 2 2 2 2 2 2 2
left_child=1 -1 -2 7 -5 8 -7 -4 9 10 -6 12 -8 -12 -15 -9 -17 19 -19 22 -21 -22 -18 26 -25 -26 28 -28 -13 -30
right_child=2 -3 3 4 5 6 11 15 -10 -11 13 23 -14 14 -16 16 17 18 -20 20 21 -23 -24 24 25 -27 27 -29 29 -31
leaf_value=0.86049836930774504 -0.040828993997713253 -0.12227508936609542 -0.20784275763994686 0.85152417520682011 -1.2798377741466869 0.91024698602656517 -0.0015269617239634197 -0.32490612506866456 0.19240727299138119 -1.2814395095463154 -0.81886010354473493 0.21797968235773013 1.0945006146430971 0.80618329155108626 -0.61031323273976645 1.2975364486376444 0.18656100203593573 -0.376108956295583 0.53910217443333264 -0.69226249115807681 1.0189547846200211 -0.092288318441973799 1.1057321760108916 -1.029591962794463 0.34351558644324542 -0.70296511848767596 0.18078376524723494 -0.72420082729438262 -0.79729777262654422 0.10325175276616726
leaf_weight=21 2014 21 77 24 22 27 30 35 38 27 21 296 25 31 24 21 30 72 63 21 35 36 59 30 40 36 39 58 43 82
leaf_count=21 2014 21 77 24 22 27 30 35 38 27 21 296 25 31 24 21 30 72 63 21 35 36 59 30 40 36 39 58 43 82
internal_value=2.33845e-10 0.369112 -0.00461939 0.049722 -0.0321029 -0.0565069 0.0186845 0.212461 -0.382182 -0.556858 -0.357228 -0.0167679 0.496667 -0.0901565 0.188076 0.299459 0.364304 0.302285 0.0509896 0.489716 0.193517 0.455508 0.795899 -0.0620227 -0.400508 -0.152186 0.00724275 -0.360341 0.0919355 -0.206537
internal_weight=3398 42 3356 1342 893 869 706 449 163 125 98 679 55 76 55 372 337 316 135 181 92 71 89 624 106 76 518 97 421 125
internal_count=3398 42 3356 1342 893 869 706 449 163 125 98 679 55 76 55 372 337 316 135 181 92 71 89 624 106 76 518 97 421 125
is_linear=0
shrinkage=0.05


Tree=51
num_leaves=31
num_cat=0
split_feature=16 21 11 16 19 23 20 21 3 13 18 15 9 12 9 21 3 0 2 22 23 23 2 14 22 5 20 3 16 11
split_gain=2285.05 9978.1 9657.4 10029.3 8793.37 9467.44 11921.4 11340.4 11293.1 12248.8 10642.6 8815.09 7729.51 7696.09 7611.88 7436.08 7946.93 7335.87 7177.78 7131.79 7009.07 7673.27 7864.73 6860.19 8131.05 7633.87 6774.72 6701.23 6672.31 6464.4
threshold=58.766802542413778 45.331912962639734 -0.93358934473315269 54.33839173000036 19.259580842138689 40.677756898089228 87.692639667101346 31.46061045684451 3.5463297247861512 99.349332125415913 86.262544341303723 77.526574105853271 -0.70710678118654757 134.38986420792185 -0.9159756150367534 24.154178243724385 6.0168126530266646 113.01285031860661 44.597427655603049 66.103478590960989 35.61771603121305 37.7290272447284 61.441275449542502 47.833893237461147 77.603878906202809 15.500000000000002 76.896939920241934 5.8603801739430077 24.342232569508301 1.1853517619031633
decision_type=2 2 2 2 2 2 2 2 2 2 2 2 2 2 2 2 2 2 2 2 2 2 2 2 2 2 2 2 2 2
left_child=1 2 3 12 15 6 10 -8 9 -7 17 -12 14 20 -1 -4 29 -6 -10 -3 -14 -22 26 27 -25 -26 -23 28 -21 -17
right_child=-2 19 4 -5 5 8 7 -9 18 -11 11 -13 13 -15 -16 16 -18 -19 -20 23 21 22 -24 24 25 -27 -28 -29 -30 -31
leaf_value=0.22093496322631836 0.030373952045795613 -1.1091028919219972 -1.2595499057769777 -0.53263609151582469 -0.55692974169185205 0.31557755607825061 0.14311895555368179 -1.1158355397295279 -0.09251794360932851 -1.0135784772726206 1.3594978054364524 -0.010319675699524258 -0.63965302661613188 1.1387361949682235 1.2926811908547944 -0.12454240560531615 0.4280226286914614 0.11896293349564076 0.974875813143121 -0.96630072355270391 0.84514475541237077 -0.11040446264990444 -0.28855300553433305 -0.080333582146300209 -1.0064810428930366 0.082272260103906911 0.9164814713514513 0.64500212669372559 0.11427944658696652 -1.2131834864616395
leaf_weight=30 2194 25 25 37 69 52 27 53 21 26 24 23 27 20 37 30 27 96 63 20 39 29 77 90 69 21 36 36 50 25
leaf_count=30 2194 25 25 37 69 52 27 53 21 26 24 23 27 20 37 30 27 96 63 20 39 29 77 90 69 21 36 36 50 25
internal_value=5.00634e-10 -0.0553492 0.0295953 0.243336 -0.0968964 -0.000794924 -0.170864 -0.690938 0.305749 -0.127474 0.025391 0.689162 0.340661 0.20192 0.812795 -0.504654 -0.274503 -0.163683 0.708027 -0.299257 0.111842 0.223943 0.0533311 -0.228467 -0.416386 -0.752439 0.458332 0.0906418 -0.194458 -0.619379
internal_weight=3398 1204 893 332 561 454 292 80 162 78 212 47 295 228 67 107 82 165 84 311 208 181 142 286 180 90 65 106 70 55
internal_count=3398 1204 893 332 561 454 292 80 162 78 212 47 295 228 67 107 82 165 84 311 208 181 142 286 180 90 65 106 70 55
is_linear=0
shrinkage=0.05


Tree=52
num_leaves=31
num_cat=0
split_feature=13 16 8 13 3 15 19 14 1 12 17 22 2 0 3 22 9 6 0 5 3 0 17 16 14 5 13 11 14 2
split_gain=2235.01 8068.8 4983.68 8043.02 6154.07 5917.27 5563.76 6227.62 3899.72 3088.38 2991.22 6798.98 6980.57 7465.74 10828.2 9218.44 8685.87 8536.02 7253.24 6974.24 6474.02 6773.69 9344.14 12053.4 12722.7 8936.58 10841.2 9808.5 8878.68 7644.31
threshold=19.055015499581817 26.648783975178592 0.25881904510252091 13.949326120542567 2.7035313369826586 96.772013735650049 57.876739509995197 86.562848804270899 26.432462772577509 11.733111332631914 91.699879138573195 64.098083662725074 88.138509365591958 213.28818797005383 1.7681657529000538 81.558262281460046 0.25881904510252057 1.5000000000000002 143.99618256816871 10.500000000000002 0.63582745085159353 208.49558176767508 75.456155655497199 72.613312348722147 30.973443235761511 5.5000000000000009 104.314473945129 -3.5287463694917611 49.877982612191211 67.517341368437286
decision_type=2 2 2 2 2 2 2 2 2 2 2 2 2 2 2 2 2 2 2 2 2 2 2 2 2 2 2 2 2 2
left_child=1 -1 3 4 -3 -5 7 8 -4 -2 20 -12 13 18 -15 16 19 -17 -13 -16 -11 22 -22 24 -24 26 -23 29 -26 -27
right_child=9 2 6 5 -6 -7 -8 -9 -10 10 11 12 -14 14 15 17 -18 -19 -20 -21 21 25 23 -25 28 27 -28 -29 -30 -31
leaf_value=-0.69401252436637884 -0.45297206854208921 0.27035065264928909 0.89332418775355282 0.90886186398565771 -0.82456700548981177 -0.068579774498939525 -0.17174392342567446 1.4885006813775927 -0.071359765529632566 0.62851636477879114 -0.7617533493638039 0.14455698695637395 -0.5870845155838208 1.2015838420752323 0.76304702108556577 -0.90023685331855496 1.0786466022817101 0.22681299348672235 -0.13252913894591395 -0.42658587949616572 0.049446760021483169 -1.1649569240212441 -0.99947338267836894 -0.56063872280313909 1.2461298942565919 0.99041106739351825 0.12784965385993322 -0.27450375797952847 0.089122164495212527 -0.2451108503909338
leaf_weight=25 39 21 22 32 33 30 20 21 20 35 25 611 39 33 22 28 41 42 385 28 1208 50 23 159 20 31 24 213 97 21
leaf_count=25 39 21 22 32 33 30 20 21 20 35 25 611 39 33 22 28 41 42 385 28 1208 50 23 159 20 31 24 213 97 21
internal_value=5.6592e-10 0.152643 0.259007 0.0473521 -0.398766 0.435906 0.554814 0.785467 0.433951 -0.0107726 -0.00527151 0.054545 0.0711499 0.0927223 0.376489 0.207371 0.539199 -0.224007 0.0374504 0.0968526 -0.0451492 -0.0579218 -0.0124952 -0.262749 0.0755683 -0.259862 -0.745668 -0.124203 0.286901 0.49145
internal_weight=3398 224 199 116 54 62 83 63 42 3174 3135 1254 1229 1190 194 161 91 70 996 50 1881 1846 1507 299 140 339 74 265 117 52
internal_count=3398 224 199 116 54 62 83 63 42 3174 3135 1254 1229 1190 194 161 91 70 996 50 1881 1846 1507 299 140 339 74 265 117 52
is_linear=0
shrinkage=0.05


Tree=53
num_leaves=31
num_cat=0
split_feature=11 2 20 2 0 10 2 20 22 3 12 22 21 6 19 16 23 19 17 9 22 18 12 17 0 1 4 2 17 18
split_gain=2238.5 2559.92 3343.55 2575.23 10386.4 6228.44 7299.02 5822.91 8592.07 4104.14 8916.18 8106.69 5552.17 5607.65 8859.08 5677.31 6593.63 6122.45 6915.29 5312.77 5198.25 10300.5 8273.06 10046.1 8051.68 9192.89 12378.2 6987.54 6925.27 7556.86
threshold=-7.5172983863066527 30.711573643183716 74.957944836201918 34.110182373991101 223.64633422783371 -1.0492986086265075 32.494685677134967 98.406227098693222 79.21758230839437 6.9257512035191446 38.312788750483946 88.233197604679972 25.88127062896783 4.5000000000000009 32.482100790326967 55.830818641912153 41.316048211950125 22.870658401441862 68.516715938433407 -0.12940952255126037 86.691798978661055 58.004962445295654 109.42710069705664 47.542029524513509 81.39391406627098 32.537921073942471 314.71320615168128 35.529453100056898 93.663365494446495 91.439398267927302
decision_type=2 2 2 2 2 2 2 2 2 2 2 2 2 2 2 2 2 2 2 2 2 2 2 2 2 2 2 2 2 2
left_child=-1 2 -2 4 5 6 -3 8 -7 20 19 12 -12 15 -15 16 -14 -17 -19 -11 27 -22 24 -24 -23 26 28 -5 -26 -30
right_child=1 3 -4 9 -6 7 -8 -9 -10 10 11 -13 13 14 -16 17 -18 18 -20 -21 21 22 23 -25 25 -27 -28 -29 29 -31
leaf_value=-0.44521804867046222 -0.044269440003803805 -1.2336623481728815 0.85904915332794196 0.48604987420019558 0.71374260101999554 -0.28119002580642699 -0.10102896904945374 -0.87503017805051064 0.75807726025581368 0.20841944686004094 0.79731042296798149 -0.70107911956660895 -0.58372546857045526 -1.0929485902786256 0.063728184967624904 1.0781542561054231 0.3776395245064651 -0.21507658474512545 0.57991094284896127 0.94853188917040832 1.1816269887530286 -0.66163597270554186 -0.53578370167658884 0.53883601243334611 -0.73106065719173507 0.98485922657925151 0.98987256017598235 -0.056324419988521252 0.55230387037291251 -0.55691717948232389
leaf_weight=28 21 33 20 61 28 59 25 20 30 49 27 34 42 25 49 25 31 51 59 48 23 51 26 133 52 23 22 2241 34 28
leaf_count=28 21 33 20 61 28 59 25 20 30 49 27 34 42 25 49 25 31 51 59 48 23 51 26 133 52 23 22 2241 34 28
internal_value=-6.09115e-10 0.00369914 0.396374 -0.00113704 -0.177437 -0.326857 -0.745458 -0.104115 0.0691248 0.0098325 0.151413 0.0317193 0.112351 0.0467696 -0.327041 0.17976 -0.175475 0.37185 0.211326 0.574661 -0.0132913 0.155019 0.0910294 0.363112 -0.114976 0.0603676 -0.0959802 -0.0419522 -0.305531 0.0513653
internal_weight=3398 3370 41 3329 195 167 58 109 89 3134 440 343 309 282 74 208 73 135 110 97 2694 392 369 159 210 159 136 2302 114 62
internal_count=3398 3370 41 3329 195 167 58 109 89 3134 440 343 309 282 74 208 73 135 110 97 2694 392 369 159 210 159 136 2302 114 62
is_linear=0
shrinkage=0.05


Tree=54
num_leaves=31
num_cat=0
split_feature=4 16 21 1 10 4 14 14 20 4 2 23 12 0 14 15 12 12 18 9 10 17 22 17 23 23 13 2 12 3
split_gain=2195.62 3849.79 2858.12 13040 4248.3 2924.99 5687.48 9643.94 6360.93 5614.62 10041 5317.39 5215.03 4717.75 4654.57 3303.74 8235.98 13163.7 11428.7 8919.83 8065.93 14864.2 11731 11294.8 7052.14 6581.39 10917 10086 10428.8 8069.67
threshold=353.96099755850804 88.977398273396105 18.870275222017128 26.503019515350207 -0.57095111404134957 13.245539054340847 42.701061085029934 86.562848804270899 74.957944836201918 26.977660370441267 52.613630050601188 39.58922085018046 62.342582568918004 134.44312787202418 67.286018961476046 55.550391430365359 95.002106949584331 104.37551140125491 79.011944593220122 0.1294095225512602 -5.483980408080269 133.66922506609686 87.529158015256243 143.84137942081136 34.051795222551682 41.572409849744297 132.3292303444581 73.385072492345884 134.91438860535879 2.6707227264877669
decision_type=2 2 2 2 2 2 2 2 2 2 2 2 2 2 2 2 2 2 2 2 2 2 2 2 2 2 2 2 2 2
left_child=2 -2 3 4 -1 6 11 8 -8 10 12 -4 -7 -9 -12 16 20 18 -18 -20 -11 22 24 -23 -22 27 -27 28 29 -19
right_child=1 -3 5 -5 -6 9 7 13 -10 15 14 -13 -14 -15 -16 -17 17 25 19 -21 21 23 -24 -25 -26 26 -28 -29 -30 -31
leaf_value=0.40981185436248779 -0.63317065238952641 0.14092530710943815 -1.1979907984534899 -0.37586334112443426 1.404051064877283 1.5086269531931196 1.0948234801707062 0.060353840440511709 -0.081106270655341775 0.7927418389618397 0.49678792715072628 -0.094103025514632468 0.42970619897047685 -0.96109058358348332 -0.37290633082389835 -0.041110831264176487 0.15877307522296907 0.51306888139055618 -1.8159629383087159 -0.4664701029658318 0.96420839268427627 -1.1005208925157786 1.2550047191289755 0.3099474375898188 0.11692560345279242 0.60337286705362625 -0.56428043922552706 0.36656462105493698 -1.2045575449543615 -0.4749442685034968
leaf_weight=22 36 29 24 38 21 21 23 20 23 50 25 20 24 26 40 2025 25 31 25 24 26 40 26 22 443 87 26 63 31 62
leaf_count=22 36 29 24 38 21 21 23 20 23 50 25 20 24 26 40 2025 25 31 25 24 26 40 26 22 443 87 26 63 31 62
internal_value=2.38597e-10 -0.287805 0.00561275 0.298989 0.895371 -0.00169459 -0.228674 -0.00506285 0.506859 0.00821207 0.359069 -0.696224 0.933203 -0.516984 -0.0384085 -0.004627 0.0706837 -0.113882 -0.711149 -1.15499 0.184403 0.129795 0.221207 -0.600032 0.163897 0.0334434 0.334709 -0.148605 -0.410344 -0.145607
internal_weight=3398 65 3333 81 43 3252 136 92 46 3116 110 44 45 46 65 3006 981 374 74 49 607 557 495 62 469 300 113 187 124 93
internal_count=3398 65 3333 81 43 3252 136 92 46 3116 110 44 45 46 65 3006 981 374 74 49 607 557 495 62 469 300 113 187 124 93
is_linear=0
shrinkage=0.05


Tree=55
num_leaves=31
num_cat=0
split_feature=1 1 21 21 2 2 14 14 17 3 12 12 8 19 13 2 16 12 0 18 20 8 16 23 12 10 16 14 13 1
split_gain=2181.99 2515.12 3249.93 3112.87 2866.75 8442.38 8002.67 6511.49 8162.67 8084.66 8326.23 7120.85 11530.5 7936.53 7051.98 6140.01 9505.49 12517.2 7718.05 7856.42 7193.25 6216.81 9360.72 8419.51 7823.63 9054.9 9044.93 9899.71 9456.21 8804.35
threshold=34.874102459881584 34.612312951346986 58.933068563743262 56.927098743844539 44.779371260898166 44.391379585495919 19.055015499581817 28.487106036837627 68.516715938433407 7.5756087995413059 132.3292303444581 103.14003741444337 -0.78656609248549303 23.827267300270353 108.59297139445228 48.004990766852153 98.568748705615278 56.261575695002421 93.099931244243663 88.012484303714203 78.202414618105692 1.0000000180025095e-35 29.772025261057077 39.979348296686901 24.42760658036487 -6.0150895446492862 85.515929710387312 30.973443235761511 126.58260430826508 17.079307657115447
decision_type=2 2 2 2 2 2 2 2 2 2 2 2 2 2 2 2 2 2 2 2 2 2 2 2 2 2 2 2 2 2
left_child=1 2 3 4 5 6 -1 14 11 10 -10 12 -9 -13 -8 16 18 -18 -6 20 -20 23 -23 24 -17 -26 27 -27 -28 -29
right_child=-2 -3 -4 -5 15 -7 7 8 9 -11 -12 13 -14 -15 -16 21 17 -19 19 -21 -22 22 -24 -25 25 26 28 29 -30 -31
leaf_value=-0.58342108713819629 -0.45629117798346741 0.40271856845953524 -0.56909253692626949 0.54808100497779944 0.627758916723542 0.9485456401068304 0.89420040199097173 0.36324435497852087 0.35299552264194639 -0.54288961326374729 -0.38873509681502055 1.0839955270290376 -0.5307927373700565 -0.029594533629715442 -0.22678233385086061 0.32065007821206126 0.10415088176727294 -1.3089290062586467 -0.17759204467137657 0.39116656250423859 -1.4017625385522843 0.43495682954408565 0.018895152311117408 0.060463594044315519 0.67904361262917523 -1.1774570068587429 -0.22598465316981639 0.62758951187133794 0.62117506717092907 -0.46791973286245137
leaf_weight=47 26 39 25 26 32 27 47 47 315 34 43 20 155 80 20 62 25 42 30 27 20 157 973 517 24 46 212 20 39 221
leaf_count=47 26 39 25 26 32 27 47 47 315 34 43 20 155 80 20 62 25 42 30 27 20 157 973 517 24 46 212 20 39 221
internal_value=-3.17014e-10 0.00351826 -0.00115285 0.00313932 -0.00117771 0.0788184 0.0497558 0.0888613 0.0434174 0.193928 0.263905 -0.151947 -0.322774 0.193123 0.559579 -0.0284751 -0.31298 -0.78166 -0.024892 -0.296124 -0.66726 -0.00642632 0.076702 -0.0887532 -0.212383 -0.271187 -0.313577 -0.505301 -0.0943543 -0.377006
internal_weight=3398 3372 3333 3308 3282 835 808 761 694 392 358 302 202 100 67 2447 176 67 109 77 50 2271 1130 1141 624 562 538 287 251 241
internal_count=3398 3372 3333 3308 3282 835 808 761 694 392 358 302 202 100 67 2447 176 67 109 77 50 2271 1130 1141 624 562 538 287 251 241
is_linear=0
shrinkage=0.05


Tree=56
num_leaves=31
num_cat=0
split_feature=23 18 23 14 14 0 22 19 20 12 17 5 20 20 20 0 12 19 16 16 15 23 21 15 1 18 12 3 0 19
split_gain=2089.88 3668 2588.21 7918.1 9937.44 7828.74 7725.59 12124.7 10807.1 9345.43 10856 7654.4 7370.4 9894.58 7266.03 11094.5 6744.28 6731.95 7796.56 8726.6 7042.48 5927.24 10157.6 13025.7 11084.6 7420.64 6601.06 5855.73 5803.5 8819.84
threshold=31.345376272086877 84.202548926411296 36.931727232633968 16.010665463804607 61.298969853793231 140.04453903753853 79.365173526287009 45.621745688274949 76.689554382766389 93.25329873189925 67.9657107676246 13.500000000000002 67.110230968560174 76.977251125304079 92.685509201422832 123.26880990382914 54.724720434813555 47.373462974334139 65.434826714865039 48.247472476492042 66.39112821131539 38.060003377471233 42.313619880816503 33.403128473015684 31.614882586214922 68.22394790336925 80.393303651438885 6.9729762528563475 185.3476620765546 21.624923184370122
decision_type=2 2 2 2 2 2 2 2 2 2 2 2 2 2 2 2 2 2 2 2 2 2 2 2 2 2 2 2 2 2
left_child=1 -1 3 -2 5 12 17 8 -8 10 -10 -12 16 -14 -11 -16 -5 18 19 20 -6 22 24 -24 28 -25 -26 -7 -4 -30
right_child=2 -3 21 4 6 27 7 -9 9 14 11 -13 13 -15 15 -17 -18 -19 -20 -21 -22 -23 23 25 26 -27 -28 -29 29 -31
leaf_value=0.8177753266834078 -1.0477417968568348 -0.11674810818263465 0.345352952146814 -0.23807010537102108 0.09281237799188366 0.68810344463988637 0.76248584123367957 -1.0952197725574175 -1.1125678731542494 0.86048563925878097 0.46700564750603268 -0.65347830763569581 -1.1586507977158935 0.10020478770539568 0.72867018232742953 -0.71362404187520356 1.0012702599815702 0.32307704345633592 -0.9045169339122543 0.69487143807113183 -1.1082907144839946 -0.011846965431107272 -0.43462167410623459 0.26756160830458009 -0.13682520477860063 1.3481625763659784 -1.3353001204133035 -0.2401192653746832 0.60744343400001533 -0.69578911549336198
leaf_weight=21 21 21 168 21 23 89 47 24 36 34 35 27 27 37 24 30 23 24 83 20 26 2320 21 24 27 47 20 21 20 37
leaf_count=21 21 21 168 21 23 89 47 24 36 34 35 27 27 37 24 30 23 24 83 20 26 2320 21 24 27 47 20 21 20 37
internal_value=2.22816e-09 0.350514 -0.00438664 -0.0921404 -0.0613146 0.214002 -0.199927 -0.0251507 0.085071 -0.0861037 -0.421951 -0.020947 -0.0883912 -0.430875 0.287908 -0.0726044 0.409767 -0.455139 -0.578015 -0.185267 -0.544508 0.0175845 0.20517 0.659327 0.0515577 0.982889 -0.646815 0.510897 0.19744 -0.238515
internal_weight=3398 42 3356 672 651 218 433 257 233 186 98 62 108 64 88 54 44 176 152 69 49 2684 364 92 272 71 47 110 225 57
internal_count=3398 42 3356 672 651 218 433 257 233 186 98 62 108 64 88 54 44 176 152 69 49 2684 364 92 272 71 47 110 225 57
is_linear=0
shrinkage=0.05


Tree=57
num_leaves=31
num_cat=0
split_feature=18 14 16 2 4 17 20 0 2 3 11 22 2 9 10 19 10 5 16 16 4 9 3 3 12 0 3 0 17 4
split_gain=2063.25 2667.33 6877.2 13694 12260.6 10282 9796.32 7034.61 5456.2 3538.78 5641.95 8429.78 5449.36 7169.11 10466.4 5400.29 8922.72 9841.81 6959.71 7153.37 17131.5 7589.49 7540.43 8969.2 7775.5 8508.96 21737.3 12322.6 11455.7 8768.05
threshold=131.09044239716633 137.23657890065491 49.122376753497143 58.389833081014423 146.5740003143442 121.95420168850117 85.423779868827481 157.98886325002368 52.944217233411464 3.5221690924942481 2.7001977983504424 75.386610579281864 82.778750319561524 0.78656609248549303 1.0777678154803294 55.760231438786896 -1.2902104486222503 8.5000000000000018 24.721701196198861 40.470606568582348 259.85444983502651 -0.37940952255126015 3.2370109145774992 2.9478660378149644 134.91438860535879 215.68821421109325 1.7876657822175002 133.53647206386813 122.35553130305776 316.0694891973273
decision_type=2 2 2 2 2 2 2 2 2 2 2 2 2 2 2 2 2 2 2 2 2 2 2 2 2 2 2 2 2 2
left_child=1 9 8 4 -4 6 -5 -6 -3 10 12 -12 15 14 -14 18 -17 -18 -1 20 21 -20 23 24 25 27 -27 29 -29 -21
right_child=-2 2 3 5 7 -7 -8 -9 -10 -11 11 -13 13 -15 -16 16 17 -19 19 22 -22 -23 -24 -25 -26 26 -28 28 -30 -31
leaf_value=0.25627811748002255 0.44370220922506776 -1.074753749947394 1.1146159661121857 0.38932132931744179 -0.55239943305651351 -1.3872938769204277 -0.7410044451554616 0.65819686293601998 -0.19099518716335298 0.052071234026141215 -1.36929851770401 -0.10110583689651992 -0.25004912465810775 0.96487675781907711 0.87498295512692692 -0.6138257991522551 -0.18305184090923932 0.86940980070623874 -0.29863950271498074 0.20135753025802283 0.31245589603980384 -1.4450243211927869 -0.62978044937527367 0.57961859954338457 -0.82360907445351283 1.120113987248877 -0.5471311369363 -0.25219692835927676 -1.1978916929318355 -0.70960732489824307
leaf_weight=112 26 31 39 41 30 21 36 20 40 1897 20 38 72 29 29 24 36 58 22 221 36 42 63 51 36 46 34 179 39 30
leaf_count=112 26 31 39 41 30 21 36 20 40 1897 20 38 72 29 29 24 36 58 22 221 36 42 63 51 36 46 34 179 39 30
internal_value=-6.94627e-10 -0.00342119 -0.157916 0.00114877 0.450135 -0.406604 -0.139143 -0.0681609 -0.576862 0.00937896 -0.0571677 -0.538414 -0.0330846 0.271941 0.0729799 -0.0716204 0.246645 0.466339 -0.112845 -0.164587 -0.560127 -1.05095 -0.108 -0.0563142 -0.111754 -0.0650755 0.411535 -0.146374 -0.421381 0.0924773
internal_weight=3398 3372 258 187 89 98 77 50 71 3114 1217 58 1159 130 101 1029 118 94 911 799 100 64 699 636 585 549 80 469 218 251
internal_count=3398 3372 258 187 89 98 77 50 71 3114 1217 58 1159 130 101 1029 118 94 911 799 100 64 699 636 585 549 80 469 218 251
is_linear=0
shrinkage=0.05


Tree=58
num_leaves=31
num_cat=0
split_feature=16 14 2 16 17 19 10 4 17 17 4 14 0 3 14 5 20 3 2 11 11 10 6 0 22 23 3 22 4 3
split_gain=2092.15 7547.55 6253.78 4946.39 4200.32 3170.97 3136.7 3076.92 8249.09 9851.07 5702.22 7873.9 6492.18 5101.25 4866.11 4665.76 4238.37 3898.62 6065.74 5747.69 6183.02 5344.32 6907.55 7179.51 4572.13 6040.71 6031.15 4298.71 4664.31 4640.79
threshold=15.004261114134408 112.85651917622071 67.856137292391182 16.010665463804607 71.595364908819988 4.0717699163529675 7.183079745877003 13.245539054340847 79.360796356425439 46.516021358822279 26.977660370441267 87.122081886259323 94.023182616810189 4.7465240991892683 52.829497934436233 7.5000000000000009 74.006369716010852 7.2579871242097207 34.62606785368498 -6.3017648622806233 -5.8913476298262184 -6.9831062685763117 1.5000000000000002 96.111398522833568 64.098083662725074 40.096585488485765 4.1809618309660097 65.034838425050395 30.941151816772081 7.1696404304322572
decision_type=2 2 2 2 2 2 2 2 2 2 2 2 2 2 2 2 2 2 2 2 2 2 2 2 2 2 2 2 2 2
left_child=1 2 4 -2 -1 -5 7 8 9 -7 11 12 -9 -13 -14 -10 -17 19 -19 -12 -21 -20 23 -23 25 26 -22 -26 -29 -30
right_child=3 -3 -4 5 -6 6 -8 10 15 -11 17 13 14 -15 -16 16 -18 18 21 20 24 22 -24 -25 27 -27 -28 28 29 -31
leaf_value=-1.1970626432162066 0.66941086564745222 0.54107981302120078 0.10147471569086378 -0.54797326736152174 -0.35807495270456591 -0.1092323989296953 -0.58855366862633018 -0.034800070822238925 -0.37381084630122552 -1.386463919052711 -0.64683206285749162 0.37929537296295168 0.52999576433845197 -0.7364772385358811 1.5585136465404346 1.0052479264140128 -0.00045055774125185881 -0.53355730542769797 -0.29008511946433119 0.73719396506037027 -1.0181148870571242 1.6005640441179274 0.18701940417910617 0.42474915514121192 0.66878452350695927 0.38895326455434165 -0.095631060026147796 -0.63401041976336781 0.010664706924341096 -0.67401709127426157
leaf_weight=26 28 27 38 26 35 36 22 20 26 26 35 21 23 20 23 20 22 26 36 28 37 20 144 37 24 21 34 29 2463 25
leaf_count=26 28 27 38 26 35 36 22 20 26 26 35 21 23 20 23 20 22 26 36 28 37 20 144 37 24 21 34 29 2463 25
internal_value=6.21174e-10 -0.199929 -0.402022 0.00769898 -0.715676 0.00198753 0.00643097 0.0105266 -0.227727 -0.644846 0.0206287 0.379209 0.717268 -0.164984 1.04425 0.152588 0.478453 0.00766209 0.191415 -0.0102634 -0.00189064 0.270948 0.371432 0.837316 -0.00975025 -0.356018 -0.576362 0.00278681 -0.00356359 0.00378487
internal_weight=3398 126 99 3272 61 3244 3218 3196 130 62 3066 107 66 41 46 68 42 2959 263 2696 2661 237 201 57 2633 92 71 2541 2517 2488
internal_count=3398 126 99 3272 61 3244 3218 3196 130 62 3066 107 66 41 46 68 42 2959 263 2696 2661 237 201 57 2633 92 71 2541 2517 2488
is_linear=0
shrinkage=0.05


Tree=59
num_leaves=31
num_cat=0
split_feature=13 12 4 20 1 17 4 2 14 15 14 6 9 5 14 4 4 13 21 3 4 4 23 5 10 23 19 0 3 13
split_gain=2014.79 10854.9 14029.5 10232.2 8387.47 7590.96 7711.78 5753.41 6638.26 6956.96 6716.02 5856.76 7219.5 5637.56 5118.62 10405.8 4572.95 3792.63 10068.5 5792.29 4179.4 8631.71 7655.89 11142.3 11861.2 4259.2 3967.22 3757.38 3852.53 7994.19
threshold=29.33400198750244 42.646008117252684 218.77047527900524 69.106518763912419 23.714792030098398 26.188125009364388 304.83955958627365 83.604217081273248 84.876019592788097 111.70139665706888 47.833893237461147 1.5000000000000002 0.1294095225512602 12.500000000000002 78.499711285583885 182.20361763035774 130.7806922677338 32.90773749252336 37.223530361662135 3.3165347506731058 15.7222326145798 26.977660370441267 35.938227579851407 7.5000000000000009 -0.38795597896271528 39.616336989849778 30.962631187523726 21.927796765929944 0.9097886422507071 50.727938971387339
decision_type=2 2 2 2 2 2 2 2 2 2 2 2 2 2 2 2 2 2 2 2 2 2 2 2 2 2 2 2 2 2
left_child=1 2 4 5 -1 -3 14 8 10 11 -5 -10 -13 -6 15 -7 -12 18 -2 -20 22 25 -19 -24 -25 26 -22 -23 29 -29
right_child=17 3 -4 7 13 6 -8 -9 9 -11 16 12 -14 -15 -16 -17 -18 20 19 -21 21 27 23 24 -26 -27 -28 28 -30 -31
leaf_value=-0.02284187863270442 -1.12104077300589 -0.26132266068458559 0.55032317573204637 0.41142699780135317 -0.47290068607438696 1.2365295372358185 1.4248603369508472 -0.65070705850576538 -0.51639368057250978 0.98834654241800313 0.0011952776908874512 1.0940032574263485 -0.13667963582735795 -1.5343285796971158 -0.0017146835156849453 -0.057717465400695805 -0.88420571574143014 0.53350075120511264 0.7224312973022462 -0.33883181744151647 0.67696461569179189 0.65758232162112285 -1.1125756094368493 -0.70075088634621352 0.70839358951364251 0.93236997996057791 -0.26220563183660095 1.1371125947861445 -0.028937314124131693 0.084579710493562749
leaf_weight=30 28 25 32 29 22 41 28 29 25 32 25 22 26 29 35 25 35 23 20 36 22 21 41 32 28 35 23 21 2450 128
leaf_count=30 28 25 32 29 22 41 28 29 25 32 25 22 26 29 35 25 35 23 20 36 22 21 41 32 28 35 23 21 2450 128
internal_value=-1.3101e-10 0.0937933 -0.336055 0.222634 -0.68623 0.53609 0.690627 0.00616685 0.104359 0.373635 -0.213325 0.104172 0.427383 -1.07646 0.487077 0.746284 -0.515289 -0.0158042 -0.346886 0.0401907 -0.00595619 0.00707919 -0.289791 -0.477273 -0.0431501 0.518693 0.196944 -0.0085426 -0.0139249 0.232923
internal_weight=3398 490 113 377 81 154 129 223 194 105 89 73 48 51 101 66 60 2908 84 56 2824 2700 124 101 60 80 45 2620 2599 149
internal_count=3398 490 113 377 81 154 129 223 194 105 89 73 48 51 101 66 60 2908 84 56 2824 2700 124 101 60 80 45 2620 2599 149
is_linear=0
shrinkage=0.05


Tree=60
num_leaves=31
num_cat=0
split_feature=4 16 10 21 1 10 18 19 2 13 2 20 14 16 13 15 21 3 11 15 5 4 4 18 17 15 21 14 2 15
split_gain=2082.69 3625.04 3366.93 2502.39 11124.7 3791.36 2498.61 6021.33 9424.46 8141.51 5862.92 9471.37 7259.2 6754.65 5638.14 7076.5 8822.81 5539.93 8464.41 11502 8545.32 7609.62 10038.3 7514.73 10691.5 8030.37 7300.78 8404.99 15972.1 13278.2
threshold=353.96099755850804 71.60845260950795 0.1863257347713114 18.870275222017128 26.503019515350207 -0.57095111404134957 90.480457417261206 21.247769706650633 63.53690080330032 112.32537600178567 82.575600866156293 86.811921419911485 29.963400135127042 92.783792746860257 123.23001652827155 42.241990318903987 28.482059206521605 3.3720559808140735 -1.8560714450744349 51.264525604601893 16.500000000000004 46.199461280047963 24.168599112058704 86.262544341303723 101.44669333436848 103.49734233721686 40.200148757665382 77.591732431035055 46.861740895756228 84.361366511309839
decision_type=2 2 2 2 2 2 2 2 2 2 2 2 2 2 2 2 2 2 2 2 2 2 2 2 2 2 2 2 2 2
left_child=3 -2 -3 4 5 -1 17 8 14 -10 12 -12 -9 -13 15 -8 -17 18 19 -5 -21 22 -20 26 25 -25 27 -19 29 -29
right_child=1 2 -4 6 -6 -7 7 10 9 -11 11 13 -14 -15 -16 16 -18 23 21 20 -22 -23 -24 24 -26 -27 -28 28 -30 -31
leaf_value=0.37212224982001563 -0.76834598282972977 0.44755873793647405 -0.45891376018524171 0.33212363899781788 -0.34334573212422825 1.3113707025845847 -0.11823472410440446 0.66233425283432013 -0.65363692098855974 0.2442322698293948 0.95847265220457512 0.41083612591028218 -0.20488515533560547 -0.85877172887325293 0.0048110568976920589 0.13564143024739767 1.4012480878829958 0.30087432892194821 -0.045029389473699756 -0.4941398477256298 -1.6960411618153257 -0.063070512056396341 1.3170272926489512 -0.2209745133171479 1.0130361096531739 0.81736617529833766 -0.071978451001493457 1.2402706119749283 -0.31679768467375213 -0.22654640343454152
leaf_weight=22 24 21 20 29 38 21 20 25 50 51 31 22 694 20 46 21 40 420 31 50 21 653 24 60 51 27 628 36 175 27
leaf_count=22 24 21 20 29 38 21 20 25 50 51 31 22 694 20 46 21 40 420 31 50 21 653 24 60 51 27 628 36 175 27
internal_value=1.61789e-10 -0.280305 0.00537703 0.0054665 0.279979 0.830825 -0.001371 -0.0662033 0.160215 -0.200257 -0.131384 0.295556 -0.174731 -0.193739 0.44689 0.697947 0.965547 0.0282566 -0.0763175 -0.506923 -0.849632 -0.0154976 0.549323 0.0875937 0.438227 0.101269 0.0499675 0.166354 -0.0710362 0.611635
internal_weight=3398 65 41 3333 81 43 3252 1020 228 101 792 73 719 42 127 81 61 2232 808 100 71 708 55 1424 138 87 1286 658 238 63
internal_count=3398 65 41 3333 81 43 3252 1020 228 101 792 73 719 42 127 81 61 2232 808 100 71 708 55 1424 138 87 1286 658 238 63
is_linear=0
shrinkage=0.05


Tree=61
num_leaves=31
num_cat=0
split_feature=22 18 11 4 19 13 17 15 1 1 6 9 3 15 9 17 14 11 16 4 23 2 2 0 23 21 15 12 12 13
split_gain=1975.33 11684.5 6671.57 6480.11 6561.54 7723.99 6245.06 9076.15 11738.9 6812.01 8792.15 7593.18 6727.18 6323.62 6185.29 5708 5682.69 5198.81 4769.56 4570.9 7137.5 5184.56 4936.15 6114.9 4701.58 3985.55 3976.12 4720.25 4494.71 6839.75
threshold=86.019581198893988 57.441431512711205 -1.031871462968746 44.556272969180377 34.949141427063545 131.13903498164964 50.002074900397268 83.221571701878432 27.117190176265336 24.512088106912778 4.5000000000000009 -0.78656609248549325 2.4425954364585336 47.823225388116334 1.0000000180025095e-35 34.377782725815628 85.640428358917305 2.5659652084773645 92.783792746860257 347.76246209068535 40.945587525703317 69.135849733293171 31.158943206020037 126.1295796025117 44.385134951492184 38.963435265661317 11.238442564756813 148.06147113934676 145.06666813632307 66.976958112407047
decision_type=2 2 2 2 2 2 2 2 2 2 2 2 2 2 2 2 2 2 2 2 2 2 2 2 2 2 2 2 2 2
left_child=19 -2 3 16 14 18 15 8 12 10 -9 -11 -8 -10 -5 -4 -3 -14 -6 22 21 -21 23 -1 -22 -13 -24 28 -28 -30
right_child=1 2 6 4 5 -7 7 9 13 11 -12 25 17 -15 -16 -17 -18 -19 -20 20 24 -23 26 -25 -26 -27 27 -29 29 -31
leaf_value=-0.074085400439798832 0.93187673476181543 0.35203629260261859 -0.21229205343284108 0.27715852260589602 0.24974976090284495 0.92711078226566324 0.16039516851305963 -1.0992367625236512 -0.89575753646052414 0.77601853410402943 0.12214548043582751 -0.67664211257811524 1.678962802886963 0.25302972203493118 1.2054513052890177 -1.2394481159391857 -0.68807583800677596 0.56639311313629148 -0.70796767840018637 -1.0360323410767776 0.61958319346110036 -0.08952105667280115 0.68825106382369994 1.0002354242183544 -0.41841755628585819 0.09193419129461855 -0.016662562563152114 0.67862198737760382 0.089487801253795629 -1.0801063060760498
leaf_weight=26 38 24 38 34 26 20 32 41 23 24 23 31 21 25 38 21 29 21 26 39 24 23 20 27 20 37 2573 24 25 25
leaf_count=26 38 24 38 34 26 20 32 41 23 24 23 31 21 25 38 21 29 21 26 39 24 23 20 27 20 37 2573 24 25 25
internal_value=-8.75342e-11 0.0847356 0.0244521 0.255603 0.429577 0.0920632 -0.110672 -0.0115137 0.311545 -0.264162 -0.660303 0.0114142 0.706556 -0.297431 0.767091 -0.57789 -0.217082 1.12268 -0.229109 -0.017151 -0.33927 -0.684907 -0.00459785 0.47321 0.147765 -0.258446 -0.0140931 -0.0193998 -0.0257866 -0.495309
internal_weight=3398 572 534 197 144 72 337 278 122 156 64 92 74 48 72 59 53 42 52 2826 106 62 2720 53 44 68 2667 2647 2623 50
internal_count=3398 572 534 197 144 72 337 278 122 156 64 92 74 48 72 59 53 42 52 2826 106 62 2720 53 44 68 2667 2647 2623 50
is_linear=0
shrinkage=0.05


Tree=62
num_leaves=31
num_cat=0
split_feature=23 23 13 15 13 17 14 11 11 20 23 13 23 0 2 10 10 17 19 10 15 13 18 19 13 14 8 18 23 12
split_gain=1988.91 8108.86 6132.46 7392.41 6519.17 6571.49 5269.83 5354.3 5315.68 6806.68 6648.92 7767.67 5189.59 4657.11 4628.06 3536.05 4279.6 7056.55 9695.15 4366.92 8918.27 8241.62 5298.78 4553.91 4522.27 10575.1 7460.77 7240.79 6343.58 6338.25
threshold=45.814108510011316 44.385134951492184 142.0295877546524 20.356947506387623 82.571425848834068 94.463860024374597 126.58260430826508 -4.0937204670461362 -1.597617615312918 94.505821969993534 44.786591156604423 79.743090676152889 44.189858859514935 70.202111622229026 57.76149430576519 -6.9831062685763117 -6.1587860238858889 96.72832382592695 36.137861026516866 -4.7687591024952818 81.233819220203216 80.366124162855428 30.045263082275756 36.601524865128546 29.33400198750244 26.750944883744555 -0.37940952255126059 57.441431512711205 40.754708531521061 50.69206862324716
decision_type=2 2 2 2 2 2 2 2 2 2 2 2 2 2 2 2 2 2 2 2 2 2 2 2 2 2 2 2 2 2
left_child=1 12 3 -2 13 14 7 -3 -9 10 -10 -12 15 -5 -6 -1 17 18 -17 20 21 23 -21 -18 25 -24 27 -27 -29 -28
right_child=2 6 -4 4 5 -7 -8 8 9 -11 11 -13 -14 -15 -16 16 19 -19 -20 22 -22 -23 24 -25 -26 26 29 28 -30 -31
leaf_value=-0.4165706871951721 -0.79675184352831407 0.53821424841880805 0.98445370599627502 -0.17627071142196657 -1.0918525979632425 0.41161415492634063 -0.85515738858116996 -0.82908590104844837 -0.87423847781760355 0.6376077094803686 0.46518782248368135 -0.59862254522740843 0.58520737473781292 0.70118323737575172 -0.042129480554943997 0.77843738035722221 0.1279737025499344 1.0508188846019599 -0.67470862139016397 -0.5847323927614424 -0.60976382916172345 0.58086870130565438 1.2064150050282478 -0.93902080297470103 0.00024850829742599208 -0.75500494738419854 -0.16444251200667137 -0.2155619336982324 0.75602709775169696 0.466180260597091
leaf_weight=49 22 22 20 20 21 29 36 36 35 23 37 32 39 62 21 22 20 26 24 36 84 45 24 20 2268 39 54 56 24 152
leaf_count=49 22 22 20 20 21 29 36 36 35 23 37 32 39 62 21 22 20 26 24 36 84 45 24 20 2268 39 54 56 24 152
internal_value=7.89569e-10 -0.00943855 0.155034 0.0602434 0.183471 -0.167279 -0.301671 -0.193966 -0.292788 -0.140766 -0.312907 -0.0281735 0.0122192 0.48717 -0.566991 0.00462611 0.0117576 0.392415 0.0202742 0.0020456 -0.244391 0.116684 0.017744 -0.405524 0.0260317 0.193586 0.118792 -0.196403 0.0759148 0.300871
internal_weight=3398 3203 195 175 153 71 221 185 163 127 104 69 2982 82 42 2943 2894 72 46 2822 169 85 2653 40 2617 349 325 119 80 206
internal_count=3398 3203 195 175 153 71 221 185 163 127 104 69 2982 82 42 2943 2894 72 46 2822 169 85 2653 40 2617 349 325 119 80 206
is_linear=0
shrinkage=0.05


Tree=63
num_leaves=31
num_cat=0
split_feature=1 1 13 16 16 2 17 20 20 0 14 6 14 22 21 6 14 9 14 20 16 19 22 21 16 23 16 0 0 11
split_gain=1897.43 2255.92 10682.7 9079.46 9024.79 13117 8017.88 2886.9 6397.4 5526.71 7501.29 7238.58 6452.86 7981.06 5773.56 4724.04 4015.43 6666.46 5138.23 4292.57 4140.21 5322.3 5167.15 3288.94 2971.72 8941.72 9264.42 9455.78 6932.51 6391.25
threshold=34.874102459881584 33.921568554860542 81.280733893053494 46.624584635055434 37.680486200908419 58.608617749736716 85.966868931807554 103.21032167685541 101.99083059141846 118.52232350599415 105.36208323869768 1.5000000000000002 136.83977868933593 81.305824018174903 28.101868628786146 2.5000000000000004 143.01294040433177 0.25881904510252057 146.83445490526017 84.364873849193728 146.80980450800126 33.148532578413771 94.845309437134162 37.572983910879124 58.766802542413778 45.99490383709341 61.071773173987729 164.54851774897992 74.118917389619142 0.43058755280376876
decision_type=2 2 2 2 2 2 2 2 2 2 2 2 2 2 2 2 2 2 2 2 2 2 2 2 2 2 2 2 2 2
left_child=1 7 3 -3 -4 -6 -5 8 16 12 15 -12 13 -9 -15 -11 20 18 -18 -19 22 -22 24 -13 29 26 27 -26 -27 -1
right_child=-2 2 4 6 5 -7 -8 9 -10 10 11 23 -14 14 -16 -17 17 19 -20 -21 21 -23 -24 -25 25 28 -28 -29 -30 -31
leaf_value=0.052497790613447996 -0.42549869888103925 1.531257123053074 -1.1308859072625637 -0.24396439290815786 0.94371430965570302 -0.53890892061537932 0.97332712644711139 1.5201836983362833 -0.67201325152371383 -0.9997523299455644 1.0156240165233612 0.24053674203980913 -0.29290316289379481 -0.29615863740444182 0.82468245603420121 -0.045910000801086426 -1.0477361515590125 0.51014420082171763 -0.14775459519748033 -0.42191463056064793 0.092510548233985912 -0.98415730198224394 0.7903663005147662 -0.55160945594310762 0.077097976859658968 -0.17776018157601359 -0.0020867551316353073 1.3749081537723542 0.93022529907757423 -0.20010057554917135
leaf_weight=536 26 20 20 31 26 35 24 21 37 25 23 38 21 20 27 27 35 30 29 21 22 24 21 20 32 20 1644 25 48 470
leaf_count=536 26 20 20 31 26 35 24 21 37 25 23 38 21 20 27 27 35 30 29 21 22 24 21 20 32 20 1644 25 48 470
internal_value=-7.31477e-10 0.00328083 0.188969 0.618961 -0.209172 0.0930288 0.287217 -0.00572642 -0.0186261 0.168245 -0.0358332 0.265032 0.473215 0.70981 0.347729 -0.504488 -0.0104505 -0.3001 -0.639932 0.126355 0.00127006 -0.469229 0.00901075 -0.0326171 0.00309779 0.0421169 0.0196409 0.646313 0.604347 -0.0655154
internal_weight=3398 3372 156 75 81 61 55 3216 2994 222 133 81 89 68 47 52 2957 115 64 51 2842 46 2796 58 2775 1769 1701 57 68 1006
internal_count=3398 3372 156 75 81 61 55 3216 2994 222 133 81 89 68 47 52 2957 115 64 51 2842 46 2796 58 2775 1769 1701 57 68 1006
is_linear=0
shrinkage=0.05


Tree=64
num_leaves=31
num_cat=0
split_feature=21 21 0 15 21 21 20 19 2 18 15 20 17 9 19 18 17 11 19 0 21 2 15 9 15 17 2 17 6 1
split_gain=1874.47 2531.63 2133.56 9179.83 7655.92 10736.1 7951.06 9514.05 7133.49 8388.51 10343.4 7403.17 7903.84 11513.6 8493.12 7456.77 7282.04 7190.3 9379.97 6442.3 6241.46 6874.28 7680.37 11103.9 6207.28 5900.57 5877.75 5403.72 5396.23 5226.2
threshold=58.933068563743262 56.927098743844539 186.30489382472214 15.08678485824395 31.610883354524283 32.45733113760199 68.498851640276015 20.16266425012974 86.278027353911241 96.103789568452541 144.03633506351824 92.92691607099259 77.737305328537886 0.60355339059327384 27.190914620548323 74.402648001450032 52.962410344444422 -1.3165380983603108 23.035989088289352 230.41746707466069 38.963435265661317 81.289525371775525 67.764045981914492 0.60355339059327384 118.86155388286706 109.63799829764612 48.678243840946699 111.8579244659342 1.5000000000000002 22.683140372541789
decision_type=2 2 2 2 2 2 2 2 2 2 2 2 2 2 2 2 2 2 2 2 2 2 2 2 2 2 2 2 2 2
left_child=1 2 -1 -4 6 -6 7 -5 9 10 11 12 13 14 -7 -16 -17 -11 -19 27 -14 22 29 25 -13 -24 -20 28 -8 -22
right_child=-2 -3 3 4 5 8 19 -9 -10 17 -12 24 20 -15 15 16 -18 18 26 -21 21 -23 23 -25 -26 -27 -28 -29 -30 -31
leaf_value=0.02450872688285502 -0.42291661635614358 0.4947370992543606 0.82768166831561507 -0.13698791632285487 1.0987343050184704 -0.81339507937431343 0.03067503732939561 -1.4158832651196105 -0.70573688974747295 0.13466172034923848 -0.78339158315211543 1.2804834451675415 0.62910897959897549 -0.68126606691409564 0.78613539461208426 -0.50125190516312912 0.67033085595993769 0.17780694365501404 -0.34882789765085498 0.39541688090876531 -1.1309187130630016 0.83344856248452115 -0.78198312975111461 1.1456199779510499 0.11442563022886004 0.34487612801603973 -1.2886139778102317 0.22642672828265598 -0.87851612123788581 -0.14504602867655639
leaf_weight=2400 26 26 28 26 21 20 24 33 39 52 32 25 81 68 46 36 21 28 28 38 20 26 21 25 21 26 41 28 51 41
leaf_count=2400 26 26 28 26 21 20 24 33 39 52 32 25 81 68 46 36 21 28 28 38 20 26 21 25 21 26 41 28 51 41
internal_value=-3.38824e-10 0.00326092 -0.000558079 -0.0641525 -0.0913544 -0.0151465 -0.364941 -0.852302 -0.0487068 -0.00976426 0.0868261 0.145205 0.0808538 -0.159162 0.129481 0.312564 -0.0696162 -0.339727 -0.594039 -0.161009 0.271866 0.0898744 -0.0554859 0.294245 0.748153 -0.158614 -0.907252 -0.366293 -0.587575 -0.468283
internal_weight=3398 3372 3346 946 918 718 200 59 697 658 509 477 431 191 123 103 57 149 97 141 240 159 133 72 46 47 69 103 75 61
internal_count=3398 3372 3346 946 918 718 200 59 697 658 509 477 431 191 123 103 57 149 97 141 240 159 133 72 46 47 69 103 75 61
is_linear=0
shrinkage=0.05


Tree=65
num_leaves=31
num_cat=0
split_feature=17 21 21 14 10 10 17 18 13 17 10 10 15 13 6 10 19 18 4 19 18 18 10 8 23 18 0 18 20 22
split_gain=1877.99 2134.52 5438.95 5989.13 2936.59 4313.27 9177.33 6547.3 8623.18 4871.24 4443.05 3570.4 12813.3 8422.37 5152.06 5873.27 5041.29 4254.3 9598.58 3488.52 3379.05 7766.5 7353.8 6059.27 5124.21 4420.25 8779.39 8155.41 8126.04 7309.28
threshold=11.238442564756813 14.207181748329194 18.870275222017128 79.169890996070663 -7.167244933326371 -6.1587860238858889 94.463860024374597 73.224053498209713 101.79208831639254 148.3674714866788 -6.5751310031960672 -4.7687591024952818 81.233819220203216 80.366124162855428 3.5000000000000004 -5.483980408080269 39.92139677464764 33.131354916977891 208.15881659841082 33.685565175164058 37.917917049936683 43.51670530887295 -1.5196577643331572 -0.37940952255126059 41.316048211950125 60.958834883344061 76.768545370879693 62.917326980061937 53.142622481441336 79.676683763097003
decision_type=2 2 2 2 2 2 2 2 2 2 2 2 2 2 2 2 2 2 2 2 2 2 2 2 2 2 2 2 2 2
left_child=-1 -2 3 -3 -4 6 7 -6 -9 11 -8 12 13 16 15 -14 -7 18 -13 -15 23 22 -22 -19 -24 26 -23 -27 -29 -28
right_child=1 2 4 -5 5 9 10 8 -10 -11 -12 17 14 19 -16 -17 -18 20 -20 -21 21 25 24 -25 -26 27 29 28 -30 -31
leaf_value=0.40779439061880113 -0.44617213937971328 -0.047088076781343531 -0.53741066920069558 0.98773219015063918 -0.71101867792507012 0.1861564657904885 0.38077831745147706 0.98447604036849479 -0.41690616721198676 -0.73955565535503887 1.4347055140603335 -1.009635917749256 -0.520897279892649 0.091306059984933768 -0.24029481634719385 -1.6270605172429766 -0.89690740222022647 -0.29409190849824385 0.22485488076363841 0.91567409029512703 0.36838474392890935 -0.21828931725600312 -0.34782941470275053 0.73450925066703709 -1.2537512482316406 -0.45987125746905805 0.11293718344124232 0.94586520207964853 0.0010458198887644459 0.59293092501759526
leaf_weight=28 27 27 26 29 24 22 20 23 21 23 20 32 28 21 42 21 21 22 31 33 20 114 37 41 27 96 217 23 2157 125
leaf_count=28 27 27 26 29 24 22 20 23 21 23 20 32 28 21 42 21 21 22 31 33 20 114 37 41 27 96 217 23 2157 125
internal_value=-7.92912e-11 -0.0033882 0.000187976 0.488801 -0.00813643 -0.00391652 0.306788 -0.0467137 0.315635 -0.0145591 0.907742 -0.00923167 -0.220483 0.179331 -0.646657 -0.994967 -0.342782 0.0042677 -0.402188 0.595087 0.013162 0.00505986 -0.468491 0.375315 -0.730015 0.01962 0.161708 -0.0088475 0.0110141 0.288373
internal_weight=3398 3370 3343 56 3287 3261 108 68 44 3153 40 3130 188 97 91 49 43 2942 63 54 2879 2816 84 63 64 2732 456 2276 2180 342
internal_count=3398 3370 3343 56 3287 3261 108 68 44 3153 40 3130 188 97 91 49 43 2942 63 54 2879 2816 84 63 64 2732 456 2276 2180 342
is_linear=0
shrinkage=0.05


Tree=66
num_leaves=31
num_cat=0
split_feature=23 20 23 14 14 8 17 16 20 10 0 20 20 12 13 16 23 20 4 3 16 3 12 0 19 17 16 21 20 22
split_gain=1836.25 3165.23 2358.35 7031.98 8782.08 6646 11349 7500.49 10109.2 7572.78 6570.02 7018.61 8764.57 7593.45 6146.99 14154.2 5588.8 12481.8 9592.5 9039.08 5562.57 5243.37 4992.68 4754.68 4567.59 6720.75 5608.24 4566.6 4681.89 4436.53
threshold=31.345376272086877 88.065452363382931 36.931727232633968 16.640440502546795 61.298969853793231 -0.78656609248549303 32.480205474637998 72.613312348722147 73.035021913098475 -1.0492986086265075 140.04453903753853 67.110230968560174 76.977251125304079 54.724720434813555 45.985246572584948 84.244509391141733 37.478889211719093 86.187101098337465 256.85349383575311 3.1188788730907557 96.731762999498741 6.9729762528563475 72.508949426388043 148.18959913143945 13.398525580055475 106.65706486221337 118.27279383108113 37.78099055242739 88.065452363382931 74.425085011410047
decision_type=2 2 2 2 2 2 2 2 2 2 2 2 2 2 2 2 2 2 2 2 2 2 2 2 2 2 2 2 2 2
left_child=1 -1 3 -2 10 20 -7 8 -8 -10 11 13 -13 -5 -9 -16 17 18 19 -4 23 -12 -21 -6 -17 26 -26 28 -11 -18
right_child=2 -3 16 4 5 6 7 14 9 27 21 12 -14 -15 15 24 29 -19 -20 22 -22 -23 -24 -25 25 -27 -28 -29 -30 -31
leaf_value=0.76261444659460165 -0.9107011585235596 -0.10550156349227542 -0.94685082281789479 -0.22963775736945019 -0.46152004301548005 -0.82969950146145299 1.0089925353591507 -0.75415910568676503 0.88819307159632455 0.59685209447687326 0.64726527712561877 -1.0884740402025206 0.096319368562182872 1.1316713666915894 -1.0855160390528349 -0.47361792445182804 0.10729045411581153 1.0325312159782232 0.70002583397759333 0.67677063060843423 -0.074202330681410703 -0.23203539734794978 -0.38955414394537607 -1.4205846170584362 0.27745012760162358 -0.30064788394504127 1.244252473115921 -0.81172562573443763 -0.38576738966835872 -0.041445277192787205
leaf_weight=21 25 21 31 21 28 45 37 38 20 22 88 27 37 20 26 20 689 43 36 23 33 21 21 24 40 27 24 22 27 1841
leaf_count=21 25 21 31 21 28 45 37 38 20 22 88 27 37 20 26 20 689 43 36 23 33 21 21 24 40 27 24 22 27 1841
internal_value=-5.66696e-10 0.328556 -0.00411185 -0.0878783 -0.0560845 -0.185587 -0.0887761 0.021262 0.312138 0.0288014 0.205947 -0.0763233 -0.403515 0.434415 -0.191493 -0.0354248 0.016861 0.309302 0.0291319 -0.292897 -0.581944 0.477859 0.167843 -0.904165 0.210542 0.360907 0.640001 -0.213281 0.0554087 -0.000939776
internal_weight=3398 42 3356 672 647 433 348 303 128 91 214 105 64 41 175 137 2684 154 111 75 85 109 44 52 111 91 64 71 49 2530
internal_count=3398 42 3356 672 647 433 348 303 128 91 214 105 64 41 175 137 2684 154 111 75 85 109 44 52 111 91 64 71 49 2530
is_linear=0
shrinkage=0.05


Tree=67
num_leaves=31
num_cat=0
split_feature=1 1 13 16 2 16 17 15 23 18 19 10 19 21 2 20 15 22 13 21 19 18 23 23 3 0 6 3 12 12
split_gain=1779.21 2079.83 9587.08 8174.33 11599.3 7962.42 7066.04 2676.16 7134.12 8389.95 9297.3 7431.37 6660.3 7169.84 6324.62 7834.18 7117.1 6214.11 5112.87 5034.2 9079.75 5609.24 4793.27 5854.14 5776.42 7471.89 5794.86 5341.26 5163.75 5499.14
threshold=34.874102459881584 33.921568554860542 81.280733893053494 37.680486200908419 58.608617749736716 46.624584635055434 85.966868931807554 28.487106036837627 45.08253982878928 68.22394790336925 19.259580842138689 -2.675158080058432 43.14598608149425 45.907923255723667 52.613630050601188 82.218240559974234 21.258055310232422 79.21758230839437 105.83333767769422 29.952938950661505 35.881325706514396 62.245916460128413 45.814108510011316 44.385134951492184 6.0471471178604039 76.768545370879693 3.5000000000000004 3.5463297247861512 19.676506446144355 99.367656582606102
decision_type=2 2 2 2 2 2 2 2 2 2 2 2 2 2 2 2 2 2 2 2 2 2 2 2 2 2 2 2 2 2
left_child=1 7 5 -4 -5 -3 -7 8 9 10 -1 -11 14 -14 -13 16 -16 -15 -10 -12 -21 -22 23 -9 25 -24 27 -27 -25 -30
right_child=-2 2 3 4 -6 6 -8 22 18 11 19 12 13 17 15 -17 -18 -19 -20 20 21 -23 24 28 -26 26 -28 -29 29 -31
leaf_value=-0.58422209299527683 -0.41203046739101412 1.4431508776545525 -1.0729111745953561 0.89186986638949473 -0.50234794403825489 -0.22050818243334369 0.92224668028453982 0.016939319019262485 -0.28771647044590543 -0.71203697853047276 -0.25522539887577295 0.64315219281191027 -1.1685205148613971 0.28453243585569521 0.059001268384357299 0.51392023568352074 -1.2014108356975375 -0.8202883839607239 -1.2898713456094266 1.2699971485170811 -0.13178011573649742 0.87639459479938864 -0.57975538599080056 0.46706011325120927 0.83115411416904361 -0.37185161190648236 0.95360774574456397 0.63379199297531796 -0.6862738088557595 -0.078639473041442975
leaf_weight=26 26 20 20 26 35 31 24 2451 35 58 20 44 23 35 24 30 21 20 20 34 37 22 29 20 37 31 27 23 76 73
leaf_count=26 26 20 20 26 35 31 24 2451 35 58 20 44 23 35 24 30 21 20 20 34 37 22 29 20 37 31 27 23 76 73
internal_value=5.24138e-10 0.00317699 0.181471 -0.195701 0.0919088 0.588816 0.278148 -0.00547158 -0.118698 -0.0442338 0.268277 -0.214583 -0.0681238 -0.427219 0.16725 -0.111947 -0.529191 -0.117221 -0.652136 0.464427 0.619191 0.244149 0.0129017 -0.00268627 0.290728 0.108948 0.355521 0.0564781 -0.287315 -0.388574
internal_weight=3398 3372 156 81 61 75 55 3216 449 394 139 255 197 78 119 75 45 55 55 113 93 59 2767 2620 147 110 81 54 169 149
internal_count=3398 3372 156 81 61 75 55 3216 449 394 139 255 197 78 119 75 45 55 55 113 93 59 2767 2620 147 110 81 54 169 149
is_linear=0
shrinkage=0.05


Tree=68
num_leaves=31
num_cat=0
split_feature=17 1 16 2 13 4 4 22 0 17 17 13 17 4 23 8 3 2 1 14 18 19 20 23 15 17 1 18 2 23
split_gain=1761.97 2138.29 5803.77 6419.89 5432.45 2661.15 2529.13 8415.75 8400.73 8446.17 10510.2 10626.4 9489.48 8575.55 8153.84 11877.5 8943.73 7444.36 10487.2 6798.43 6732.55 7256.04 7181.93 6569.98 10787.9 6283.77 7959.2 5756.35 5712.67 7119.36
threshold=11.238442564756813 15.564365483332418 117.78828729718253 41.040508247196847 67.892987900864298 357.48899478610798 241.72930496714898 92.757805540230535 43.681869999422908 122.35553130305776 96.72832382592695 61.724463054192022 81.975037002569834 246.61437144314445 42.588230154606869 0.37940952255126054 4.3245646672293008 46.861740895756228 25.878611187173483 38.406087106116289 74.560121027134812 51.828180080470432 67.669202898870893 35.401772933994046 69.980478726852269 36.322877161879134 27.015732602670266 66.226846750653564 55.812590455664612 43.390849594183372
decision_type=2 2 2 2 2 2 2 2 2 2 2 2 2 2 2 2 2 2 2 2 2 2 2 2 2 2 2 2 2 2
left_child=-1 2 3 -2 -5 6 -3 8 19 10 11 12 20 -13 15 -11 -16 -12 -19 -8 22 -22 25 24 -15 -10 -27 -21 29 -25
right_child=1 5 -4 4 -6 -7 7 -9 9 14 17 13 -14 23 16 -17 -18 18 -20 27 21 -23 -24 28 -26 26 -28 -29 -30 -31
leaf_value=0.39499630752418724 -0.38472561041514081 -0.038668197769742785 -0.55867762856185432 1.1060959585251346 0.21934040253743148 -0.52451290321350097 0.41651577016581665 0.84095577868548321 -0.16172576887266976 -0.8920176984175392 0.98256915287589131 0.84817986000667922 -0.39666741364880614 1.1552616461463596 -0.40080809545516971 0.13217034898698329 0.91163088613086285 0.70706370390618023 -0.20303358475367231 -1.2955634951591493 0.45697197812359508 1.5247439522009631 -0.22770766469960413 -0.32465280939724822 -0.37613995489866836 1.4511724260118273 0.18543402487817018 -0.34718086011707783 -0.053481822785209215 -1.2673587133487068
leaf_weight=28 21 2122 20 31 39 25 23 33 21 69 53 22 38 23 25 48 27 67 60 20 41 26 48 121 23 27 23 80 170 24
leaf_count=28 21 2122 20 31 39 25 23 33 21 69 53 22 38 23 25 48 27 67 60 20 41 26 48 121 23 27 23 80 170 24
internal_value=-1.05506e-09 -0.00328187 0.212527 0.382022 0.612046 -0.0106322 -0.00665972 0.0544212 0.0303659 0.0804087 0.149278 0.0497768 0.323332 -0.110213 -0.240303 -0.471838 0.280651 0.484819 0.277096 -0.358584 0.470428 0.871331 0.244709 -0.16862 0.389561 0.56409 0.868933 -0.536857 -0.250132 -0.480687
internal_weight=3398 3370 111 91 70 3259 3234 1112 1079 956 787 607 224 383 169 117 52 180 127 123 186 67 119 361 46 71 50 100 315 145
internal_count=3398 3370 111 91 70 3259 3234 1112 1079 956 787 607 224 383 169 117 52 180 127 123 186 67 119 361 46 71 50 100 315 145
is_linear=0
shrinkage=0.05


Tree=69
num_leaves=31
num_cat=0
split_feature=22 18 3 15 1 21 15 16 4 1 5 23 20 18 3 9 0 16 22 18 11 16 16 17 16 3 3 8 17 4
split_gain=1676.86 9801.36 5906.33 7505.53 7387.01 7353.35 6232.47 7904.35 7376.46 6495.15 5320.16 7981.94 5040.6 6191.55 4959.62 5393.62 4546.3 4504.27 4029.42 11134.6 6425.57 7596.91 18663.3 7451.06 9553.71 6716.28 4963.57 11000.9 5643.26 4532.69
threshold=86.019581198893988 57.441431512711205 0.96810808727253506 93.954649257461526 27.015732602670266 39.604780216339904 117.04201002294258 135.69987635959038 278.80272986256915 29.752425664255778 16.500000000000004 36.5342938582409 83.181787855446728 98.642136762897948 3.1188788730907557 -0.37940952255126015 110.33393773238176 84.244509391141733 84.143650986307634 109.14359995898614 -4.6239367757491285 32.480205474637998 60.11746670769012 90.685720290971076 117.78828729718253 4.1246375927633556 0.93208155391589553 -0.37940952255126059 77.936081062080419 353.96099755850804
decision_type=2 2 2 2 2 2 2 2 2 2 2 2 2 2 2 2 2 2 2 2 2 2 2 2 2 2 2 2 2 2
left_child=18 -2 -3 4 10 17 9 8 14 -5 11 -4 -13 -14 -8 -16 -7 -6 26 20 -20 -22 -23 24 -24 -25 27 -1 -29 -28
right_child=1 2 3 6 5 16 7 -9 -10 -11 -12 12 13 -15 15 -17 -18 -19 19 -21 21 22 23 25 -26 -27 29 28 -30 -31
leaf_value=-0.29541481058552582 0.85395094015096373 -0.6357609470840544 1.1613122398203071 -0.71005552286532392 0.95455125749111192 -1.0652456295490265 -0.75474130801252415 0.96961559568132683 0.50209350767658989 0.20850835597073591 1.0333683995736969 -0.42439202864964803 1.0700688970088958 -0.10009536766088928 0.53126229575047135 -0.38098785769800814 -0.098330964208129923 0.013930477755410332 -0.84015830686459181 -1.2563791503076969 0.75902318784168799 -1.1062218032385174 0.34358136191179883 0.073294436750989969 -0.81930246804699758 1.1261369186852661 -0.0053363320044314813 0.91231838016417521 0.12841082685872127 -0.52328989616660182
leaf_weight=53 38 32 22 67 20 20 37 21 41 27 36 30 20 26 26 43 31 35 26 23 28 38 38 33 33 28 2387 58 38 43
leaf_count=53 38 32 22 67 20 20 37 21 41 27 36 30 20 26 26 43 31 35 26 23 28 38 38 33 33 28 2387 58 38 43
internal_value=4.50203e-10 0.0780719 0.0228596 0.0648434 0.266845 -0.0450432 -0.120196 0.0622183 -0.0674099 -0.446213 0.513562 0.322612 0.0798308 0.408672 -0.287689 -0.0372414 -0.477513 0.355974 -0.0158022 -0.208725 -0.101153 -0.00411171 -0.129805 0.151285 -0.196914 0.556566 0.0026746 0.282799 0.602022 -0.0145018
internal_weight=3398 572 534 502 240 106 262 168 147 94 134 98 76 46 106 69 51 55 2826 247 224 198 170 132 71 61 2579 149 96 2430
internal_count=3398 572 534 502 240 106 262 168 147 94 134 98 76 46 106 69 51 55 2826 247 224 198 170 132 71 61 2579 149 96 2430
is_linear=0
shrinkage=0.05


Tree=70
num_leaves=31
num_cat=0
split_feature=13 16 11 21 13 0 6 9 12 16 16 21 19 2 20 0 11 13 13 19 0 6 10 10 9 6 14 15 21 15
split_gain=1651.78 6605.99 4224.62 7639.94 4095.14 5291.77 3886.56 3582.6 2562.45 2811.36 7015.1 6354.78 8850.01 8811.13 6881.16 6217.75 7866.19 6693.28 6186.27 7612.52 6218.96 6155.57 5868.77 7012.6 9336.1 6215.59 7406.65 5835.66 5498.18 5104.99
threshold=19.055015499581817 26.648783975178592 -1.6351228283391845 45.426731569059022 12.9265694426068 140.04453903753853 1.5000000000000002 -0.12940952255126037 11.733111332631914 29.772025261057077 35.177546672818195 45.810270362388195 18.510756089837937 48.232312031126462 90.645191705510129 32.535192029820202 1.1426497868701291 51.292994482901072 77.184148151192389 44.52718761079533 121.39179130505688 2.5000000000000004 0.5103969497598565 2.8633665334490237 -0.60355339059327384 5.5000000000000009 87.122081886259323 93.954649257461526 28.34011093680456 88.000152051844353
decision_type=2 2 2 2 2 2 2 2 2 2 2 2 2 2 2 2 2 2 2 2 2 2 2 2 2 2 2 2 2 2
left_child=1 -1 3 -3 5 -4 -6 -8 -2 11 18 12 14 -13 28 16 17 -12 20 -20 -11 -15 25 24 -24 26 -14 -26 -10 -19
right_child=8 2 4 -5 6 -7 7 -9 9 10 15 13 22 21 -16 -17 -18 29 19 -21 -22 -23 23 -25 27 -27 -28 -29 -30 -31
leaf_value=-0.63485111767053615 -0.41205299848165267 0.58341289112965267 -0.61565315514802943 -0.55608499063865136 0.077993855731827877 0.48557173733909925 0.41708341398925497 1.1595795426517725 0.056464250087738033 -0.5335344438369457 -0.63195713024873001 -0.79451219691407116 0.68146236735231736 -0.39471713715586171 0.44477050161879994 -0.026069272312639658 0.84241725764376063 0.69404207758892045 -1.1555512397736312 -0.043330410718917849 0.57094403409957895 0.59688175932011178 0.5076515191131169 0.55819435165988074 -1.1597038416908336 1.2049815556832724 -0.063191023577343339 -0.039060309955051969 -1.000331690814346 -0.13775403571980341
leaf_weight=25 39 24 20 38 28 24 33 32 20 26 26 42 85 29 23 2405 47 39 40 25 25 34 27 45 26 28 55 21 32 35
leaf_count=25 39 24 20 38 28 24 33 32 20 26 26 42 85 29 23 2405 47 39 40 25 25 34 27 45 26 28 55 21 32 35
internal_value=7.11566e-10 0.131224 0.227465 -0.114989 0.382444 -0.014985 0.570474 0.78262 -0.00926093 -0.00425012 -0.0240597 0.108923 0.208258 -0.233546 -0.275355 -0.00677415 0.308905 0.0581536 -0.404341 -0.727774 0.00787657 0.140431 0.334638 0.0659897 -0.233324 0.52493 0.38892 -0.658991 -0.593872 0.300625
internal_weight=3398 224 199 62 137 44 93 65 3174 3135 2668 467 362 105 75 2552 147 100 116 65 51 63 287 119 74 168 140 47 52 74
internal_count=3398 224 199 62 137 44 93 65 3174 3135 2668 467 362 105 75 2552 147 100 116 65 51 63 287 119 74 168 140 47 52 74
is_linear=0
shrinkage=0.05


Tree=71
num_leaves=31
num_cat=0
split_feature=16 14 2 16 17 10 19 19 0 17 17 11 22 9 11 0 19 5 2 10 11 17 12 17 18 18 16 3 5 21
split_gain=1684.55 6595.04 4983.69 3843.58 3361.46 2723.96 2651.11 2752.17 8009.66 8925.32 8941.06 8559.94 11844.8 7883.37 11040.4 7455.01 7030.39 7221.12 10108.6 6971.29 6942.23 5768.4 7198.84 7542.31 5719.14 9016.11 11230.7 8986.59 7436.69 7205.81
threshold=15.004261114134408 112.85651917622071 67.856137292391182 16.010665463804607 71.595364908819988 7.183079745877003 4.0717699163529675 25.106689266442629 157.98886325002368 26.699332803368819 35.16545532048449 1.380586932744867 79.630701569397004 0.60355339059327384 -2.8968885571045102 213.28818797005383 23.365384868771212 5.5000000000000009 81.461685244447992 2.5288426113673013 -0.85977807164910602 48.04503353361487 46.810559876020726 125.15867396512705 90.480457417261206 86.262544341303723 106.39446357476099 5.2990000542916071 3.5000000000000004 31.46061045684451
decision_type=2 2 2 2 2 2 2 2 2 2 2 2 2 2 2 2 2 2 2 2 2 2 2 2 2 2 2 2 2 2
left_child=1 2 4 -2 -1 6 -5 8 9 11 -11 12 -8 15 -15 19 17 -12 21 -10 -18 -19 -23 -24 25 29 28 -28 -27 -9
right_child=3 -3 -4 5 -6 -7 7 24 13 10 16 -13 -14 14 -16 -17 20 18 -20 -21 -22 22 23 -25 -26 26 27 -29 -30 -31
leaf_value=-1.0789511891511772 0.59020956584385464 0.51327471159122606 0.081159459289751559 -0.49718945691218741 -0.32840359134333474 -0.55260046883062885 0.79688424026966098 -0.30823037553220822 -0.63274399493370326 1.1601979768701962 -0.21479118903900718 -1.1321154042401098 -0.83562095284461968 1.0772365748882293 -0.043756518528864884 0.11241355234018083 0.21771965821584069 1.0735673446456591 -0.40030005448921169 0.141328123368715 1.4333430414614472 -0.2428318126257076 0.30347881206380561 1.146339481017169 -0.14077982633033101 -0.1337213361704791 -1.0015570174092832 0.38152180624504889 0.79759439318799064 0.03200973735219128
leaf_weight=26 28 27 38 26 35 22 25 177 124 28 94 22 20 30 82 92 24 30 44 38 23 43 121 34 679 27 23 24 104 1288
leaf_count=26 28 27 38 26 35 22 25 177 124 28 94 22 20 30 82 92 24 30 44 38 23 43 121 34 679 27 23 24 104 1288
internal_value=1.44001e-10 -0.1794 -0.368311 0.00690843 -0.648309 0.00187377 0.00565975 0.00975052 0.085378 0.213856 0.295546 -0.323834 0.0713264 -0.0929472 0.256509 -0.247038 0.236926 0.163 0.293561 -0.451172 0.812599 0.427464 0.329569 0.488364 -0.0187156 0.0317297 0.367753 -0.295304 0.605644 -0.00909777
internal_weight=3398 126 99 3272 61 3244 3222 3196 874 508 441 67 45 366 112 254 413 366 272 162 47 228 198 155 2322 1643 178 47 131 1465
internal_count=3398 126 99 3272 61 3244 3222 3196 874 508 441 67 45 366 112 254 413 366 272 162 47 228 198 155 2322 1643 178 47 131 1465
is_linear=0
shrinkage=0.05


Tree=72
num_leaves=31
num_cat=0
split_feature=0 0 18 21 17 10 0 16 22 1 14 23 17 0 10 11 9 19 1 23 0 9 14 0 12 4 6 21 20 21
split_gain=1657.78 2852.04 2367.61 2170.79 2252.82 7182.71 7259.32 12547.2 7766.11 8079.21 5508.67 5474.09 5106.61 16543.1 8071 6488.1 9634.8 9181.29 7586.1 7699.96 6938.85 6548.34 6266.03 6047.57 5686.4 4918.31 4600.37 8100.42 4684.13 8703.09
threshold=246.89113769280888 243.66283374257739 131.09044239716633 58.933068563743262 122.35553130305776 -6.0150895446492862 89.410540603103371 39.753473935799356 77.482491086464861 27.015732602670266 82.539219291713906 43.218245116653229 101.06304571652402 50.099372711545676 -4.9327718996120442 2.752397651958137 -0.60355339059327384 38.726572211696471 27.193548784632494 37.220137319112759 137.777641908064 1.0000000180025095e-35 94.075666185457791 138.96488742226981 74.238149442916665 286.1518347711168 1.5000000000000002 40.547324791629045 83.774026955230156 34.751170242454457
decision_type=2 2 2 2 2 2 2 2 2 2 2 2 2 2 2 2 2 2 2 2 2 2 2 2 2 2 2 2 2 2
left_child=1 2 3 4 12 -6 7 -7 9 10 -8 25 -1 -14 -15 16 20 23 22 -20 -16 -21 -18 -17 -24 -9 27 -10 29 -28
right_child=-2 -3 -4 -5 5 6 8 11 26 -11 -12 -13 13 14 15 17 18 -19 19 21 -22 -23 24 -25 -26 -27 28 -29 -30 -31
leaf_value=-0.013904875965161873 -0.32411159445077947 0.428852146711105 0.48351549410820011 -0.47869826468328641 0.67816857654472873 -0.62011673510074616 -0.57607912792099847 0.41059958496823523 -0.021783352659103722 -0.066546091048613851 -1.4794614054538586 1.0429612887593416 -0.6836759034325095 -0.46916591174462269 1.5107134357575447 -0.15764024129935675 0.77887698588046161 -0.63029268446721531 0.77191818979653448 0.43684489576315344 0.51408806350082159 -0.58652862597394873 -0.52398256043141545 1.0423167313848223 0.53434054320057234 -0.45146256401425316 -0.85321266634123671 -1.0734050766626995 0.27446323711540282 0.10164459323883057
leaf_weight=2201 39 39 25 24 29 40 45 78 47 46 27 26 51 34 31 21 88 38 22 22 40 54 22 21 30 21 35 30 97 75
leaf_count=2201 39 39 25 24 29 40 45 78 47 46 27 26 51 34 31 21 88 38 22 22 40 54 22 21 30 21 35 30 97 75
internal_value=-1.1473e-10 0.00376313 -0.00123039 -0.00490828 -0.00143198 -0.0893406 -0.128596 0.150657 -0.243215 -0.584154 -0.914847 0.397304 0.0181544 0.16702 0.269587 0.334156 0.438057 -0.0671614 0.285563 -0.0518343 0.949234 -0.290289 0.521741 0.442338 0.0865885 0.227738 -0.101557 -0.431506 0.0211779 -0.202174
internal_weight=3398 3359 3320 3295 3271 596 567 165 402 118 72 125 2675 474 423 389 309 80 238 98 71 76 140 42 52 99 284 77 207 110
internal_count=3398 3359 3320 3295 3271 596 567 165 402 118 72 125 2675 474 423 389 309 80 238 98 71 76 140 42 52 99 284 77 207 110
is_linear=0
shrinkage=0.05


Tree=73
num_leaves=31
num_cat=0
split_feature=23 1 8 10 17 14 12 13 11 13 13 20 9 21 0 16 23 16 18 17 12 23 21 15 1 18 12 22 18 16
split_gain=1630.45 5269.84 6650.84 9528.41 7188.74 7490.44 6494.15 5770.68 6868.07 6386.88 10679.7 7064.63 6549.32 8892.73 8266.64 6659.91 6108.84 5931.21 6131.09 5143.46 5030.23 4801.43 8104.02 10863.5 9209.72 6268.16 5479.9 4757.62 6461.36 6439.98
threshold=36.931727232633968 34.452304778204827 -0.70710678118654735 4.2063852892852074 54.301873295395531 59.105344629743854 22.834455605907564 30.448087051757152 0.66754822709090123 108.07633175403646 129.21352253986669 82.90658335205184 -0.70710678118654757 22.328231005254676 215.68821421109325 54.33839173000036 35.401772933994046 117.78828729718253 81.010933374097391 92.74587225989616 63.022473975577576 38.060003377471233 42.313619880816503 33.403128473015684 31.614882586214922 68.22394790336925 80.393303651438885 85.615946710486682 98.372598237510445 102.79853183547515
decision_type=2 2 2 2 2 2 2 2 2 2 2 2 2 2 2 2 2 2 2 2 2 2 2 2 2 2 2 2 2 2
left_child=1 2 3 4 -1 -6 -4 8 -8 12 11 -11 17 -14 15 -15 -12 18 20 -7 -9 22 24 -24 27 -25 -26 28 -2 -29
right_child=21 -3 6 -5 5 19 7 9 -10 10 16 -13 13 14 -16 -17 -18 -19 -20 -21 -22 -23 23 25 26 -27 -28 29 -30 -31
leaf_value=0.12485370375216008 0.18374806560110302 0.73302260875701908 -0.65594525370332935 0.6396611305326223 -0.12568998582222884 -1.4704143825699303 0.10685682678833985 0.24211196074118982 1.2284132730393182 1.2508009042342505 0.17095220253385346 0.26024586002031963 0.69537997126579287 0.051701169154223271 0.30495852358413467 -0.74032223749259296 -0.96493072133511315 -0.50923015764355661 -0.13181334618065094 -0.60694135180541453 1.2459338724613191 -0.0086256799932794073 -0.40667897718293333 0.23040641136467457 -0.12242327089662906 1.2235561058876363 -1.214386924058199 -0.86114888502203901 1.0976432009176775 0.36563352972269059
leaf_weight=32 160 20 36 20 34 34 39 26 21 30 29 45 20 34 33 121 20 25 36 35 24 2320 21 24 27 47 20 23 22 20
leaf_count=32 160 20 36 20 34 34 39 26 21 30 29 45 20 34 33 121 20 25 36 35 24 2320 21 24 27 47 20 23 22 20
internal_value=-6.10814e-10 -0.0671512 -0.090211 -0.378851 -0.529742 -0.733112 -0.00720682 0.0392238 0.499402 -0.0231028 0.281404 0.656468 -0.141469 -0.306971 -0.413604 -0.566588 -0.292673 0.16866 0.365721 -1.03242 0.723946 0.0178636 0.186697 0.592355 0.0494887 0.887844 -0.587089 0.182463 0.294219 -0.290552
internal_weight=3398 714 694 155 135 103 539 503 60 443 124 75 319 208 188 155 49 111 86 69 50 2684 364 92 272 71 47 225 182 43
internal_count=3398 714 694 155 135 103 539 503 60 443 124 75 319 208 188 155 49 111 86 69 50 2684 364 92 272 71 47 225 182 43
is_linear=0
shrinkage=0.05


Tree=74
num_leaves=31
num_cat=0
split_feature=17 14 4 13 5 23 4 2 12 3 17 21 21 22 11 3 22 4 15 23 23 0 3 16 12 12 10 23 14 9
split_gain=1600.84 6422.73 2200.18 6755.75 6884.98 6892.46 4575.01 7338.03 5199.01 4878.32 4494.01 3461.73 7609.54 2846.5 6759.89 4490.72 4086.44 7992.15 6377.01 10056.1 9698.39 8002.26 12412.7 8546.1 8593.48 6997.39 6444.02 5843.82 5596 5386.51
threshold=12.895455419497763 75.729041930711318 13.245539054340847 42.701061085029934 7.5000000000000009 39.927986914101346 26.977660370441267 52.613630050601188 60.4712927148341 2.7035313369826586 79.360796356425439 16.280793435060428 18.870275222017128 64.098083662725074 -1.4318286204818704 4.1809618309660097 74.483510096289891 55.737008625830796 30.448087051757152 42.388288078130252 36.133103626804882 185.3476620765546 5.324063216987537 55.340006224674795 87.188231162196203 39.510100006939247 3.5884603142861562 39.707115879828862 80.341546760009535 -0.78656609248549325
decision_type=2 2 2 2 2 2 2 2 2 2 2 2 2 2 2 2 2 2 2 2 2 2 2 2 2 2 2 2 2 2
left_child=1 -1 3 -2 5 -5 7 8 -4 -9 -6 -8 -13 14 -14 -16 17 -15 19 26 -20 22 -22 -23 25 -25 27 28 -19 -24
right_child=2 -3 6 4 10 -7 11 9 -10 -11 -12 12 13 16 15 -17 -18 18 20 -21 21 23 29 24 -26 -27 -28 -29 -30 -31
leaf_value=-0.25619204184588268 0.49016877745078613 0.70207848780685012 1.4119905027747155 -0.24129281327837993 -0.47548844380812211 -1.5223317461354393 -0.48222253197117859 0.57086227406626167 0.33042768573760989 -0.33128776508708335 0.34968494772911074 0.68306230522692202 0.3204001041019664 -0.51706752497322706 -0.9003081431755654 -0.12015922509133817 -0.036463705315819987 0.091059544453254121 -0.42036475878815321 -0.22268988177180293 0.057681298362357282 -0.73054145185843766 1.3928182339126414 0.44191735744476318 0.8904828112125398 -0.80206843239183623 -0.037985813194377854 1.4629259515193203 1.2035243374109268 0.52866156600415715
leaf_weight=34 28 36 20 21 33 21 38 23 25 43 33 40 34 49 39 35 2158 26 86 40 224 46 22 20 25 26 22 31 20 100
leaf_count=34 28 36 20 21 33 21 38 23 25 43 33 40 34 49 39 35 2158 26 86 40 224 46 22 20 25 26 22 31 20 100
internal_value=7.75179e-10 0.236633 -0.00497725 -0.201933 -0.381367 -0.881812 0.00341435 0.318783 0.811122 -0.0169021 -0.0629017 -0.00794753 -0.00202494 -0.0111503 -0.263185 -0.531319 -0.00174798 0.0999027 0.143844 0.44637 0.067248 0.15782 0.278696 -0.199643 0.144319 -0.261205 0.716697 0.932321 0.57474 0.684493
internal_weight=3398 70 3328 136 108 42 3192 111 45 66 66 3081 3043 3003 108 74 2895 737 688 139 549 463 346 117 71 46 99 77 46 122
internal_count=3398 70 3328 136 108 42 3192 111 45 66 66 3081 3043 3003 108 74 2895 737 688 139 549 463 346 117 71 46 99 77 46 122
is_linear=0
shrinkage=0.05


Tree=75
num_leaves=31
num_cat=0
split_feature=23 23 13 21 21 0 14 23 11 17 5 17 3 15 16 13 14 11 5 0 21 16 14 17 5 15 15 0 2 4
split_gain=1616.88 6039.17 5069.87 6271.93 5366.05 6424.12 4536.61 4523.81 4431.68 4761.17 8973.54 7265.19 4753.95 4435.38 3865.96 3643.28 2866.73 10920.6 4638.93 4427.56 5022.9 4433.31 3471.09 7111.02 3340.91 17795.1 10681.6 5349.45 5202.31 5064.09
threshold=45.814108510011316 44.385134951492184 142.0295877546524 42.099205352499446 47.443781340813068 70.202111622229026 126.58260430826508 44.189858859514935 -4.0937204670461362 47.542029524513509 13.500000000000002 82.333509420041466 4.7465240991892683 60.82108240160283 101.0832322317609 74.204157295782778 18.516249388623095 3.8980553288456092 17.500000000000004 101.95815567020342 43.764612284769534 66.540977494920284 21.258055310232422 81.5212350398822 2.5000000000000004 101.75209917797334 79.04973200589599 168.0538451064883 72.915454436756036 145.21540452072938
decision_type=2 2 2 2 2 2 2 2 2 2 2 2 2 2 2 2 2 2 2 2 2 2 2 2 2 2 2 2 2 2
left_child=1 7 3 15 -5 -6 8 16 -3 10 -10 -11 13 -13 -7 -2 17 18 19 21 -21 -1 23 -18 25 26 28 -28 -24 -30
right_child=2 6 -4 4 5 14 -8 -9 9 11 -12 12 -14 -15 -16 -17 22 -19 -20 20 -22 -23 24 -25 -26 -27 27 -29 29 -31
leaf_value=-0.34733277062575024 1.0250622077421709 0.50534380891106345 0.89392954856157303 -0.62050452200989981 -0.70925438672304164 0.047538971019034482 -0.77424598294827673 0.54515271576551294 -0.091748949710060576 0.60777255853017176 -1.3545092514405648 -0.5957355630397797 -0.8593674107239796 0.37214029760196293 0.82210132579008732 0.11510703942992472 -0.091678813580543764 0.74689913713015044 -0.88697647470416452 0.013116490244865418 -0.85749228578564285 0.65748432822849445 -0.26156040623232174 1.0547068050752084 0.028312938132216015 -0.70767892500271612 0.25675376512502374 1.1772196866847853 -0.14785858880389821 0.95144877672195438
leaf_weight=21 22 22 20 38 20 49 36 39 34 30 24 20 26 29 24 22 31 26 33 30 37 23 135 24 2378 98 38 27 22 20
leaf_count=21 22 22 20 38 20 49 36 39 34 30 24 20 26 29 24 22 31 26 33 30 37 23 135 24 2378 98 38 27 22 20
internal_value=-6.85747e-11 -0.00851011 0.139784 0.053596 -0.119881 0.0846748 -0.260706 0.0101804 -0.160774 -0.250679 -0.61427 -0.0498383 -0.312883 -0.0229111 0.30219 0.570085 0.00309111 -0.196214 -0.366499 -0.211762 -0.467667 0.177913 0.0153096 0.408562 0.00735196 -0.139252 0.090938 0.639101 -0.110365 0.375621
internal_weight=3398 3203 195 175 131 93 221 2982 185 163 58 105 75 49 73 44 2943 170 144 111 67 44 2773 55 2718 340 242 65 177 42
internal_count=3398 3203 195 175 131 93 221 2982 185 163 58 105 75 49 73 44 2943 170 144 111 67 44 2773 55 2718 340 242 65 177 42
is_linear=0
shrinkage=0.05


Tree=76
num_leaves=31
num_cat=0
split_feature=22 18 2 11 11 16 19 9 18 2 16 20 22 17 1 9 1 20 5 15 4 23 2 2 0 8 16 19 8 2
split_gain=1581.82 8684.71 5483.89 5753.36 4932.67 7900.07 8290.54 9080.22 7671.07 6656.55 6460.55 5642.01 5537.65 5173.33 4818.84 5685.37 5509.07 6454.89 4446.72 4106.9 3579.93 6003.5 4234.5 4059.93 5266.34 3824.84 3554.08 3239.78 7631.56 8190.04
threshold=86.019581198893988 57.441431512711205 85.397133232680247 -1.031871462968746 1.311484810004188 112.68943149618877 41.491440785021389 -0.70710678118654757 86.262544341303723 72.448207795959704 94.849639674288312 92.685509201422832 88.801647050137476 103.56459527560303 22.278556845810765 0.78656609248549303 26.211666550509261 98.406227098693222 15.500000000000002 97.864829284903067 347.76246209068535 40.945587525703317 69.135849733293171 31.158943206020037 126.1295796025117 0.60355339059327384 98.568748705615278 44.274933116388105 0.78656609248549325 33.047257901374543
decision_type=2 2 2 2 2 2 2 2 2 2 2 2 2 2 2 2 2 2 2 2 2 2 2 2 2 2 2 2 2 2
left_child=20 -2 3 14 9 6 7 -6 -7 10 12 -11 -5 -8 -3 16 -16 -18 -12 -9 23 22 -22 24 -1 -23 -4 -25 29 -29
right_child=1 2 26 4 5 8 13 19 -10 11 18 -13 -14 -15 15 -17 17 -19 -20 -21 21 25 -24 27 -26 -27 -28 28 -30 -31
leaf_value=-0.078812737046526027 0.80617259458491675 0.66671219326682019 -0.040566595395406087 0.53032881942662324 1.1492467167973519 0.011734169462452764 -0.11882596537470819 0.28747163162781647 1.2770083689689637 0.84458374750046505 -1.1915808526958738 -0.28896361991115244 -0.53832599542759085 -1.1934245120911371 -0.76875930221920674 0.71404389056066675 -0.18673966457135976 0.84752476323734638 -0.28442529426379637 -0.6655529534816742 -0.93473827013602628 0.59170037145199983 -0.079335728417272156 -0.051063469738887216 0.91818396956832327 -0.34161712669190908 -0.94024250662845121 -0.93818580242602723 0.35139953590728146 0.021677974823262194
leaf_weight=26 38 59 21 22 20 23 24 26 25 21 35 23 27 21 22 30 48 22 22 20 39 23 23 1801 27 21 23 23 185 658
leaf_count=26 38 59 21 22 20 23 24 26 25 21 35 23 27 21 22 30 48 22 22 20 39 23 23 1801 27 21 23 23 185 658
internal_value=2.0334e-10 0.0758271 0.0238549 0.0718694 -0.0592578 0.134777 -0.0969874 0.25982 0.670731 -0.264934 -0.479531 0.252048 -0.0585218 -0.620305 0.295727 0.116317 -0.0785942 0.138315 -0.841451 -0.126887 -0.0153479 -0.300419 -0.617412 -0.0042385 0.429091 0.146253 -0.510852 -0.0128499 0.0666221 -0.0107403
internal_weight=3398 572 534 490 309 159 111 66 48 150 106 44 49 45 181 122 92 70 57 46 2826 106 62 2720 53 44 44 2667 866 681
internal_count=3398 572 534 490 309 159 111 66 48 150 106 44 49 45 181 122 92 70 57 46 2826 106 62 2720 53 44 44 2667 866 681
is_linear=0
shrinkage=0.05


Tree=77
num_leaves=31
num_cat=0
split_feature=1 1 1 21 13 5 15 13 0 15 9 23 0 10 17 14 17 2 10 0 3 10 22 21 22 2 22 23 1 23
split_gain=1565.53 1907.44 9032.81 7166.45 10965.4 9006.1 10475.1 8068.07 7744.6 6098.04 6593.11 5711.79 6723.31 4300.75 2938.38 7210.15 3303.21 6370.08 9022.69 9611.84 8624.12 6592.3 7360.68 7243.94 7596.29 5923.36 5902.6 5650.89 4596.62 4517.56
threshold=34.874102459881584 32.895248511743709 32.667821894083275 34.851538704449212 101.23041363574085 3.5000000000000004 131.63688227029607 77.601134694581447 193.73673439819643 52.660190239772668 0.25881904510252057 41.079175554738846 172.2189875643289 1.0014628742636205 12.895455419497763 75.729041930711318 36.970326775740226 63.667777848965521 0.81097455550764597 95.056660772834022 5.324063216987537 1.5893010023530916 84.206519718882831 37.427415480015142 79.630701569397004 83.081904652728767 81.493683885658371 40.164974587460698 21.954328227364538 40.096585488485765
decision_type=2 2 2 2 2 2 2 2 2 2 2 2 2 2 2 2 2 2 2 2 2 2 2 2 2 2 2 2 2 2
left_child=1 2 14 8 5 -5 7 13 9 -3 -11 -6 -13 -7 15 -1 17 21 20 -20 25 22 26 -23 -25 28 29 -21 -19 -16
right_child=-2 3 -4 4 11 6 -8 -9 -10 10 -12 12 -14 -15 16 -17 -18 18 19 27 -22 23 -24 24 -26 -27 -28 -29 -30 -31
leaf_value=-0.20532453396627981 -0.38649746959026043 0.71618715047836312 -0.76560266858492154 -0.27398362848907709 -0.53648395619609146 1.1154412094089721 -0.18797460382892972 1.936282261610031 -0.84298538005713264 0.25543796751234266 -0.74819610555966698 -0.29365813755989073 0.91990033785502112 0.24014913839814456 -0.083328590478215905 0.86460845787078144 0.018286634612999949 -0.50268284032742183 -0.67789391731393756 -0.087984796081270494 0.061381512017626517 0.27171193502451246 -0.48035697110873815 -0.22971596206937517 -1.3311917237613513 -0.19560330002396198 1.0702236890792847 0.88465080410242081 -1.3531628806540308 0.46668524412438278
leaf_weight=31 26 25 39 24 44 36 21 20 33 36 30 25 21 23 70 32 2390 24 29 28 38 38 34 49 23 27 23 32 47 80
leaf_count=31 26 25 39 24 44 36 21 20 33 36 30 25 21 23 70 32 2390 24 29 28 38 38 34 49 23 27 23 32 47 80
internal_value=-4.109e-10 0.00298011 -0.00957157 0.115648 0.290902 0.595822 0.804575 1.06842 -0.186806 0.051149 -0.200759 -0.129209 0.260358 0.774226 0.000273238 0.338133 -0.00698638 -0.11843 -0.321891 0.0695093 -0.578028 0.0259823 0.192197 -0.286804 -0.581576 -0.825963 0.324376 0.430754 -1.06568 0.210012
internal_weight=3398 3372 3034 338 214 124 100 79 124 91 66 90 46 59 2995 63 2932 542 225 89 136 317 207 110 72 98 173 60 71 150
internal_count=3398 3372 3034 338 214 124 100 79 124 91 66 90 46 59 2995 63 2932 542 225 89 136 317 207 110 72 98 173 60 71 150
is_linear=0
shrinkage=0.05


Tree=78
num_leaves=31
num_cat=0
split_feature=22 18 4 2 15 1 21 5 19 1 1 19 6 19 9 22 13 19 9 22 18 18 9 15 15 23 18 3 8 17
split_gain=1496.37 7868.8 5102.85 5014.22 4791.11 13261.6 10456.8 9972.33 6499.45 5020.86 4272.71 5999.97 5660.01 6208.4 5459.2 3978.15 5541.18 3588.43 3511.81 3509.05 9942.21 6039.21 6116.23 7937.34 9518.94 6204.41 5570.94 4604.64 9558.79 5161.43
threshold=86.019581198893988 57.441431512711205 349.05383015562501 84.022466861791045 72.425668004102889 27.790711204607344 39.604780216339904 17.500000000000004 16.129719142816533 20.6010144545217 24.716347767700046 26.977418220353687 5.5000000000000009 29.103365998830036 -0.78656609248549325 90.961057273279224 81.771583984483712 42.708485906958849 -0.12940952255126037 84.143650986307634 109.14359995898614 65.801743303265127 0.37940952255126048 92.483202169370301 54.040236055485856 39.348697922672756 54.818561360480857 0.93208155391589553 -0.37940952255126059 77.936081062080419
decision_type=2 2 2 2 2 2 2 2 2 2 2 2 2 2 2 2 2 2 2 2 2 2 2 2 2 2 2 2 2 2
left_child=19 -2 3 4 5 7 -7 9 -6 -3 12 -12 13 -10 -13 16 -16 -11 -5 27 21 26 23 24 -23 -25 -21 28 -1 -30
right_child=1 2 -4 18 8 6 -8 -9 10 17 11 14 -14 -15 15 -17 -18 -19 -20 20 -22 22 -24 25 -26 -27 -28 -29 29 -31
leaf_value=-0.26686283507437075 0.76894301121172148 0.75672401711344728 0.80784036502242085 -0.99330237895250328 0.54612134336619766 0.32886548340320587 -0.99128570765256885 1.4500020054670482 0.1782426958992368 0.38229176220686539 -0.66475019896471954 0.80185379019150371 0.33935457680906572 -0.80529425492619766 -0.38282715448966398 -0.50451018862940111 0.54181737456210832 -0.53346017718315131 -0.14348673666677167 0.089141841828823093 -1.1849344196526901 0.63116964201132464 -0.33788365616928789 1.1935218270619712 -0.67752745119911262 0.072962087108975365 -0.97462419655639687 -0.014228697620838147 0.86643963445877203 0.11674448534062035
leaf_weight=53 38 36 20 20 37 30 30 26 21 23 27 26 21 68 26 29 43 20 31 20 23 24 64 30 33 21 32 2430 58 38
leaf_count=53 38 36 20 20 37 30 30 26 21 23 27 26 21 68 26 29 43 20 31 20 23 24 64 30 33 21 32 2430 58 38
internal_value=-2.82247e-10 0.0737506 0.02428 -0.00620877 0.0456217 0.261776 -0.33121 0.600625 -0.074061 0.321083 -0.16198 0.0106873 -0.399004 -0.573224 0.157758 -0.013124 0.193401 -0.0436394 -0.476748 -0.0149276 -0.194962 -0.0933132 0.0494359 0.278959 -0.126497 0.732115 -0.565483 0.00231498 0.272121 0.569685
internal_weight=3398 572 534 514 463 165 60 105 298 79 261 151 110 89 124 98 69 43 51 2826 247 224 172 108 57 51 52 2579 149 96
internal_count=3398 572 534 514 463 165 60 105 298 79 261 151 110 89 124 98 69 43 51 2826 247 224 172 108 57 51 52 2579 149 96
is_linear=0
shrinkage=0.05


Tree=79
num_leaves=31
num_cat=0
split_feature=23 23 2 23 20 13 1 3 1 17 3 4 11 19 1 14 16 15 14 21 15 14 20 23 23 14 19 0 20 15
split_gain=1485.76 6198.43 5552.2 6327.07 4739.61 8052.3 2822.86 2632.64 10408.8 4756.41 3386.58 3144.55 5371.5 5549.67 7701.41 3713.95 6087.54 6248.96 6779.94 6049.52 5963.98 5553.45 8789.17 8210.67 7156.68 6479.61 9618.65 7165.38 6816.96 6254.44
threshold=33.612881526718816 34.23702838303619 38.020546980854405 33.210696112923785 83.774026955230156 83.829066191876379 22.406827036944854 0.69709120439496641 21.871753277394273 80.510847114741765 0.76377198201768837 347.76246209068535 -6.8506532883726869 36.049673321768317 22.729014691421828 63.794391967260928 140.7376399029155 132.3292303444581 55.192103235068068 52.370622961238674 82.523859102774296 92.512132932741864 91.026427392308349 36.931727232633968 43.028527300232838 97.495915774877929 21.624923184370122 204.23809579593521 54.96864114948017 26.750944883744555
decision_type=2 2 2 2 2 2 2 2 2 2 2 2 2 2 2 2 2 2 2 2 2 2 2 2 2 2 2 2 2 2
left_child=2 6 -1 4 5 -4 -2 8 -3 -10 -9 15 -13 -14 -15 16 17 19 -19 -12 -18 22 -17 -24 -25 26 -23 -28 -27 -30
right_child=1 7 3 -5 -6 -7 -8 10 9 -11 11 12 13 14 -16 21 20 18 -20 -21 -22 25 23 24 -26 28 27 -29 29 -31
leaf_value=-0.61178949262946847 -0.16044378854610303 1.1543408165375391 -0.040634139531697984 0.99577899312973028 -0.35032635827859249 1.1933472275733947 -0.87088507290544193 -0.5623535372592785 0.28908851185152606 -0.68549887012867705 -0.019255918780596466 0.4533862460743297 -0.86343469314277188 0.69535297777503735 -0.5224490062610524 0.086574978917715262 -0.86991925204909126 -0.19428680202848203 -1.1550931442867627 0.5027529939503993 0.1580594261487325 -1.1181116930900081 -0.34840621963143348 1.0467726338932763 0.094917045852967674 0.8820799054658931 -0.35173814119923802 0.73882855713367468 -0.31559632903663443 0.057410690243822095
leaf_weight=20 27 24 39 25 36 20 29 27 31 21 936 22 40 20 37 489 43 111 22 59 21 31 20 67 28 23 61 20 128 921
leaf_count=20 27 24 39 25 36 20 29 27 31 21 936 22 40 20 37 489 43 111 22 59 21 31 20 67 28 23 61 20 128 921
internal_value=-1.24816e-10 -0.00685364 0.159494 0.288041 0.101794 0.377665 -0.528351 0.00226686 0.293032 -0.104495 -0.00480229 5.53721e-05 -0.251987 -0.411968 -0.0951501 0.0101201 -0.0582435 -0.0313289 -0.353217 0.0116974 -0.532614 0.0556959 0.17907 0.572377 0.766226 -0.00724169 -0.369115 -0.0824624 0.030566 0.011896
internal_weight=3398 3258 140 120 95 59 56 3202 76 52 3126 3099 119 97 57 2980 1192 1128 133 995 64 1788 604 115 95 1184 112 81 1072 1049
internal_count=3398 3258 140 120 95 59 56 3202 76 52 3126 3099 119 97 57 2980 1192 1128 133 995 64 1788 604 115 95 1184 112 81 1072 1049
is_linear=0
shrinkage=0.05


Tree=80
num_leaves=31
num_cat=0
split_feature=11 11 15 21 11 18 12 3 0 1 20 21 22 9 22 3 0 8 20 1 17 3 0 23 14 13 23 15 22 23
split_gain=1501.44 1880.82 8431.96 7453.56 6826.07 7837.43 2880.61 2679.05 2160.32 6233.07 6816.42 10280.2 8764.35 7311.23 8627.86 7525.08 5549.82 12481.8 11347.4 13925.1 8821.21 7403 6733.5 5771.16 7516.7 6942.98 6154.47 5498.68 5283.03 7442.87
threshold=-7.5172983863066527 -5.7057013829297043 97.864829284903067 40.917745489421215 -6.0043802436320419 70.607847746697971 11.238442564756813 7.0659828156581019 80.775776376795477 15.460939437164965 58.394016597849081 28.34011093680456 74.629829165909015 0.60355339059327384 76.353465024051175 5.3907939208021007 110.33393773238176 0.98296291314453421 73.667646390043515 30.002231321210221 101.06304571652402 2.8328007294628978 97.872815841559813 40.577520766628346 127.12765346324683 86.583133989900901 43.218245116653229 79.570617541525465 76.947089517057464 42.059113196094337
decision_type=2 2 2 2 2 2 2 2 2 2 2 2 2 2 2 2 2 2 2 2 2 2 2 2 2 2 2 2 2 2
left_child=-1 2 4 -4 5 -2 -3 -7 9 -8 11 -11 -13 28 15 -15 17 18 19 22 23 -22 -10 24 25 -20 -25 -24 -12 -30
right_child=1 6 3 -5 -6 7 8 -9 16 10 13 12 -14 14 -16 -17 -18 -19 20 -21 21 -23 27 26 -26 -27 -28 -29 29 -31
leaf_value=-0.36462671841893879 0.76331204337042735 -0.52967634865870838 -0.92717685533894434 0.2008538597263396 1.1713536968765161 0.13854313355225784 0.72166889359553654 -0.61114913435144869 -0.77736877273429528 -0.38453065265308728 -0.25000691678434767 1.2311687714913313 -0.04960691874677485 -0.30667415935060255 -0.61978762191026782 0.80098806775134546 -0.011979086018764622 -0.96715916124257173 -0.82576209346453355 0.61227396901916054 0.23226076877117158 1.2896180359988798 -0.44166477970008194 1.2765758339477624 0.84086238950490955 0.21082274453980585 0.26729360131377522 0.59356835095778759 0.23895996007897438 -0.33288413615195789
leaf_weight=28 37 26 27 32 24 26 24 22 55 33 187 34 22 46 141 23 1965 22 30 51 25 49 29 23 20 35 44 23 218 77
leaf_count=28 37 26 27 32 24 26 24 22 55 33 187 34 22 46 141 23 1965 22 30 51 25 49 29 23 20 35 44 23 218 77
internal_value=4.10907e-10 0.00302954 0.166104 -0.315364 0.426714 0.216463 -0.00552651 -0.205066 -0.00123561 -0.0720068 -0.0963964 0.315493 0.728007 -0.149371 -0.395592 0.0625466 0.0227926 0.191084 0.257442 -0.0676299 0.484704 0.932403 -0.391696 0.266746 -0.00678611 -0.267601 0.613764 0.0162268 -0.0420956 0.089699
internal_weight=3398 3370 168 59 109 85 3202 48 3176 805 781 89 56 692 210 69 2371 406 384 158 226 74 107 152 85 65 67 52 482 295
internal_count=3398 3370 168 59 109 85 3202 48 3176 805 781 89 56 692 210 69 2371 406 384 158 226 74 107 152 85 65 67 52 482 295
is_linear=0
shrinkage=0.05


Tree=81
num_leaves=31
num_cat=0
split_feature=23 20 23 14 14 22 8 16 20 21 16 0 0 15 0 16 10 21 5 0 14 18 4 20 15 17 10 13 13 14
split_gain=1473.53 2543.77 1958.8 6003.37 6946.9 6034.25 5796.61 6804.4 6541.04 5715.6 7880.37 5708.35 5392.56 5363.63 7781.12 5149.38 4872.81 6366.46 5836.72 4770.64 4214.73 6348.24 6949.13 6752.93 7132.3 11401.1 10025.4 6313.96 7036.09 5290.99
threshold=31.345376272086877 88.065452363382931 36.931727232633968 16.010665463804607 61.298969853793231 71.28633963747599 -0.78656609248549303 72.613312348722147 73.035021913098475 41.280032452016584 84.244509391141733 87.072873729932823 148.18959913143945 86.516802513448042 175.36514195109572 63.25714978359256 0.83864163861993235 32.555287805363619 8.5000000000000018 56.514363117354229 61.664762173837865 52.390916543865792 138.56741681383127 54.96864114948017 26.750944883744555 50.002074900397268 -2.675158080058432 124.35594358821997 88.039154252347913 54.139128986754393
decision_type=2 2 2 2 2 2 2 2 2 2 2 2 2 2 2 2 2 2 2 2 2 2 2 2 2 2 2 2 2 2
left_child=1 -1 3 -2 11 15 12 8 -8 10 -9 19 -7 -10 -15 -6 17 -12 -18 -5 29 22 -22 -23 25 -25 -27 28 -28 -4
right_child=2 -3 20 4 5 6 7 9 13 -11 16 -13 -14 14 -16 -17 18 -19 -20 -21 21 23 -24 24 -26 26 27 -29 -30 -31
leaf_value=0.68344377222515296 -0.91210271063305093 -0.094798075017474948 -0.014946707391906828 0.20551888552205316 -0.22912550514394586 -0.063776104393843056 1.1011656121774154 -1.1058538045883179 0.56521506886451678 0.47131602065316563 0.046768887961904211 0.33105484601110224 -0.92953849196434024 0.36415040636062623 -0.94139044057755239 -1.0704639923187995 -0.37149538299576806 -0.8821299874356815 0.70851820111274721 -0.70141228457977034 0.1352197410305962 0.75314599533338811 -0.87097912028029156 -0.73401054744334793 0.11194899923563151 -0.6489775208454277 0.19935647081910521 -0.48473995983600615 1.2054428192377091 -0.32605050402566976
leaf_weight=21 21 21 874 29 44 37 22 25 39 29 39 160 35 25 21 31 22 35 29 29 32 37 37 68 1335 37 57 20 25 162
leaf_count=21 21 21 874 29 44 37 22 25 39 29 39 160 35 25 21 31 22 35 29 29 32 37 37 68 1335 37 57 20 25 162
internal_value=-2.23865e-10 0.294323 -0.00368342 -0.080025 -0.0531838 -0.169077 -0.0836441 0.0173041 0.332744 -0.171255 -0.295485 0.177009 -0.484633 0.133858 -0.231857 -0.576879 -0.133411 -0.392575 0.24263 -0.247947 0.0154304 0.0651085 -0.404336 0.0856226 0.0696055 -0.20348 0.0560606 0.31181 0.50609 -0.0635942
internal_weight=3398 42 3356 672 651 433 358 286 107 179 150 218 72 85 46 75 125 74 51 58 2684 1648 69 1579 1542 207 139 102 82 1036
internal_count=3398 42 3356 672 651 433 358 286 107 179 150 218 72 85 46 75 125 74 51 58 2684 1648 69 1579 1542 207 139 102 82 1036
is_linear=0
shrinkage=0.05


Tree=82
num_leaves=31
num_cat=0
split_feature=13 16 9 10 22 1 12 23 12 16 16 21 19 2 19 6 13 19 0 11 13 1 5 10 22 22 20 23 15 0
split_gain=1470.76 5750.2 3873.69 5110.86 4595.46 4404.91 6544.88 2621.44 2073.79 2398.06 5947.37 5559.17 7619.3 7127.46 5961.2 5948.1 5506.61 6610.87 5466.08 7035.08 5751.92 5173.86 8728.58 6709.44 6364.14 5810.45 5560.7 5530.79 5003.28 4921.83
threshold=19.055015499581817 26.648783975178592 1.0000000180025095e-35 -1.8178713571051284 76.235124328506046 22.34004094015744 55.606226003481886 41.228584750785181 11.733111332631914 29.772025261057077 35.177546672818195 45.810270362388195 18.510756089837937 47.620491303843188 11.014700350035373 2.5000000000000004 77.184148151192389 44.52718761079533 32.535192029820202 1.1426497868701291 51.292994482901072 27.193548784632494 7.5000000000000009 -0.77122814463227984 76.670470056822168 76.438517759041801 79.69297555573047 39.226347158491372 85.617786991115111 121.39179130505688
decision_type=2 2 2 2 2 2 2 2 2 2 2 2 2 2 2 2 2 2 2 2 2 2 2 2 2 2 2 2 2 2
left_child=1 -1 5 -4 -5 -3 -7 -8 -2 11 16 12 14 -13 -10 -15 29 -18 19 20 -12 23 24 -14 -23 -25 -24 -28 -27 -11
right_child=8 2 3 4 -6 6 7 -9 9 10 18 13 21 15 -16 -17 17 -19 -20 -21 -22 22 26 25 -26 28 27 -29 -30 -31
leaf_value=-0.59090830593742438 -0.37109514337319593 0.52608050149062591 -0.05825404470617121 0.30845167672995366 1.1711805326928353 -0.78782842960850952 -0.19008901181320351 0.5655284266580235 0.24736423460823118 -0.46540868740815383 -0.58750577569007878 -0.75591978973303098 0.86444806175572531 -0.42332357204208776 -0.65065514139742375 0.52995376206106604 -1.0764643450081348 -0.039996011257171636 -0.024702048124198506 0.79391355035588784 0.27701195482466673 1.2891350142657758 0.19849351825746331 -0.3293441101908684 0.069597262144088748 1.0660172209143639 -1.2439476543664933 -0.095101122761314563 0.14846757054328918 0.51715735292434695
leaf_weight=25 39 29 33 33 29 29 24 22 33 26 26 39 70 30 42 36 40 25 2405 47 74 20 37 32 23 24 20 22 39 25
leaf_count=25 39 29 33 33 29 29 24 22 33 26 26 39 70 30 42 36 40 25 2405 47 74 20 37 32 23 24 20 22 39 25
internal_value=-2.7457e-10 0.123825 0.213616 0.444429 0.711986 0.00277692 -0.199567 0.171293 -0.00873877 -0.00423099 -0.0225266 0.100293 0.193202 -0.220021 -0.255527 0.0966459 -0.372674 -0.677823 -0.0066108 0.289372 0.0522373 0.310465 0.063578 0.493012 0.636824 0.219322 -0.248442 -0.642171 0.49801 0.0162413
internal_weight=3398 224 199 95 62 104 75 46 3174 3135 2668 467 362 105 75 66 116 65 2552 147 100 287 122 165 43 95 79 42 63 51
internal_count=3398 224 199 95 62 104 75 46 3174 3135 2668 467 362 105 75 66 116 65 2552 147 100 287 122 165 43 95 79 42 63 51
is_linear=0
shrinkage=0.05


Tree=83
num_leaves=31
num_cat=0
split_feature=22 3 22 16 12 3 1 17 3 1 9 10 1 9 1 22 23 3 3 8 15 22 21 14 18 11 15 2 21 6
split_gain=1445.89 6488.02 8938.29 6618.4 7665.75 5371.11 5046.35 5865.92 5015.54 4987.64 4793.6 4668.98 6800.77 6188.38 5427.06 7043.81 12520.9 4410.87 4313.6 4186.45 7426.13 9227.97 4331.04 3912.08 10107.3 7631.33 5198.54 6057.12 7763.15 7458.9
threshold=72.217597731309326 5.7485949642408007 71.740967066612072 37.680486200908419 42.646008117252684 3.5875232256410698 31.95561821471426 107.71960397483203 7.5282855270225726 19.121794334672952 -0.12940952255126037 2.7330882397907379 27.015732602670266 0.91597561503675351 23.971837684639425 70.505667879496301 38.751976544243391 2.1264366905222656 2.7446706267142673 -0.98296291314453399 69.359004111330805 79.676683763097003 38.579624008572331 19.676506446144355 38.97032980415748 1.311484810004188 26.292046452219818 52.613630050601188 40.275952763099035 4.5000000000000009
decision_type=2 2 2 2 2 2 2 2 2 2 2 2 2 2 2 2 2 2 2 2 2 2 2 2 2 2 2 2 2 2
left_child=1 2 3 4 -1 17 7 8 -3 10 -5 13 -13 14 -11 16 18 -6 -16 20 21 -2 -22 24 -21 -26 27 28 -25 -29
right_child=19 6 -4 9 5 -7 -8 -9 -10 11 -12 12 -14 -15 15 -17 -18 -19 -20 23 22 -23 -24 26 25 -27 -28 29 -30 -31
leaf_value=-0.95244496443936999 -0.54364762931414279 0.15237000353425464 0.68680539039465094 0.19402794456552894 -0.37299686908721924 -0.66028117994809976 0.85910321474075324 -0.49922011036139269 0.85745886231448054 0.49010865734890108 -0.76151707461902074 0.23730827283859257 -0.96805088790980265 0.99853031324303676 -0.98707223176956183 -0.75740631010768755 0.79119601792249927 0.59220065248423615 0.051388176679611208 -1.2145605613356052 -1.056251226049481 0.85788265292843191 -0.25783446873937338 0.85288272580275182 -0.37055917262304122 0.42324673061569529 0.036242558079808855 -0.16430044015785594 -0.17892100786576506 -0.91027445830404763
leaf_weight=43 23 107 39 21 20 29 34 26 33 64 35 25 22 23 20 29 39 29 20 23 33 24 35 26 82 48 2226 111 61 48
leaf_count=43 23 107 39 21 20 29 34 26 33 64 35 25 22 23 20 29 39 29 20 23 33 24 35 26 82 48 2226 111 61 48
internal_value=5.5552e-10 0.0665561 -0.0371956 -0.104585 -0.416441 -0.120952 0.304148 0.190482 0.31857 0.0220416 -0.403188 0.120442 -0.326902 0.228263 0.125262 -0.0909428 0.153708 0.198242 -0.467842 -0.0159832 -0.311263 0.172027 -0.645301 -0.00304713 -0.248398 -0.0774616 0.0121384 -0.205975 0.129434 -0.3895
internal_weight=3398 658 458 419 121 78 200 166 140 298 56 242 47 195 172 108 79 49 40 2740 115 47 68 2625 153 130 2472 246 87 159
internal_count=3398 658 458 419 121 78 200 166 140 298 56 242 47 195 172 108 79 49 40 2740 115 47 68 2625 153 130 2472 246 87 159
is_linear=0
shrinkage=0.05


Tree=84
num_leaves=31
num_cat=0
split_feature=11 11 15 21 11 18 17 12 1 1 21 13 1 3 15 5 13 12 0 23 0 15 10 17 14 17 4 14 14 15
split_gain=1488.16 1649.61 7592.12 6775.38 5995.86 7067.06 2848.87 2358.32 2082.34 3023.46 7704.54 9358.28 6737.82 6476.46 6454.7 7327.06 6577.33 6340.17 5503.75 5196.5 7533.27 5001.86 3210.1 3023.22 6001.69 3320 5004.28 3777.97 7167.72 9256.42
threshold=-7.5172983863066527 -5.7057013829297043 97.864829284903067 40.917745489421215 -6.0043802436320419 68.470904876961455 72.918615143499608 11.238442564756813 34.874102459881584 32.895248511743709 34.851538704449212 101.23041363574085 32.667821894083275 4.2134546988764816 131.63688227029607 4.5000000000000009 77.601134694581447 82.620546016503212 119.44925456868749 41.079175554738846 172.2189875643289 67.764045981914492 -0.41537127461220574 12.895455419497763 75.729041930711318 36.970326775740226 20.961738214287109 143.01294040433177 117.07389485312528 136.30440440575612
decision_type=2 2 2 2 2 2 2 2 2 2 2 2 2 2 2 2 2 2 2 2 2 2 2 2 2 2 2 2 2 2
left_child=-1 2 4 -4 5 -2 -7 -3 9 12 13 14 23 17 15 -12 18 -11 -17 22 -21 -15 -13 24 -9 26 -25 28 29 -28
right_child=1 7 3 -5 -6 6 -8 8 -10 10 11 19 -14 21 -16 16 -18 -19 -20 20 -22 -23 -24 25 -26 -27 27 -29 -30 -31
leaf_value=-0.36301051974296572 0.76435304774957546 -0.47925422518299182 -0.88443891560589827 0.19104986975435168 1.100918425867955 0.23009616980950037 -0.51859701066105457 -0.16409635358843311 -0.45564109659194946 -0.99705005053317908 -0.033398653566837314 -0.0094646573066711429 -0.69372801424728503 0.85623873829841612 -0.090484942704439172 0.10075203403830529 1.8193933928012846 -0.0012487515086127866 1.1519035415667476 -0.27597457406421505 1.0379409193992615 -0.14026335022028755 -0.87372156964106995 -0.90238710641860964 0.84462966422239938 0.013708595719848577 -0.087721567416266244 -0.75210244911057611 0.33783145040441098 -0.98844708665724734
leaf_weight=28 34 26 27 32 24 24 27 29 25 33 20 21 36 20 25 20 20 31 33 24 20 34 22 20 30 2215 357 21 89 31
leaf_count=28 34 26 27 32 24 24 27 29 25 33 20 21 36 20 25 20 20 31 33 24 20 34 22 20 30 2215 357 21 89 31
internal_value=1.12136e-09 0.00301611 0.155738 -0.301123 0.40303 0.205979 -0.166271 -0.00499678 -0.00111432 0.00249189 0.147414 0.332685 -0.0140604 -0.174454 0.62276 0.814492 1.04679 -0.514709 0.755243 -0.0607495 0.32126 0.228811 -0.451643 -0.00529682 0.348815 -0.0129414 -0.126898 -0.0957542 -0.0668584 -0.159687
internal_weight=3398 3370 168 59 109 85 51 3202 3176 3151 323 205 2828 118 118 93 73 64 53 87 44 54 43 2792 59 2733 518 498 477 388
internal_count=3398 3370 168 59 109 85 51 3202 3176 3151 323 205 2828 118 118 93 73 64 53 87 44 54 43 2792 59 2733 518 498 477 388
is_linear=0
shrinkage=0.05


Tree=85
num_leaves=31
num_cat=0
split_feature=23 23 13 21 21 0 14 23 11 23 20 13 2 13 18 23 16 17 11 15 0 23 19 0 10 0 17 21 17 21
split_gain=1453.07 5271.96 4291.62 5207.1 4990.73 5328.6 4055.07 4004.95 3736.12 4455.68 5698.12 7516.26 4946.46 4594.07 4151.62 3553.61 3477.44 3128.95 2472.74 2705.92 4965.16 7201.23 6216.45 3544.98 7817.85 7679.88 8792.24 6660.19 7220.53 8387.55
threshold=45.814108510011316 44.385134951492184 142.0295877546524 42.099205352499446 47.443781340813068 70.202111622229026 126.58260430826508 44.189858859514935 -4.0937204670461362 44.589962117412377 75.614977780745292 64.38487274662765 48.232312031126462 29.33400198750244 92.914878497000956 47.643839834163536 88.977398273396105 67.9657107676246 -7.5172983863066527 15.646616760360628 186.30489382472214 41.488599610091718 29.961725741000066 186.30489382472214 -5.1662926476303443 198.2903716080713 30.292412741408913 30.998210775211625 67.095610888318291 33.824813050295482
decision_type=2 2 2 2 2 2 2 2 2 2 2 2 2 2 2 2 2 2 2 2 2 2 2 2 2 2 2 2 2 2
left_child=1 7 3 17 -5 -6 8 18 -3 -10 11 13 -12 -11 -14 16 -7 -2 -1 20 21 22 -20 -21 -25 -26 -27 -28 -29 -30
right_child=2 6 -4 4 5 15 -8 -9 9 10 12 -13 14 -15 -16 -17 -18 -19 19 23 -22 -23 -24 24 25 26 27 28 29 -31
leaf_value=-0.49242528629302984 0.98570875883102416 0.46239264990118417 0.82636740684509291 -0.58764825792689068 -0.63064891353249553 0.18952719325369055 -0.72922079033321807 0.51275390350283723 -0.93078379750251772 -0.54346805691719058 -0.49494209021329882 -1.054582041700681 0.78638505404815084 0.52822073888033627 -0.1183725845246088 -0.27736774116754531 1.0250643658638001 0.13891948610544205 -0.90048513954335996 0.032989675277592563 0.82536046741796398 0.82503513477065349 0.16085642399014655 -0.65048558907262211 -0.37015563897989895 0.51307202846538735 -0.3873838427669562 -0.27118139294449423 0.97962359627087903 0.095031158866887677
leaf_weight=25 20 22 20 38 20 33 36 39 20 20 20 30 32 20 21 20 20 24 22 2007 28 22 37 58 148 82 111 122 30 251
leaf_count=25 20 22 20 38 20 33 36 39 20 20 20 30 32 20 21 20 20 24 22 2007 28 22 37 58 148 82 111 122 30 251
internal_value=-1.11304e-10 -0.00806753 0.132514 0.0532169 -0.104849 0.0924231 -0.2437 0.00939552 -0.14922 -0.231769 -0.134005 -0.45632 0.175064 -0.00762366 0.427896 0.290525 0.504824 0.523824 0.00272512 0.00696733 0.251393 0.052985 -0.234898 -0.00251734 -0.0913734 -0.0477867 0.0322646 -0.0444401 0.0500184 0.189472
internal_weight=3398 3203 195 175 131 93 221 2982 185 163 143 70 73 40 53 73 53 44 2943 2918 109 81 59 2809 802 744 596 514 403 281
internal_count=3398 3203 195 175 131 93 221 2982 185 163 143 70 73 40 53 73 53 44 2943 2918 109 81 59 2809 802 744 596 514 403 281
is_linear=0
shrinkage=0.05


Tree=86
num_leaves=31
num_cat=0
split_feature=21 1 8 22 3 9 16 12 18 11 11 16 4 23 11 13 21 17 1 14 13 11 13 13 11 5 14 14 14 20
split_gain=1469.64 6604.38 2853.08 1908.24 6012.63 5870.93 5266.97 9355.1 8008.07 6595.39 8296.86 5955.1 8832.06 4935.08 10181.9 9642.2 7077.12 5947.86 6648.18 7108.04 5878.79 7377.07 5797.79 5187.6 4935.6 4482.64 6115.4 6934.89 5926.76 4841.03
threshold=18.870275222017128 26.503019515350207 -0.5 74.483510096289891 5.4251495367540485 -0.78656609248549325 42.466938973565284 56.261575695002421 72.322155290725519 3.6760377512460036 2.7001977983504424 31.827187139251738 198.86150313077817 38.592037513304867 1.4130194052030516 108.59297139445228 41.527248243159356 100.16278275649024 23.971837684639425 66.431351007957559 29.33400198750244 -1.0127687585227647 54.74414959030851 62.388347582133555 -0.69402964910123965 4.5000000000000009 43.217032490643923 60.879337553711323 85.640428358917305 62.155509150967731
decision_type=2 2 2 2 2 2 2 2 2 2 2 2 2 2 2 2 2 2 2 2 2 2 2 2 2 2 2 2 2 2
left_child=1 2 -1 4 6 -6 7 -2 -9 10 13 12 -10 15 17 16 20 18 22 -20 -8 -22 -15 -23 -21 28 29 -28 -7 -27
right_child=3 -3 -4 -5 5 25 9 8 11 -11 -12 -13 -14 14 -16 -17 -18 -19 19 24 21 23 -24 -25 -26 26 27 -29 -30 -31
leaf_value=1.0207801340994509 -0.69872980836319609 -0.28125253664819816 0.23248492206136384 -0.028950151405912762 0.66461739573805101 0.92081689834594727 0.6120487394658003 0.60750263837667617 0.55856167943246904 0.75217980425804853 -0.76593765551224358 -1.0142156398296356 -0.69103803878220227 0.97017594178517674 1.2530777627771552 0.86353327376501898 -1.0668708515663943 0.67937445141173702 -0.81408364100333985 0.59643175296174988 0.30088627555153591 -1.1094901759048987 -0.027660911469846162 -0.17166964332262677 -0.46708810091018677 -0.88160831502505721 0.82203783883767978 -0.0089343578399469457 -0.11240749307300733 -0.010211781925849013
leaf_weight=22 73 38 24 2383 63 35 22 39 31 32 32 20 26 24 22 21 24 37 39 24 33 29 37 30 20 28 34 96 23 37
leaf_count=22 73 38 24 2383 63 35 22 39 31 32 32 20 26 24 22 21 24 37 39 24 33 29 37 30 20 28 34 96 23 37
internal_value=-2.15975e-11 0.206538 0.609496 -0.00523513 0.0554662 0.23273 -0.035616 -0.255294 0.0237648 0.0618468 0.00577914 -0.271895 -0.0114312 0.0739972 0.237383 -0.134602 -0.286492 0.113928 -0.0313604 -0.32261 -0.122202 -0.297783 0.364931 -0.632632 0.113014 0.125186 0.0104037 0.208397 0.51109 -0.385583
internal_weight=3398 84 46 3314 931 316 615 189 116 426 394 77 57 362 203 159 138 181 144 83 114 92 61 59 44 253 195 130 58 65
internal_count=3398 84 46 3314 931 316 615 189 116 426 394 77 57 362 203 159 138 181 144 83 114 92 61 59 44 253 195 130 58 65
is_linear=0
shrinkage=0.05


Tree=87
num_leaves=31
num_cat=0
split_feature=0 0 18 21 21 12 12 13 15 21 12 14 4 8 15 3 11 3 23 6 20 11 22 2 3 2 22 0 20 20
split_gain=1427.3 2240.26 1991.59 1820.9 2096.89 2514.71 5759.73 6848.19 7162.14 5154.21 5994.72 6941.37 6205.78 5811.78 7171.08 6494.43 8616.6 5322.91 6304.3 5102.27 4104.32 4466.51 4003.18 3853.75 6237.55 6011.04 6897.77 5768.99 6096.76 6358.81
threshold=246.89113769280888 243.66283374257739 131.09044239716633 58.933068563743262 56.927098743844539 133.08285834782569 119.91074001748221 63.805139169551119 40.974738517463031 29.032658872306062 135.31595879884955 91.919513798369522 270.06559494293771 -0.78656609248549303 131.13903498164964 6.5030194404112054 1.2646750336794896 6.1307583299538893 41.723646587620657 2.5000000000000004 111.23173322837734 -0.63716957498724824 80.104286134217716 40.804583742333584 7.5756087995413059 40.217450883674211 64.098083662725074 165.35347016597248 59.548352022082135 74.276760996522299
decision_type=2 2 2 2 2 2 2 2 2 2 2 2 2 2 2 2 2 2 2 2 2 2 2 2 2 2 2 2 2 2
left_child=1 2 3 4 5 6 20 -8 22 -7 11 -11 13 -12 15 16 -15 18 -14 -18 23 -22 -9 24 25 26 -1 28 -28 -30
right_child=-2 -3 -4 -5 -6 9 7 8 -10 10 12 -13 17 14 -16 -17 19 -19 -20 -21 21 -23 -24 -25 -26 -27 27 -29 29 -31
leaf_value=-0.75079368325797002 -0.30073843249716825 0.38023971510239141 0.44365485867857934 -0.43823757969463872 0.45504110693931588 0.64221006125211721 0.52937706418939545 -0.95953695202867184 0.20413310585350827 -1.4154622218012811 -0.81881544457541588 -0.12842519960620188 1.0943943713826163 -0.49454443849184937 -0.95320946682583207 0.76627826392650611 -0.17181302876699539 -0.39518972247838979 -0.0074953598976135252 0.8953791792194048 1.0173009771853685 -0.039405294209718708 -0.0017291325330734252 -0.050098697996138121 -0.60097459677992204 0.90906844902038575 0.64216033418973284 0.40889422504809397 -0.45424210833091483 0.1183012584585752
leaf_weight=22 39 39 25 24 25 20 111 24 145 20 36 22 27 68 22 24 21 20 25 24 20 20 20 2113 29 25 33 145 76 134
leaf_count=22 39 39 25 24 25 20 111 24 145 20 36 22 27 68 22 24 21 20 25 24 20 20 20 2113 29 25 33 145 76 134
internal_value=-9.17509e-10 0.00349175 -0.000933902 -0.00430711 -0.00112327 -0.00463655 0.0101433 0.217656 0.0345811 -0.135678 -0.186027 -0.7413 -0.0986809 -0.245155 -0.11527 0.0192897 -0.139363 0.29802 0.56464 0.397356 -0.0136449 0.488948 -0.52417 -0.0214461 0.109034 0.156368 0.110472 0.159307 0.0103756 -0.0889049
internal_weight=3398 3359 3320 3295 3271 3246 2917 300 189 329 309 42 267 195 159 137 113 72 52 45 2617 40 44 2577 464 435 410 388 243 210
internal_count=3398 3359 3320 3295 3271 3246 2917 300 189 329 309 42 267 195 159 137 113 72 52 45 2617 40 44 2577 464 435 410 388 243 210
is_linear=0
shrinkage=0.05


Tree=88
num_leaves=31
num_cat=0
split_feature=23 23 14 0 15 19 1 11 3 1 17 3 4 11 19 1 14 18 16 15 23 23 12 15 2 22 18 20 0 0
split_gain=1359.24 5621.05 4934.85 5608.82 3801.25 3767.26 2710.78 2531.12 2476.94 9066.12 4256.23 2800.98 2707.04 5015.33 4830.35 6397.65 2937.56 5571.02 5073.22 6288.16 5347.77 5322.47 5240.5 5069.01 15497.3 4755.35 4666.74 8182.58 7782.19 6348.5
threshold=33.612881526718816 34.23702838303619 40.190042813904384 111.68458465457357 76.085250173343312 25.253507960493867 22.406827036944854 0.22474757874128284 0.69709120439496641 21.871753277394273 80.510847114741765 0.76377198201768837 347.76246209068535 -6.8506532883726869 36.049673321768317 22.729014691421828 63.794391967260928 104.00657919388526 142.47887795614665 140.22632612911266 42.884011336478046 45.99490383709341 60.006909232714058 137.23657890065491 68.116799954693391 79.28337753439267 52.390916543865792 55.450888722883818 176.59497973525424 183.71385648156334
decision_type=2 2 2 2 2 2 2 2 2 2 2 2 2 2 2 2 2 2 2 2 2 2 2 2 2 2 2 2 2 2
left_child=2 6 -1 5 -5 -4 -2 -6 9 -3 -11 -10 16 -14 -15 -16 17 18 19 21 -21 -13 -20 26 25 -25 28 -28 -18 -29
right_child=1 8 3 4 7 -7 -8 -9 11 10 -12 12 13 14 15 -17 23 -19 22 20 -22 -23 -24 24 -26 -27 27 29 -30 -31
leaf_value=0.80518104806542401 -0.14264139858660874 1.0880068165560564 0.97240818381309513 0.14791887095480255 -0.17929361760616302 0.034116302624992705 -0.83883562252439303 -0.97476788371801382 -0.51178728562814224 0.28547648037633588 -0.63644405816282545 -0.0048507010932080452 0.44742489673874597 -0.80994022734463211 0.62731741935014729 -0.48262867605364002 -0.79733258331460621 -0.85894609654233567 0.10601085364818573 -0.77603523680008957 0.058425549417734146 0.58333367429673666 -0.93210427655327699 0.49422149248421193 1.141972148436166 -0.2485020029048125 0.70678311453925247 0.086495117544355293 0.33132598424951237 -0.13924559465167435
leaf_weight=24 27 24 20 33 20 23 29 20 27 31 21 1000 22 40 20 37 42 21 20 48 32 40 31 32 42 66 45 1103 24 434
leaf_count=24 27 24 20 33 20 23 29 20 27 31 21 1000 22 40 20 37 42 21 20 48 32 40 31 32 42 66 45 1103 24 434
internal_value=1.38636e-10 -0.00655533 0.152552 0.0175253 -0.249314 0.470531 -0.503171 -0.577031 0.00213 0.284166 -0.0868376 -0.00472691 -0.000309157 -0.234161 -0.388748 -0.0931739 0.00902923 -0.0517704 -0.037295 -0.015087 -0.442251 0.0177718 -0.525 0.0495623 0.338406 -0.00598005 0.0250246 0.0422103 -0.386911 0.0227531
internal_weight=3398 3258 140 116 73 43 56 40 3202 76 52 3126 3099 119 97 57 2980 1192 1171 1120 80 1040 51 1788 140 98 1648 1582 66 1537
internal_count=3398 3258 140 116 73 43 56 40 3202 76 52 3126 3099 119 97 57 2980 1192 1171 1120 80 1040 51 1788 140 98 1648 1582 66 1537
is_linear=0
shrinkage=0.05


Tree=89
num_leaves=31
num_cat=0
split_feature=16 14 2 9 10 16 10 19 19 0 17 17 11 22 5 20 19 17 11 17 22 17 0 1 17 4 3 21 14 1
split_gain=1278.1 5392.88 3890.84 4975.27 4304.79 3120.66 2348.23 2202.11 2475.79 6105.33 7326.37 7301.5 6900.31 9716.99 6848.86 6638.36 5704.82 6110.33 5856.92 5290.94 7289.25 8081.09 6908.15 6613.23 6292.85 6213.12 5786.83 6519.35 4907.11 9479.62
threshold=15.004261114134408 112.85651917622071 51.45977173419103 -0.5 1.3377579724788693 16.010665463804607 7.183079745877003 4.0717699163529675 25.106689266442629 157.98886325002368 26.699332803368819 35.16545532048449 1.380586932744867 79.630701569397004 19.500000000000004 84.898041163501034 23.365384868771212 143.84137942081136 -0.82122372656435749 75.456155655497199 68.430398665024015 69.606796541329032 68.920722217008517 22.729014691421828 101.06304571652402 198.86150313077817 2.7035313369826586 30.8920996208379 96.379913613998397 26.89980216142602
decision_type=2 2 2 2 2 2 2 2 2 2 2 2 2 2 2 2 2 2 2 2 2 2 2 2 2 2 2 2 2 2
left_child=1 2 -1 -4 -5 -2 7 -7 9 10 12 -12 13 -9 28 -16 17 19 -18 20 -13 23 -21 -22 25 -24 -26 -28 29 -11
right_child=5 -3 3 4 -6 6 -8 8 -10 14 11 16 -14 -15 15 -17 18 -19 -20 22 21 -23 24 -25 26 -27 27 -29 -30 -31
leaf_value=-0.73285299765097134 0.53160875609942848 0.47010503058080322 0.54089630728676208 0.094488115537734271 -0.93048628121614463 -0.45329748369180245 -0.51333443034778947 0.71742831474542623 -0.018274548660557072 -0.048595246466679308 1.0479989420090403 -0.55625274315476414 -1.0202351902018894 -0.7611936461925507 0.74545162604613746 -0.21910844306151073 0.20863607406616211 0.99680730693042285 1.3272291270169347 -0.52234715665295972 0.7940281096257662 1.296322412788868 0.18035565813382468 -0.043673317509913642 1.0953468842939897 -0.85313691038351791 0.75476452371535396 -0.28427033887969122 0.12050780968351678 -0.75322930950384881
leaf_weight=37 28 27 21 21 20 26 22 25 2322 123 28 20 22 20 44 30 25 20 22 59 38 24 33 62 22 26 26 36 91 78
leaf_count=37 28 27 21 21 20 26 22 25 2322 123 28 20 22 20 44 30 25 20 22 59 38 24 33 62 22 26 26 36 91 78
internal_value=-6.162e-10 -0.156265 -0.327093 -0.084946 -0.405499 0.00601754 0.00148099 0.00499618 0.00872448 0.0804541 0.192624 0.266636 -0.294527 0.060263 -0.0752357 0.354414 0.213662 0.14707 0.732233 0.0979522 0.329528 0.472396 -0.0671313 0.274653 0.120685 -0.275082 0.398664 0.151454 -0.184119 -0.322035
internal_weight=3398 126 99 62 41 3272 3244 3222 3196 874 508 441 67 45 366 74 413 366 47 346 144 124 202 100 143 59 84 62 292 201
internal_count=3398 126 99 62 41 3272 3244 3222 3196 874 508 441 67 45 366 74 413 366 47 346 144 124 202 100 143 59 84 62 292 201
is_linear=0
shrinkage=0.05


Tree=90
num_leaves=31
num_cat=0
split_feature=22 3 16 12 4 13 16 13 20 12 0 0 15 4 15 13 3 1 9 14 8 6 22 2 23 4 10 10 1 13
split_gain=1298.42 4832.52 4849.68 10866 6227.73 7515.45 5016.2 5142.95 7554 9707.95 9220.04 7595.5 6569.83 7828.46 7176.78 5915.81 7384.1 7107.39 8288.34 5564.7 4589 5295.69 4760.62 6515.83 6488 7865.3 7258.36 6861.47 6547.5 3990.28
threshold=74.425085011410047 5.4251495367540485 37.680486200908419 58.158871099991224 198.86150313077817 86.583133989900901 141.38003975440188 86.187721792127917 60.973403828818725 108.66994545195921 111.09751958894638 150.39577418658621 88.487265414982787 241.72930496714898 124.30732042498391 96.842517564996527 4.1642914149405543 26.117509540090143 -0.12940952255126037 49.274764350481099 -0.91597561503675329 2.5000000000000004 69.300070929505509 46.496319518070784 42.187727036627862 79.87680315799858 2.3971686791822511 -1.4165429864847761 25.34391955745793 41.72853958950828
decision_type=2 2 2 2 2 2 2 2 2 2 2 2 2 2 2 2 2 2 2 2 2 2 2 2 2 2 2 2 2 2
left_child=1 2 3 -1 -5 -6 7 8 10 12 -4 -12 13 -10 -14 -9 17 18 -17 -11 21 -3 23 -22 25 -24 28 -26 -27 -13
right_child=-2 20 6 4 5 -7 -8 15 9 19 11 29 14 -15 -16 16 -18 -19 -20 -21 22 -23 24 -25 27 26 -28 -29 -30 -31
leaf_value=-0.77386691933497787 -0.019282206641489191 0.26831666075665023 0.88200658007365895 0.44795451982348572 0.15409418613679948 -1.0890932178497315 -0.72260576061904436 0.93814662425748774 -1.1382792672332454 -0.25466749399900435 -0.88568863153457655 0.63193115552266443 0.47552650252978013 -0.050963074445724489 -0.64811997971049062 0.94089438915252688 0.80346121065544363 -0.57814273413939354 -0.34764179935057959 0.84571359334168617 -0.07935659481633095 -0.81676489006389275 -0.82005633626665397 0.77451086211949594 1.308769548535347 1.1434826013942561 -0.34052992981548114 0.11316371977329254 -0.024448534763844995 -0.27983049780130387
leaf_weight=64 2446 23 41 51 31 20 20 31 49 20 20 30 30 25 27 26 33 39 24 27 31 22 28 80 20 24 42 30 24 20
leaf_count=64 2446 23 41 51 31 20 20 31 49 20 20 30 30 25 27 26 33 39 24 27 31 22 28 80 20 24 42 30 24 20
internal_value=-1.33312e-10 0.0495423 -0.0313731 -0.263173 0.0572621 -0.33343 0.0519144 0.0869606 -0.0371366 -0.239002 0.286575 -0.0621778 -0.460177 -0.770943 -0.0567271 0.321366 0.164643 -0.0722215 0.322397 0.377466 0.206378 -0.262168 0.28195 0.536043 0.114067 -0.0881951 0.139495 0.591406 0.559517 0.267226
internal_weight=3398 952 628 166 102 51 462 442 289 178 111 70 131 74 57 153 122 89 50 47 324 45 279 111 168 118 90 50 48 50
internal_count=3398 952 628 166 102 51 462 442 289 178 111 70 131 74 57 153 122 89 50 47 324 45 279 111 168 118 90 50 48 50
is_linear=0
shrinkage=0.05


Tree=91
num_leaves=31
num_cat=0
split_feature=0 0 18 17 10 0 16 22 1 16 14 17 0 10 22 23 18 13 14 22 16 21 23 9 6 21 3 19 17 2
split_gain=1292.72 2106.71 1819.44 1705.18 5803.13 6196.37 10107.6 6643.89 6846.11 4987.02 4901.61 4846.24 14761.9 6567.47 5825.49 9151.57 7324.22 6985.49 5922.74 4836.56 5968.26 6225.24 5011.9 4478.78 4135.95 6850.4 4365.36 4489.3 7770.05 7311.7
threshold=246.89113769280888 243.66283374257739 131.09044239716633 122.35553130305776 -6.0150895446492862 89.410540603103371 39.753473935799356 77.482491086464861 27.015732602670266 67.095610888318291 82.539219291713906 102.07722343045744 50.099372711545676 -4.9327718996120442 80.457919314637238 37.478889211719093 52.390916543865792 67.892987900864298 91.919513798369522 71.740967066612072 115.74307876108575 46.74876009658886 37.869473980074879 -0.12940952255126037 1.5000000000000002 40.547324791629045 6.7173865014569536 43.462344216498117 137.53050060047482 48.678243840946699
decision_type=2 2 2 2 2 2 2 2 2 2 2 2 2 2 2 2 2 2 2 2 2 2 2 2 2 2 2 2 2 2
left_child=1 2 3 11 -5 6 -6 8 10 -8 -7 -1 -13 -14 16 18 -15 -17 -16 -18 21 22 -21 -19 25 -9 27 29 -29 -26
right_child=-2 -3 -4 4 5 7 9 24 -10 -11 -12 12 13 14 15 17 19 23 -20 20 -22 -23 -24 -25 26 -27 -28 28 -30 -31
leaf_value=-0.017204785991999316 -0.28620952558823126 0.36866923333742685 0.4239712407141924 0.60946183122437581 -0.54912074148654944 -0.52163263426886664 0.85109946969393135 -0.026671415947853251 -0.06538892177508232 0.15926289741288535 -1.3737851008220956 -0.63816699654448272 -0.39921307931928074 -0.078351802665453704 1.0137901059477716 0.32928931314660159 0.078879772355923292 0.06368296849727631 0.084866606222931296 0.61770537197589881 0.19758343803031106 0.30730034539645373 1.565794273044752 -0.7779063460438751 -0.70906018995447084 -0.99375439206759142 -0.5025111790407788 -0.024131626361294799 1.0626154102128129 0.19017267819832673
leaf_weight=2247 39 39 25 29 40 45 37 47 47 88 27 51 34 39 37 46 26 25 32 20 28 22 46 43 32 30 33 38 29 77
leaf_count=2247 39 39 25 29 40 45 37 47 47 88 27 51 34 39 37 46 26 25 32 20 28 22 46 43 32 30 33 38 29 77
internal_value=5.58842e-10 0.00332306 -0.000968653 -0.00419278 -0.0805015 -0.115605 0.142673 -0.220829 -0.534781 0.364047 -0.84119 0.0127616 0.162727 0.265354 0.327429 0.128499 0.528557 -0.146584 0.582985 0.695243 0.833393 1.0357 1.27849 -0.468499 -0.0901987 -0.403457 0.0252122 0.12416 0.446251 -0.0738223
internal_weight=3398 3359 3320 3295 599 570 165 405 119 125 72 2696 449 398 364 183 181 114 69 142 116 88 66 68 286 77 209 176 67 109
internal_count=3398 3359 3320 3295 599 570 165 405 119 125 72 2696 449 398 364 183 181 114 69 142 116 88 66 68 286 77 209 176 67 109
is_linear=0
shrinkage=0.05


Tree=92
num_leaves=31
num_cat=0
split_feature=0 1 23 23 21 10 2 16 19 18 22 4 18 9 22 0 1 1 23 6 23 16 10 0 8 20 1 0 19 17
split_gain=1270.69 5127.4 6631.21 6981.75 5664.76 6699.78 5626.44 4969.22 7128.82 4921.6 5937.09 4928.57 8163.64 6992.46 7027.12 6720.78 6329.44 6158.43 6129.92 5709.35 5581.53 4786.14 4375.12 4324.1 12256.7 9616.75 10940.4 6813.38 6742.55 6001.94
threshold=80.775776376795477 32.667821894083275 33.40593766824535 36.931727232633968 30.998210775211625 0.76788305688432079 87.772491318661153 109.92417503896034 38.018548445173074 40.550718546562926 72.538641414576276 165.00656652689904 50.565423794473695 0.60355339059327384 78.234505179666513 48.177099702085037 23.971837684639425 16.81579636352475 38.025921082046175 4.5000000000000009 41.687598981309158 46.624584635055434 -1.2476276779232995 110.33393773238176 0.98296291314453421 76.689554382766389 30.261532676383499 97.872815841559813 46.061167504898172 98.208555688275354
decision_type=2 2 2 2 2 2 2 2 2 2 2 2 2 2 2 2 2 2 2 2 2 2 2 2 2 2 2 2 2 2
left_child=1 2 -1 4 -4 22 9 8 -3 10 -5 13 -13 15 -15 21 -16 -14 -19 20 -17 -11 -6 24 25 26 27 -2 -28 -27
right_child=23 7 3 6 5 -7 -8 -9 -10 11 -12 12 17 14 16 19 -18 18 -20 -21 -22 -23 -24 -25 -26 29 28 -29 -30 -31
leaf_value=0.77536622836039626 -0.63467136595179063 0.25623900248454168 0.094591257946435803 1.0944200066002934 -0.57338242277954565 -0.0085997343063354496 0.85756409287452695 -1.0991209301352503 -0.71948288844691388 0.028954076419838451 -0.080937373921984732 -1.1152221180143811 -0.78798752429830876 0.43656786191074748 0.015610398990767344 -0.67598126355339505 -1.1514822944998742 0.67918223355497631 -0.10208575972681673 0.63508262119900727 0.28693853120009105 0.89932515280587344 -1.483669224652377 -0.011835271060597402 -0.96167259941930361 0.27394322399766396 0.85889154889366859 0.078472693738612265 -0.23004541737692699 0.84173777526703442
leaf_weight=26 68 39 43 22 33 30 20 20 36 22 21 21 29 23 21 34 26 28 243 26 27 56 22 2096 23 143 44 66 21 69
leaf_count=26 68 39 43 22 33 30 20 20 36 22 21 21 29 23 21 34 26 28 243 26 27 56 22 2096 23 143 44 66 21 69
internal_value=-2.32502e-10 -0.0522009 -0.00959887 -0.0369203 -0.37307 -0.609651 0.0325904 -0.398847 -0.212108 0.00504537 0.520408 -0.0348118 -0.162184 0.139173 -0.279567 0.31682 -0.630015 -0.0954713 -0.0213643 0.0146681 -0.249771 0.653836 -0.937497 0.0179093 0.16156 0.224418 -0.025217 -0.283421 0.507081 0.458744
internal_weight=3398 868 773 747 128 85 619 95 75 599 43 556 321 235 70 165 47 300 271 87 61 78 55 2530 434 411 199 134 65 212
internal_count=3398 868 773 747 128 85 619 95 75 599 43 556 321 235 70 165 47 300 271 87 61 78 55 2530 434 411 199 134 65 212
is_linear=0
shrinkage=0.05


Tree=93
num_leaves=31
num_cat=0
split_feature=11 11 15 21 16 21 23 1 12 0 1 20 9 22 16 18 22 12 22 16 18 20 21 12 20 14 13 12 19 4
split_gain=1256.56 1487.03 6583.25 5954.96 5483.21 5398.48 4429.16 3576.45 1797.08 1843.73 5140.06 5814.29 7242.22 6755.76 9049.51 7102.2 7039.77 7272.15 6312.32 5941.1 6915.46 5920.61 9163.07 8043.48 7261.4 7109.96 6973.93 5584.75 5696.18 4801.16
threshold=-7.5172983863066527 -5.7057013829297043 97.864829284903067 40.917745489421215 45.071810035226854 39.604780216339904 40.577520766628346 26.211666550509261 11.238442564756813 80.775776376795477 15.460939437164965 68.694065608889247 0.60355339059327384 75.09923434452007 64.495502789178246 56.735734315556236 67.011864792830522 79.212364900450211 72.424285079275478 75.102283192060284 96.687370548268163 89.078000622368833 39.230562272816677 73.363608548725935 84.795548158389309 65.879508315841576 58.675224715047712 72.508949426388043 41.700740071193003 205.54492036957325
decision_type=2 2 2 2 2 2 2 2 2 2 2 2 2 2 2 2 2 2 2 2 2 2 2 2 2 2 2 2 2 2
left_child=-1 2 4 -4 -2 7 -7 -6 -3 10 -10 13 21 16 -15 -16 -12 18 -18 20 -14 22 25 -24 -25 -13 -23 -28 29 -29
right_child=1 8 3 -5 5 6 -8 -9 9 -11 11 12 19 14 15 -17 17 -19 -20 -21 -22 26 23 24 -26 -27 27 28 -30 -31
leaf_value=-0.33356940703732629 1.0454354283710321 -0.4188326072234374 -0.82451324794027547 0.18376096724532545 0.15287413326176733 -0.6774037402609121 0.33998326361179354 1.076709349155426 0.65390864561001472 0.020750673614773871 -0.16355078816413882 0.097445903292724068 -0.47861511226404796 -0.99775574636459352 -0.5381074994802475 0.56628845189068766 1.3689535678603821 -0.13979424578802926 0.30265087537143542 -0.70099320559157541 0.54991366416215903 0.932941277210529 -0.38120024827393623 0.6112226996457939 -0.43768720843575215 -0.8415381806592146 0.52747584084281696 0.45613620474058036 -0.92675331026315699 -0.3723808164604836
leaf_weight=28 24 26 27 32 22 23 20 20 24 2371 39 28 44 25 24 37 35 21 23 97 26 26 66 66 22 72 40 34 20 36
leaf_count=28 24 26 27 32 22 23 20 20 24 2371 39 28 44 25 24 37 35 21 23 97 26 26 66 66 22 72 40 34 20 36
internal_value=-1.72944e-10 0.0027715 0.147772 -0.277653 0.378048 0.189609 -0.2042 0.592796 -0.00483629 -0.00144715 -0.0668273 -0.0889754 -0.170094 0.140463 -0.196579 0.131772 0.386103 0.657451 0.946109 -0.447651 -0.0965901 -0.0570403 -0.205944 0.0360543 0.348995 -0.578623 0.185406 0.0358991 -0.182579 0.0300417
internal_weight=3398 3370 168 59 109 85 43 42 3202 3176 805 781 577 204 86 61 118 79 58 167 70 410 254 154 88 100 156 130 90 70
internal_count=3398 3370 168 59 109 85 43 42 3202 3176 805 781 577 204 86 61 118 79 58 167 70 410 254 154 88 100 156 130 90 70
is_linear=0
shrinkage=0.05


Tree=94
num_leaves=31
num_cat=0
split_feature=23 23 13 0 16 21 21 14 14 23 10 9 17 21 12 13 13 4 10 13 10 22 19 10 20 22 14 4 5 18
split_gain=1222.51 4685.96 3774.5 4701.46 5069.3 5329.11 5460.8 4403.3 3601.27 3322.78 3282.67 6141.67 10157.9 4463.99 3976.94 3333.39 2970.42 2812.11 2349.9 3019.1 2828.99 5714.97 4643.74 3426.82 6697.31 12278.8 8562.79 4476.2 4292.34 4089.07
threshold=45.814108510011316 44.385134951492184 142.0295877546524 70.202111622229026 61.919403865628233 43.679460819558138 50.008370919071275 84.876019592788097 126.58260430826508 44.189858859514935 -0.93681680513379351 -0.37940952255126015 47.542029524513509 43.983869040859162 104.37551140125491 60.916248370743823 84.442706858604154 213.13774598505799 -6.9831062685763117 86.187721792127917 -6.1587860238858889 80.889910979559801 35.544923387769536 -4.7687591024952818 68.694065608889247 73.655687777902031 104.314473945129 86.481713696939622 16.500000000000004 30.045263082275756
decision_type=2 2 2 2 2 2 2 2 2 2 2 2 2 2 2 2 2 2 2 2 2 2 2 2 2 2 2 2 2 2
left_child=1 9 3 17 5 -5 -7 -6 10 18 14 13 -13 -12 16 -14 -3 -2 19 -1 21 22 -20 24 25 -22 28 -28 -26 -25
right_child=2 8 -4 4 7 6 -8 -9 -10 -11 11 12 15 -15 -16 -17 -18 -19 20 -21 23 -23 -24 29 26 -27 27 -29 -30 -31
leaf_value=-0.72491684198379525 0.029242290414514996 0.26445527663454416 0.77225624978542329 0.5938759279251099 0.099896991252899178 -0.98413842632657011 0.082475873615060535 0.94963022624292681 -0.68709839185078936 0.46755405221229945 -0.35511702497800196 -1.5502401876449587 0.28304090403020382 0.5995551431179047 0.67299052010411797 -0.55029954761266708 -0.56690985929398308 -0.76303543647130334 0.46999834128048112 0.060194324577848117 -0.53582884073257453 0.8933825174967448 -0.54609791771932092 -0.5144424511326684 -0.99393114699767193 1.080866132179896 0.68802585482597356 -0.30692573877481316 -0.18554890124748152 0.022092423773269972
leaf_weight=25 21 22 20 20 30 21 28 31 36 39 24 20 20 25 23 30 21 24 23 24 23 27 22 36 52 24 20 26 24 2617
leaf_count=25 21 22 20 20 30 21 28 31 36 39 24 20 20 25 23 30 21 24 23 24 23 27 22 36 52 24 20 26 24 2617
internal_value=5.4265e-10 -0.00739986 0.121547 0.0471807 0.199657 -0.093914 -0.374645 0.531729 -0.229551 0.00906405 -0.140515 -0.297369 -0.5979 0.131961 0.142298 -0.216963 -0.14156 -0.393306 0.00298824 -0.340373 0.00880189 0.318294 -0.0267598 0.000905572 -0.217399 0.289718 -0.412763 0.125662 -0.738653 0.0148119
internal_weight=3398 3203 195 175 130 69 49 61 221 2982 185 119 70 49 66 50 43 45 2943 49 2894 72 45 2822 169 47 122 46 76 2653
internal_count=3398 3203 195 175 130 69 49 61 221 2982 185 119 70 49 66 50 43 45 2943 49 2894 72 45 2822 169 47 122 46 76 2653
is_linear=0
shrinkage=0.05


Tree=95
num_leaves=31
num_cat=0
split_feature=22 3 22 13 8 15 22 0 18 1 4 4 2 23 14 21 8 12 23 23 6 6 22 20 16 4 14 1 14 19
split_gain=1226.15 4968.69 5337.48 4058.06 3866.19 6543.15 7957.63 3877.68 4523.15 3524.16 3493.72 4047.15 4871.67 4973.47 7671.34 6305.86 4200.03 7477.98 4789.85 9943.09 8193.56 4930.83 4219.97 3754.53 4740.52 3397.22 3413.09 3180.18 3163.17 3531.73
threshold=72.217597731309326 7.0119627780974705 71.740967066612072 66.976958112407047 -0.98296291314453399 69.359004111330805 79.676683763097003 181.91533685119612 90.245015508944775 24.881244545310569 26.977660370441267 44.556272969180377 35.336426996803226 36.34179804932166 61.298969853793231 35.715964308654563 0.78656609248549325 55.192103235068068 41.079175554738846 40.054569420295827 3.5000000000000004 1.0000000180025095e-35 67.260902781756769 65.070160087861325 67.095610888318291 262.17895897328543 45.985246572584948 23.000500759041589 13.949326120542567 56.57716025974414
decision_type=2 2 2 2 2 2 2 2 2 2 2 2 2 2 2 2 2 2 2 2 2 2 2 2 2 2 2 2 2 2
left_child=1 2 10 -3 5 6 -2 8 -7 -5 -1 -12 27 14 15 -14 18 -18 19 20 22 -20 -15 24 -22 26 -23 -13 -6 -30
right_child=4 3 -4 9 28 7 -8 -9 -10 -11 11 12 13 16 -16 -17 17 -19 21 -21 23 25 -24 -25 -26 -27 -28 -29 29 -31
leaf_value=0.45631573561466104 -0.50942155343035 0.066671261522505021 0.49954169189929964 0.23551056206226351 -0.37747751045633449 -0.79636121193567921 0.79207008605202045 -1.1969654077291489 0.18204607622964042 1.1183366294090564 -0.70838778614997866 0.8815385948527944 0.52465920276366751 -0.13429183280467988 -0.92936036063403626 -0.65625823020935059 -0.22392429365561559 0.94384722216375949 0.30159314816648308 0.90045536716779084 -1.1993505890170733 -0.39822255138618257 0.72692333164088652 -0.011593185759642546 -0.22486472978041722 -0.14742022398859264 -1.2505833542865257 0.040673034670560257 -0.01588632950727191 0.16458507347126286
leaf_weight=33 23 45 50 20 55 27 24 20 21 26 24 22 26 25 41 20 26 29 22 30 24 24 33 34 26 32 23 23 2262 308
leaf_count=33 23 45 50 20 55 27 24 20 21 26 24 22 26 25 41 20 26 29 22 30 24 24 33 34 26 32 23 23 2262 308
internal_value=7.77586e-10 0.0612903 0.0062467 0.404255 -0.0147186 -0.298479 0.15517 -0.612031 -0.368308 0.734499 -0.0414607 -0.0754001 -0.0423746 -0.0959558 -0.432044 0.0112168 -0.00681051 0.39181 -0.0871186 0.0733708 -0.101365 -0.360427 0.35571 -0.416965 -0.692618 -0.544787 -0.815335 0.451763 -0.00228721 0.00574215
internal_weight=3398 658 567 91 2740 115 47 68 48 46 517 484 460 415 87 46 328 55 273 172 142 101 58 84 50 79 47 45 2625 2570
internal_count=3398 658 567 91 2740 115 47 68 48 46 517 484 460 415 87 46 328 55 273 172 142 101 58 84 50 79 47 45 2625 2570
is_linear=0
shrinkage=0.05


Tree=96
num_leaves=31
num_cat=0
split_feature=17 9 23 4 20 13 10 6 8 17 0 22 23 22 19 13 1 18 2 8 8 11 17 20 12 3 3 2 21 22
split_gain=1192.54 5474.1 6140.68 7590.53 5276.28 7141.16 8065.14 5749.85 7278.2 4584.13 13122.9 6386.41 7739.59 7252.26 6123.26 5115.01 5946.91 4981.86 5496.42 4329.04 4681.3 4622.06 4308.42 4599.95 4461.08 4000.34 3927.28 3759.2 3750.85 3662.33
threshold=122.35553130305776 -0.9159756150367534 42.33781989644919 242.8742154160681 99.866108973896345 136.82238461257802 -5.8483951977725166 1.0000000180025095e-35 -0.5 102.07722343045744 50.099372711545676 80.457919314637238 37.478889211719093 71.035164218212543 38.513184397049358 67.892987900864298 23.252978273771024 85.131818723007839 73.153796777477055 0.78656609248549325 0.37940952255126054 0.026694922455808769 128.12910691636105 70.915434943701015 25.636061059062943 4.7258188617047354 3.9914461278321722 69.686008341427467 58.933068563743262 84.432781295780487
decision_type=2 2 2 2 2 2 2 2 2 2 2 2 2 2 2 2 2 2 2 2 2 2 2 2 2 2 2 2 2 2
left_child=9 2 3 -2 5 6 -3 8 -8 28 26 13 14 -12 29 -14 -17 18 19 20 21 -15 23 -9 -24 -19 -11 -6 -1 -13
right_child=1 4 -4 -5 27 -7 7 22 -10 10 11 12 15 17 -16 16 -18 25 -20 -21 -22 -23 24 -25 -26 -27 -28 -29 -30 -31
leaf_value=-0.0087941277228882724 -0.31450670430436733 0.96175751288731903 0.19581838095629658 -1.5074961197376251 0.81179084479808816 -0.6625266758725048 0.23613328012553128 -0.877579215914011 -0.90124065356376848 -0.17011749698565559 -0.18147310968991873 1.3135052594755379 0.23629733854532242 1.0709821764938534 -0.073918940103612843 -1.0145554361519991 -0.12100785558422407 0.62356042690349356 -0.35285879373550416 -0.063058090351876761 1.4009269398450852 0.075772425851651615 0.66755724544778028 -0.026791657031850616 0.049461615690777422 1.482557811944381 -1.0478136751651765 -0.037249504707076331 -0.68008651371513107 0.41783538728952413
leaf_weight=2285 40 21 27 20 32 44 22 24 39 26 37 21 50 20 32 27 60 33 20 21 20 28 33 47 253 23 25 22 21 25
leaf_count=2285 40 21 27 20 32 44 22 24 39 26 37 21 50 20 32 27 60 33 20 21 20 28 33 47 253 23 25 22 21 25
internal_value=-3.611e-10 -0.0624534 -0.43038 -0.71217 -0.00284513 -0.0552498 0.00561623 -0.0424196 -0.49104 0.0140486 0.156725 0.249318 0.0596534 0.451189 0.457232 -0.166705 -0.398316 0.593059 0.396132 0.564445 0.758233 0.490443 0.0342355 -0.314382 0.12078 0.976363 -0.600361 0.465886 -0.0149074 0.826728
internal_weight=3398 624 87 60 537 483 439 418 61 2774 468 417 215 202 78 137 87 165 109 89 68 48 357 71 286 56 51 54 2306 46
internal_count=3398 624 87 60 537 483 439 418 61 2774 468 417 215 202 78 137 87 165 109 89 68 48 357 71 286 56 51 54 2306 46
is_linear=0
shrinkage=0.05


Tree=97
num_leaves=31
num_cat=0
split_feature=22 18 3 15 9 1 4 23 15 16 4 1 16 16 13 16 1 9 21 12 11 3 20 23 17 13 19 15 4 23
split_gain=1251.64 7307.69 4353.72 5847.72 6197.03 7453.04 6516.9 5316.46 5304.46 6161.8 5507.8 5087.43 4736.66 5399.86 4399.78 3945.82 3787.6 5697.66 4601.94 3276.38 3190.05 2905.14 6753.4 5960.08 9172.45 5132.28 4760.04 4838.41 3954.36 6260.53
threshold=86.019581198893988 57.441431512711205 0.96810808727253506 93.954649257461526 0.78656609248549303 23.396117136959337 129.87372924993974 37.088543608734547 117.04201002294258 135.69987635959038 278.80272986256915 23.971837684639425 86.020878392422802 61.919403865628233 77.874990413083552 82.039882886243404 21.798641529266266 -0.37940952255126015 40.76857214905538 77.210647820793284 0.76116536672374935 0.93208155391589553 93.107774169132639 37.292210803119175 72.246257741779132 55.21250778171899 37.864757037241752 74.672225919691286 347.76246209068535 39.707115879828862
decision_type=2 2 2 2 2 2 2 2 2 2 2 2 2 2 2 2 2 2 2 2 2 2 2 2 2 2 2 2 2 2
left_child=21 -2 -3 4 5 7 -6 -4 11 10 16 -5 13 -7 -13 -12 -10 -18 -19 -9 -14 22 23 24 -1 -25 -27 -28 -23 -30
right_child=1 2 3 8 6 12 -8 19 9 -11 15 14 20 -15 -16 -17 17 18 -20 -21 -22 28 -24 25 -26 26 27 -29 29 -31
leaf_value=0.27335200380711328 0.73739840200072848 -0.54568935055285694 1.096100898410963 -0.84509703589555552 0.044544538358847308 -0.31754019459088645 1.1142808808599198 0.70133087322115895 -0.67895342672572423 0.86193606512887144 0.91712360500934587 -0.69012241959571841 -0.77868047439389765 0.78033306414172765 0.23952447218554362 -0.064185195863246919 0.47289052855583935 -0.96819385647773748 0.091566696443728043 -0.10089984638350352 -0.014457692070440812 -0.014448255485915294 0.91334111662926498 0.81935847319405652 -1.2228144276142121 -0.50607391435366411 0.91533838719129568 -0.17130915465809049 -0.78957217924816669 0.02239607763740252
leaf_weight=21 38 32 23 39 24 24 35 20 34 21 21 20 36 21 35 20 31 20 21 35 22 2566 27 29 20 26 20 21 43 53
leaf_count=21 38 32 23 39 24 24 35 20 34 21 21 20 36 21 35 20 31 20 21 35 22 2566 27 29 20 26 20 21 43 53
internal_value=2.65309e-10 0.0674507 0.0197765 0.0558221 0.234124 0.0890658 0.679134 0.457762 -0.107508 0.0607783 -0.0536728 -0.408275 -0.190141 0.194801 -0.0985289 0.438436 -0.244017 -0.0386301 -0.42539 0.19082 -0.488803 -0.0136524 0.190592 0.0481522 -0.456485 0.263674 0.0231545 0.358763 -0.0262355 -0.341298
internal_weight=3398 572 534 502 240 181 59 78 262 168 147 94 103 45 55 41 106 72 41 55 58 2826 164 137 41 96 67 41 2662 96
internal_count=3398 572 534 502 240 181 59 78 262 168 147 94 103 45 55 41 106 72 41 55 58 2826 164 137 41 96 67 41 2662 96
is_linear=0
shrinkage=0.05


Tree=98
num_leaves=31
num_cat=0
split_feature=0 0 18 22 11 11 22 12 12 1 20 18 13 20 4 4 0 0 20 2 4 12 3 3 22 2 8 15 22 4
split_gain=1202.69 1797.45 1522.63 1528.05 4619.42 4467.43 4511.46 4318.82 9410.86 12069 10293.7 5989.48 5975.63 6626.23 5116.45 8529.45 5338.48 5807.78 6249.44 4458.82 8053.04 4077.92 3879.48 5080.98 3776.56 3754.26 3554.63 4870.97 6361.85 3557.54
threshold=246.89113769280888 243.66283374257739 131.09044239716633 72.217597731309326 -5.3978331771459382 5.8978023851862664 71.740967066612072 57.437943800941682 79.212364900450211 22.602837967253375 53.606654409538933 71.000955603806247 37.950597360563997 62.573317673479302 306.47733681564392 263.40541117111445 212.66756715880936 78.798383986328773 68.498851640276015 50.69644908076171 190.46794046058471 85.808989822829233 4.9154947716149779 3.1851854558740644 67.260902781756769 53.165921064939475 -0.98296291314453399 69.359004111330805 79.676683763097003 13.245539054340847
decision_type=2 2 2 2 2 2 2 2 2 2 2 2 2 2 2 2 2 2 2 2 2 2 2 2 2 2 2 2 2 2
left_child=1 2 3 4 -1 6 7 12 9 -9 -10 -12 13 24 15 16 17 -14 25 20 -13 -8 23 -21 -6 -19 27 28 -5 -28
right_child=-2 -3 -4 26 5 -7 21 8 10 -11 11 19 14 -15 -16 -17 -18 18 -20 22 -22 -23 -24 -25 -26 -27 29 -29 -30 -31
leaf_value=0.5662860394910324 -0.27606234237169608 0.34067122919055137 0.38797809386253362 -0.48660698662633478 -0.65198390644330251 0.57761401006153645 0.88269497706339917 -0.28888910940060247 -1.1649367594718933 1.0536621427282373 0.5369167009707202 -0.4604393386840821 0.21922439918285463 -1.2848943813987401 -0.70586861228942877 0.93081812858581547 0.61121825521642514 -0.38728129148483276 0.16400101014545987 -0.093706174939870837 0.75462902477631966 -0.054094392522459935 0.16451193365183744 -1.085132899215179 0.24952626512164164 -1.3239537995794546 -0.29459017962217332 -0.56679038165220574 0.6894079981290776 0.0040087961428179938
leaf_weight=43 39 39 25 23 26 35 26 26 20 47 44 25 41 23 25 24 22 20 21 24 30 21 22 28 21 23 104 67 23 2441
leaf_count=43 39 39 25 23 26 35 26 26 20 47 44 25 41 23 25 24 22 20 21 24 30 21 22 28 21 23 104 67 23 2441
internal_value=-1.5326e-10 0.00320525 -0.00075896 -0.00370841 0.065845 0.0296177 -0.00469329 -0.0477298 0.0919214 0.575493 -0.090984 0.0331723 -0.198735 -0.589487 -0.0433217 0.0663715 -0.0969885 -0.245375 -0.543008 -0.138647 0.202325 0.46413 -0.392073 -0.627551 -0.249181 -0.888292 -0.0203771 -0.294783 0.101401 -0.00819328
internal_weight=3398 3359 3320 3295 637 594 559 512 266 73 193 173 246 70 176 151 127 105 64 129 55 47 74 52 47 43 2658 113 46 2545
internal_count=3398 3359 3320 3295 637 594 559 512 266 73 193 173 246 70 176 151 127 105 64 129 55 47 74 52 47 43 2658 113 46 2545
is_linear=0
shrinkage=0.05


Tree=99
num_leaves=31
num_cat=0
split_feature=17 10 10 17 19 9 10 15 13 21 10 0 19 14 23 16 16 9 16 4 13 0 21 11 14 19 19 6 16 13
split_gain=1209.69 1524.45 3116 4930.83 4586.05 2236.56 2105.33 7629.97 7638.95 5655.82 4759.79 2991.21 2973.84 2269.17 2598.05 2294.5 7652.32 6137.56 5281.66 5356.93 9200 6536.35 5167.37 6813.75 5998 4440.62 6170.91 6011.92 6716.39 5203.13
threshold=148.3674714866788 -6.9831062685763117 -6.1587860238858889 92.414140370004063 36.137861026516866 -0.12940952255126037 -4.7687591024952818 81.233819220203216 80.366124162855428 41.347263719700415 -5.2981266727290164 149.87502871076052 33.685565175164058 148.56817022272594 31.345376272086877 29.772025261057077 26.031845050567529 -0.12940952255126037 24.721701196198861 210.04986196997871 26.292046452219818 45.799635851311663 28.832931609333858 -0.85977807164910602 87.122081886259323 56.57716025974414 57.680372101511871 3.5000000000000004 65.434826714865039 62.388347582133555
decision_type=2 2 2 2 2 2 2 2 2 2 2 2 2 2 2 2 2 2 2 2 2 2 2 2 2 2 2 2 2 2
left_child=1 5 3 4 -3 -1 7 8 11 10 -9 -4 -10 14 -8 16 18 -18 19 20 -16 -21 -23 -24 -25 -17 -27 -28 -29 -30
right_child=-2 2 6 -5 -6 -7 13 9 12 -11 -12 -13 -14 -15 15 25 17 -19 -20 21 -22 22 23 24 -26 26 27 28 29 -31
leaf_value=-0.60773787069320684 -0.33974405481265141 0.48770939350128178 0.042960933099190399 0.79596992488950491 -0.46074804984606232 0.032602947056293484 0.44145446624074663 -0.55961411571180497 0.072235192145620075 -1.009766737981276 0.33346292138099676 -0.77415613418533691 0.82900002739008727 -0.4853500582601713 -0.71910739660263068 -0.034949257617577015 1.0570380376232789 0.15039858885109425 -0.56495773332459587 -0.9651593464612962 0.42581126845174738 0.62340757145925807 0.29252209144716085 -0.84098029633363103 0.10377337059804373 0.88874540196524743 -0.081923001246937258 -0.23247789067606772 1.1540826718012491 0.31468362528830768
leaf_weight=25 26 25 24 32 26 30 35 37 21 33 25 21 34 23 20 2226 35 40 35 20 143 27 52 42 28 27 177 31 30 48
leaf_count=25 26 25 24 32 26 30 35 37 21 33 25 21 34 23 20 2226 35 40 35 20 143 27 52 42 28 27 177 31 30 48
internal_value=-3.3607e-10 0.00261962 0.00694866 0.30945 0.00418207 -0.258461 -0.000814972 -0.160076 0.144767 -0.480963 -0.199502 -0.33836 0.540053 0.00940412 0.0131771 0.00814869 0.113285 0.573497 0.0192365 0.0808232 0.28533 -0.116423 -0.00249909 -0.141019 -0.463079 -0.0101539 0.166186 0.0979724 0.390096 0.637529
internal_weight=3398 3372 3317 83 51 55 3234 195 100 95 62 45 55 3039 3016 2981 442 75 367 332 163 169 149 122 70 2539 313 286 109 78
internal_count=3398 3372 3317 83 51 55 3234 195 100 95 62 45 55 3039 3016 2981 442 75 367 332 163 169 149 122 70 2539 313 286 109 78
is_linear=0
shrinkage=0.05


Tree=100
num_leaves=31
num_cat=0
split_feature=13 16 4 9 14 4 16 12 2 21 16 12 16 0 0 5 0 11 13 3 2 13 8 1 6 21 21 21 21 15
split_gain=1205.63 4265.88 3533.53 3166.74 4014.5 3757.34 3919.38 3759.19 3569.77 3014.88 1837.98 6137.07 5136.04 4742.45 7403.79 5375.48 4161.34 5388.08 4367.08 4251.65 3702.61 6693.7 3613.29 5112.07 8334.06 4553.09 5539.87 4898.01 11161.2 4263.19
threshold=19.055015499581817 26.648783975178592 41.888538043089049 1.0000000180025095e-35 117.56061236323403 277.73945014045631 61.071773173987729 81.323402819924709 73.870671826158528 42.099205352499446 29.772025261057077 17.235518497166733 35.177546672818195 207.65898173210473 87.072873729932823 6.5000000000000009 32.535192029820202 1.1426497868701291 51.292994482901072 4.9481600488072042 46.496319518070784 102.39820263285498 0.98296291314453421 31.553435507818435 2.5000000000000004 45.810270362388195 48.688148888914547 34.214201674269212 30.543269444640114 33.952755326111749
decision_type=2 2 2 2 2 2 2 2 2 2 2 2 2 2 2 2 2 2 2 2 2 2 2 2 2 2 2 2 2 2
left_child=1 -1 -3 5 8 6 -4 -8 9 -5 11 -2 13 14 -12 -16 17 18 -14 -19 -20 -22 23 25 -25 27 -27 28 -13 -29
right_child=10 2 3 4 -6 -7 7 -9 -10 -11 12 22 16 -15 15 -17 -18 19 20 -21 21 -23 -24 24 -26 26 -28 29 -30 -31
leaf_value=-0.50350165748596198 -0.67924227499961853 -0.3933794271686803 0.8478547841310502 -0.03376236200332642 -0.13075800508260726 -0.4461437121033669 -0.4233121893058221 0.4815429814837196 1.1967590001496402 0.81444816907698458 -0.80096558560343356 0.42386970323177037 -0.51819814879160664 -1.047245407998562 0.74530415751717305 -0.21562104038027829 -0.024720297401599534 1.1164979229752834 0.76202567582545078 0.17206412147391925 0.44862004034221176 -0.71742379963397984 -0.45829379546642307 -0.71127820814028386 0.28063018242518106 -0.71207382559776311 0.23672968171071262 -0.011514074603716534 -0.62427994947175725 0.65272796780111331
leaf_weight=25 25 23 20 20 20 26 24 22 22 22 34 81 26 20 22 43 2434 26 23 22 32 20 25 40 45 25 40 30 37 124
leaf_count=25 25 23 20 20 20 26 24 22 22 22 34 81 26 20 22 43 2434 26 23 22 32 20 25 40 45 25 40 30 37 124
internal_value=9.16385e-10 0.11211 0.189448 0.265613 0.487573 0.0629545 0.263508 0.00944463 0.680802 0.410538 -0.007912 0.0831231 -0.0238145 -0.344981 -0.20311 0.109615 -0.00901821 0.247484 0.040206 0.683632 0.233786 0.00014164 0.125761 0.160361 -0.18615 0.24776 -0.128195 0.337603 0.0952126 0.52333
internal_weight=3398 224 199 176 84 92 66 46 64 42 3174 472 2702 119 99 65 2583 149 101 48 75 52 447 422 85 337 65 272 118 154
internal_count=3398 224 199 176 84 92 66 46 64 42 3174 472 2702 119 99 65 2583 149 101 48 75 52 447 422 85 337 65 272 118 154
is_linear=0
shrinkage=0.05


Tree=101
num_leaves=31
num_cat=0
split_feature=1 1 1 17 5 15 21 3 3 21 21 13 19 16 17 1 17 2 10 0 3 22 10 2 23 18 17 13 22 13
split_gain=1209.17 1617.4 7005.37 5235.14 8526.09 9283.4 9127.61 8110.36 7675.93 5491.92 5195 8146.99 4929.01 4628.66 2277.19 5126.7 2512.01 5139.19 7102.46 7463.06 6537.1 5528.98 6291.53 7795.93 6124.83 5102.55 4845.26 4624.77 8311.68 8165.45
threshold=34.874102459881584 32.895248511743709 32.667821894083275 44.937386097653231 5.5000000000000009 115.29954755549967 33.974274568943564 3.6458447705024031 5.3907939208021007 41.428100657716051 41.428100657716051 102.39820263285498 40.554278905514401 85.515929710387312 12.895455419497763 21.871753277394273 36.970326775740226 63.667777848965521 0.81097455550764597 95.056660772834022 5.324063216987537 84.432781295780487 1.5893010023530916 45.637488376379011 42.829716207481233 65.285857353037173 26.188125009364388 71.121913049391495 80.97249306785109 42.277111086156161
decision_type=2 2 2 2 2 2 2 2 2 2 2 2 2 2 2 2 2 2 2 2 2 2 2 2 2 2 2 2 2 2
left_child=1 2 14 8 9 6 7 -6 13 -5 -8 -12 -7 -3 15 -1 17 21 20 -20 25 22 27 -24 -25 -19 -21 29 -29 -16
right_child=-2 3 -4 4 5 12 10 -9 -10 -11 11 -13 -14 -15 16 -17 -18 18 19 26 -22 -23 23 24 -26 -27 -28 28 -30 -31
leaf_value=-0.20712246811682627 -0.33967164800717287 -0.28687709261264122 -0.67473928393461768 -0.90209887334042138 -0.73798998509134561 0.063896907329559327 1.1773200304219216 0.44522677381833398 1.2390028286725283 -0.0018544360995292664 0.99152874987700901 -0.18373400708039603 -0.93926821897427237 0.70904209613800051 0.40618216336759572 0.70058538947786608 0.015379377204192232 -0.27635573156570137 -0.59791437880746245 0.73323786580884787 0.042844385379239132 -0.50124629330496462 -0.7157397965705673 0.60227705520742081 -0.45417773257131161 -1.016828517516454 -0.19090553133384042 0.27512144195571753 1.4074420747302829 -0.62278399876048496
leaf_weight=28 26 28 39 36 28 25 33 30 23 32 29 30 24 20 51 35 2390 38 29 37 38 43 43 34 23 60 23 71 21 31
leaf_count=28 26 28 39 36 28 25 33 30 23 32 29 30 24 20 51 35 2390 38 29 37 38 43 43 34 23 60 23 71 21 31
internal_value=1.12321e-09 0.00261906 -0.008939 0.106368 0.00489529 0.17006 0.365246 -0.125981 0.487963 -0.478454 0.674933 0.393938 -0.427449 0.128089 -0.000269146 0.29716 -0.00666001 -0.103845 -0.286594 0.0606681 -0.513847 0.0258669 0.108589 -0.207455 0.175988 -0.729706 0.378983 0.290224 0.533586 0.0171828
internal_weight=3398 3372 3034 338 267 199 150 58 71 68 92 59 49 48 2995 63 2932 542 225 89 136 317 274 100 57 98 60 174 92 82
internal_count=3398 3372 3034 338 267 199 150 58 71 68 92 59 49 48 2995 63 2932 542 225 89 136 317 274 100 57 98 60 174 92 82
is_linear=0
shrinkage=0.05


Tree=102
num_leaves=31
num_cat=0
split_feature=22 18 0 0 11 16 2 16 18 6 15 1 5 4 1 18 17 23 14 3 5 4 22 18 16 16 17 16 17 0
split_gain=1197.6 6603.3 4118.03 6636.15 6132.65 5496.24 5478.91 5425.77 5348.22 5188.37 4108.06 7514.12 6201.76 5800.34 5568.89 9599.54 3664.05 3215.12 5186.87 3140.81 3490.18 2814.98 2751.09 8366.49 4835.27 13675.2 5663.72 8117.74 5155.36 4782.87
threshold=86.019581198893988 57.441431512711205 81.39391406627098 111.09751958894638 -0.78216905391238678 72.613312348722147 85.649200273097023 52.980357257016436 100.36756117624643 3.5000000000000004 72.425668004102889 24.881244545310569 16.500000000000004 279.84693400717106 23.396117136959337 93.978310550766054 103.56459527560303 36.576161099939355 104.314473945129 3.1188788730907557 11.500000000000002 263.40541117111445 84.143650986307634 109.14359995898614 32.480205474637998 60.11746670769012 90.685720290971076 117.78828729718253 50.857981772717721 148.18959913143945
decision_type=2 2 2 2 2 2 2 2 2 2 2 2 2 2 2 2 2 2 2 2 2 2 2 2 2 2 2 2 2 2
left_child=22 -2 5 4 -4 7 10 -3 9 -7 12 13 14 19 -5 -16 -6 -13 21 -12 -21 -19 -1 24 -24 -26 27 28 -27 -28
right_child=1 2 3 6 16 8 -8 -9 -10 -11 11 17 -14 -15 15 -17 -18 18 -20 20 -22 -23 23 -25 25 26 29 -29 -30 -31
leaf_value=0.0019127477400261981 0.70282002761960038 -0.36502762436866765 1.1110350862145424 0.58074498097101845 -0.31304586785180227 -0.27101108034451804 -0.65317563805086865 0.77285901921039279 0.10074787713863231 -1.2512201485810457 -1.0923009714354641 -0.31570702648681143 0.90145287561463194 0.31735974424941976 0.46825255230069163 -1.0623501732235863 0.60044367106064511 0.31745899880402972 0.85771895013749599 0.10322784520685674 -0.74948573900120596 -0.41539013564586641 0.47935978354829728 -1.080904746833055 -0.98530951454872051 0.83046646237373345 0.82562336996197705 -0.74522038146853453 -0.29120779888970511 -0.0091388354833061621
leaf_weight=2579 38 20 28 30 21 27 29 22 27 27 23 23 32 22 20 21 23 38 32 21 28 20 33 23 41 20 32 40 21 37
leaf_count=2579 38 20 28 30 21 27 29 22 27 27 23 23 32 22 20 21 23 38 32 21 28 20 33 23 41 20 32 40 21 37
internal_value=-9.61965e-10 0.0659785 0.0206602 0.0966186 0.532573 -0.233152 0.00402656 0.231008 -0.473828 -0.761116 0.0655068 -0.0628862 0.323539 -0.393179 0.0630711 -0.315715 0.16446 0.211871 0.346696 -0.610288 -0.384037 0.0647524 -0.0133545 -0.172764 -0.0795172 -0.176077 0.0451131 -0.238455 0.25595 0.377997
internal_weight=3398 572 534 411 72 123 339 42 81 54 310 207 103 94 71 41 44 113 90 72 49 58 2826 247 224 191 150 81 41 69
internal_count=3398 572 534 411 72 123 339 42 81 54 310 207 103 94 71 41 44 113 90 72 49 58 2826 247 224 191 150 81 41 69
is_linear=0
shrinkage=0.05


Tree=103
num_leaves=31
num_cat=0
split_feature=11 2 22 18 4 22 3 20 1 0 9 13 14 16 14 1 11 23 19 2 5 2 0 14 6 12 1 21 18 18
split_gain=1184.26 7455.11 5246.13 5977.57 5169.77 5062.37 10633 8237.29 6463.34 6437.56 5868.47 7907.15 5291.55 7254.22 6358.02 5516.17 4670.45 6092.34 4648.57 5876.76 6144.81 5334.31 4625.36 4507.48 5928.9 4424.39 5104.51 4384.08 4840.06 5310.61
threshold=2.7001977983504424 87.349258434786577 80.248254241576134 62.917326980061937 184.56902748066287 75.09923434452007 3.8894588059270023 61.723618083186182 18.66867358834606 160.74005342577775 0.1294095225512602 83.255946625255049 94.075666185457791 85.515929710387312 36.729878961898144 25.964826884345808 2.1589292164241995 40.424464421728096 21.247769706650633 48.678243840946699 6.5000000000000009 38.935669959395945 154.59180479285268 18.516249388623095 1.0000000180025095e-35 96.038785301347843 26.503019515350207 36.617158353108493 65.285857353037173 83.232706502186289
decision_type=2 2 2 2 2 2 2 2 2 2 2 2 2 2 2 2 2 2 2 2 2 2 2 2 2 2 2 2 2 2
left_child=16 2 5 4 -4 6 -2 -7 -8 10 11 -9 13 14 -10 -14 23 22 -5 21 -21 -20 -18 24 -1 26 -11 -26 -29 -30
right_child=1 -3 3 18 -6 7 8 9 12 25 -12 -13 15 -15 -16 -17 17 -19 19 20 -22 -23 -24 -25 27 -27 -28 28 29 -31
leaf_value=0.43829909324645994 -0.92151927687870028 0.83021277966706641 0.17884706089625491 0.44205227093327615 1.1610681632444972 -1.3368315310776235 0.7667571344202565 0.27100128194560175 -0.72439514398574834 0.090496636978511166 0.31642348758750044 -0.98018582484551853 -0.9966673699518046 0.69779454222539572 0.23941552401943642 0.064567048251628886 0.27576759738080642 0.65104637833742007 -0.027320700709617909 0.70447241643379477 -0.13131370801519562 -0.91648512569230955 -0.533557447846289 0.016702245047116527 -1.0836159512400627 -1.1495099956026444 -0.90694111481956829 0.067783013158119645 -0.98836122716174413 0.038436180353164678
leaf_weight=25 29 23 37 42 21 20 31 23 28 29 59 28 24 41 44 25 51 65 31 29 91 37 27 2363 20 26 23 52 34 20
leaf_count=25 29 23 37 42 21 20 31 23 28 29 59 28 24 41 44 25 51 65 31 29 91 37 27 2363 20 26 23 52 34 20
internal_value=3.99334e-10 -0.0558945 -0.0842796 0.0808654 0.534479 -0.194888 -0.0288272 -0.372127 0.105308 -0.269498 -0.0231199 -0.415925 -0.0212657 0.16691 -0.1354 -0.455221 0.0155882 0.293539 -0.0335241 -0.13977 0.0706679 -0.511131 -0.00438338 -0.000222068 -0.265071 -0.616955 -0.350678 -0.404628 -0.276517 -0.608066
internal_weight=3398 741 718 288 58 430 222 208 193 188 110 51 162 113 72 49 2657 143 230 188 120 68 78 2514 151 78 52 126 106 54
internal_count=3398 741 718 288 58 430 222 208 193 188 110 51 162 113 72 49 2657 143 230 188 120 68 78 2514 151 78 52 126 106 54
is_linear=0
shrinkage=0.05


Tree=104
num_leaves=31
num_cat=0
split_feature=22 23 15 5 10 16 12 1 4 11 20 6 11 2 12 13 15 14 15 2 20 12 20 11 22 15 10 22 1 3
split_gain=1122.46 3839.96 3639.39 6667.13 4223.34 4172.41 4260.96 3693.3 6390.87 6055.93 7130.05 3640.46 3491.27 5224.35 3970.38 6923.66 8563.31 6081.65 9871.25 5949.08 5531.82 4992.79 6314.81 4792.07 4759.92 4450.77 4424.44 4911.73 8440.89 4379.78
threshold=74.425085011410047 45.99490383709341 28.487106036837627 20.500000000000004 1.171991661437876 66.540977494920284 96.038785301347843 30.814241018769476 61.409311333363981 1.4947928089848246 72.73113406580886 2.5000000000000004 -5.2117220238196404 69.349270665770504 55.606226003481886 69.443606492095753 49.258740560068979 26.750944883744555 119.39196735204904 51.132980208644177 68.168194218575863 79.212364900450211 51.683498445510985 1.4947928089848246 71.392754612187929 22.834455605907564 -2.0488363085195096 72.300557467391357 22.088146572096733 1.2924380024949018
decision_type=2 2 2 2 2 2 2 2 2 2 2 2 2 2 2 2 2 2 2 2 2 2 2 2 2 2 2 2 2 2
left_child=1 12 3 4 7 -6 -7 8 -2 11 -11 -10 13 -1 15 17 19 -14 25 -17 -18 26 -23 24 -22 -19 -16 28 -28 -24
right_child=2 -3 -4 -5 5 6 -8 -9 9 10 -12 -13 14 -15 21 16 20 18 -20 -21 23 22 29 -25 -26 -27 27 -29 -30 -31
leaf_value=0.69017078746920058 0.041978605797416288 0.6027612879996499 0.0045274807761545221 0.67469160329727895 -0.44349639944491853 0.60308980281288571 -0.26354226236758022 0.033286623088642955 -0.58805473595857627 -0.94835401514172557 0.22347956139732295 -1.4589331410328548 0.25019244049724781 -0.13427857232816293 0.79765038536145139 0.011102896151335343 -0.73489276160453931 0.067242355942726137 0.42290645440419516 1.0653372569009663 0.3298794471699259 -0.8289640832353723 0.57476742812565396 0.73995043039321906 -0.67670267919699356 -0.73938144410060636 -0.39913073451746084 -0.32843403400796833 0.82382375538392472 -0.0166992455821585
leaf_weight=46 38 30 2154 21 31 37 23 40 20 25 27 30 38 33 39 23 29 20 27 32 23 22 35 20 24 118 21 33 43 296
leaf_count=46 38 30 2154 21 31 37 23 40 20 25 27 30 38 33 39 23 29 20 27 32 23 22 35 20 24 118 21 33 43 296
internal_value=-6.52584e-10 0.0460632 -0.0179281 -0.183577 -0.250084 0.0275216 0.270881 -0.39043 -0.511491 -0.717686 -0.339902 -1.11058 0.0279494 0.345781 -0.00183552 -0.129369 0.127017 -0.320081 -0.451416 0.624476 -0.157985 0.0904896 -0.00867798 0.091722 -0.18412 -0.622479 0.347888 0.167055 0.422542 0.0458425
internal_weight=3398 952 2446 292 271 91 60 180 140 102 52 50 922 79 843 354 151 203 165 55 96 489 353 67 47 138 136 97 64 331
internal_count=3398 952 2446 292 271 91 60 180 140 102 52 50 922 79 843 354 151 203 165 55 96 489 353 67 47 138 136 97 64 331
is_linear=0
shrinkage=0.05


Tree=105
num_leaves=31
num_cat=0
split_feature=3 23 22 22 13 3 22 3 15 15 14 8 18 10 10 23 3 5 16 1 1 20 13 19 21 22 21 3 15 2
split_gain=1138.76 5337.56 3211.8 3276.53 3911.34 1817.95 7105.99 5783.12 7379.16 6730.51 9895.69 6174.25 5377.98 4121.41 4709.99 3934.92 2745.83 6040.87 4779.14 5349.88 5036.17 2641.77 2297.11 2178.75 2268.51 5511.59 3965.2 6670.27 6808.91 5670.48
threshold=7.6875829376374174 36.133103626804882 71.392754612187929 81.857473170565626 66.976958112407047 6.991452857953437 73.159224559521832 7.121898112392846 100.33078156839902 74.672225919691286 63.794391967260928 -0.37940952255126059 76.170771017343725 6.3593929590325731 6.1067125273361418 39.979348296686901 6.6897714493606228 5.5000000000000009 43.915520024034002 23.582963397465658 27.507529022439822 83.665618527256825 61.724463054192022 4.8159783270615923 18.870275222017128 79.21758230839437 27.414073857643718 1.1862419250879492 42.241990318903987 40.595744894360372
decision_type=2 2 2 2 2 2 2 2 2 2 2 2 2 2 2 2 2 2 2 2 2 2 2 2 2 2 2 2 2 2
left_child=5 -2 -3 4 -4 13 22 8 -8 12 15 -12 -9 14 16 -11 23 -18 -19 -20 -21 -14 -7 -1 25 -25 27 -26 -29 -30
right_child=1 2 3 -5 -6 6 7 9 -10 10 11 -13 21 -15 -16 -17 17 18 19 20 -22 -23 -24 24 26 -27 -28 28 29 -31
leaf_value=-0.3883251695973533 -0.81830363559226194 0.54452684467489065 -0.86484791610551925 0.24543567799233101 -0.034531464850580368 0.24867854504971892 0.98646992920287735 0.054802176008621854 -0.19877162923415503 -1.0037008887529373 -0.081954173692341509 0.87132484447665337 -1.186117786946504 -0.63309395313262939 0.65654217600822451 -0.023747507447288152 -0.86775452896053429 -0.66322956830263147 -0.32013813388698242 1.0455894000150943 -0.050682741105556484 -0.4738701694210371 0.79207354035319355 -0.11231881114276682 0.54993898581181255 0.79965887248516088 0.022019689776942519 0.439439404408137 0.20589004870918065 -0.48315999848502023
leaf_weight=35 24 22 23 37 37 37 29 30 24 20 29 41 23 26 27 21 29 24 34 22 20 30 41 37 28 30 2377 30 36 175
leaf_count=35 24 22 23 37 37 37 29 30 24 20 29 41 23 26 27 21 29 24 34 22 20 30 41 37 28 30 2377 30 36 175
internal_value=-4.23364e-10 -0.138096 -0.000911392 -0.124619 -0.352819 0.00606689 0.118263 -0.0131203 0.449757 -0.139576 0.115089 0.476395 -0.480154 -0.00637805 -0.000766952 -0.501774 -0.00693565 -0.232386 -0.0481289 0.146113 0.523555 -0.782959 0.534309 0.00364771 0.00870449 0.296029 0.00142907 -0.180519 -0.265385 -0.365597
internal_weight=3398 143 119 97 60 3255 325 247 53 194 111 70 83 2930 2904 41 2877 129 100 76 42 53 78 2748 2713 67 2646 269 241 211
internal_count=3398 143 119 97 60 3255 325 247 53 194 111 70 83 2930 2904 41 2877 129 100 76 42 53 78 2748 2713 67 2646 269 241 211
is_linear=0
shrinkage=0.05


Tree=106
num_leaves=31
num_cat=0
split_feature=13 16 11 21 13 0 6 9 3 21 19 4 18 6 18 0 18 4 5 19 19 2 19 13 23 1 14 10 20 20
split_gain=1113.58 3809.72 3229.9 5338.41 3163.36 4573.8 2865.01 2579.37 1633.69 6821.26 3182.23 2326.37 1778.05 3677.68 2692.53 4791.56 3344.01 6480.65 2935.26 2075.51 8674.58 6769.17 6508.49 5326.81 5274.96 4484.56 5238.44 7419.54 4016.12 6984.93
threshold=19.055015499581817 26.648783975178592 -1.6351228283391845 45.426731569059022 12.9265694426068 140.04453903753853 1.5000000000000002 -0.12940952255126037 0.69709120439496641 34.851538704449212 44.274933116388105 357.48899478610798 33.131354916977891 4.5000000000000009 37.917917049936683 93.099931244243663 43.51670530887295 167.78032661194806 12.500000000000002 21.521322213798271 18.645246619059126 80.542345678300748 21.860532421826679 121.51984988685994 37.616480319555485 34.207696281079095 118.34090288041223 1.2596551693218343 98.918653255610778 90.645191705510129
decision_type=2 2 2 2 2 2 2 2 2 2 2 2 2 2 2 2 2 2 2 2 2 2 2 2 2 2 2 2 2 2
left_child=1 -1 3 -3 5 -4 -6 -8 9 -2 -11 12 13 -10 15 -14 17 -16 -19 20 25 23 -21 24 -22 26 28 -28 29 -18
right_child=8 2 4 -5 6 -7 7 -9 11 10 -12 -13 14 -15 16 -17 19 18 -20 22 21 -23 -24 -25 -26 -27 27 -29 -30 -31
leaf_value=-0.474021441847086 0.77796268519014122 0.46519987632830939 -0.59139352768659592 -0.4873209358045929 0.058769232620085987 0.43240485092004138 0.35358501871426906 0.98360084900632505 0.081176424305886036 -0.55303136634826655 0.29313814133405686 -0.52559046040881763 0.95963574558496478 -0.7111905928011294 0.1436487963325099 -0.021150940476041852 -0.18766177312695775 -1.1560641773722389 -0.31912907168269156 -0.92029660105705258 0.27907248756715231 -0.29504019965728129 -0.014440960355287675 -0.086113607827574018 1.1362345263957978 0.6909523912661133 -0.10194491233262751 0.89397074972512203 -0.58521233323547583 0.48678939420243972
leaf_weight=25 32 24 20 38 28 24 33 32 32 25 20 22 20 27 38 33 232 22 20 20 28 24 2320 20 50 21 45 32 45 46
leaf_count=25 32 24 20 38 28 24 33 32 32 25 20 22 20 27 38 33 232 22 20 20 28 24 2320 20 50 21 45 32 45 46
internal_value=-1.96104e-10 0.107745 0.180832 -0.118603 0.316342 -0.032958 0.481603 0.663747 -0.00760396 0.219893 -0.176956 -0.0132602 -0.00959472 -0.281432 -0.00427695 0.348957 -0.0105953 -0.329467 -0.757524 -0.00174702 0.086321 0.457562 -0.0221833 0.641872 0.828535 -0.0212595 -0.0586506 0.311942 -0.146996 -0.0760619
internal_weight=3398 224 199 62 137 44 93 65 3174 77 45 3097 3075 59 3016 53 2963 80 42 2883 543 122 2340 98 78 421 400 77 323 278
internal_count=3398 224 199 62 137 44 93 65 3174 77 45 3097 3075 59 3016 53 2963 80 42 2883 543 122 2340 98 78 421 400 77 323 278
is_linear=0
shrinkage=0.05


Tree=107
num_leaves=31
num_cat=0
split_feature=4 22 16 17 17 3 11 1 17 18 18 12 6 0 15 4 2 5 16 20 11 1 18 22 17 18 12 16 23 3
split_gain=1105.47 4808.74 4639.97 5866.45 8912.02 7891.29 6886.71 6083.71 8626.93 5771.46 5755.06 5215.63 7061.1 8104.51 7052.62 5730.17 5308.43 5437.81 5194.03 5039.81 4950.59 4450.87 4445.98 6582.9 4121.48 4067.33 4578.67 4319.46 3976.82 3853.77
threshold=241.72930496714898 92.757805540230535 97.395124736467508 107.23612040587027 96.72832382592695 1.1506522406295652 0.18162659866321978 21.396084021833577 76.474485732202965 102.27692069762519 107.13701914144038 99.367656582606102 1.0000000180025095e-35 179.44489758041087 92.858153874499564 319.68586663641844 33.047257901374543 20.500000000000004 69.651682351067691 100.34818824575615 -1.6351228283391845 29.665787620303025 89.998432941992931 77.660364266603182 60.042850513725163 99.967139373983017 97.941855217719436 121.18069041776015 40.164974587460698 6.2366630236593297
decision_type=2 2 2 2 2 2 2 2 2 2 2 2 2 2 2 2 2 2 2 2 2 2 2 2 2 2 2 2 2 2
left_child=-1 2 10 4 5 -4 7 -7 9 21 11 16 -13 15 -15 18 -2 22 -14 24 -19 28 29 -24 -12 26 27 -5 -9 -18
right_child=1 -3 3 25 -6 6 -8 8 -10 -11 19 12 13 14 -16 -17 17 20 -20 -21 -22 -23 23 -25 -26 -27 -28 -29 -30 -31
leaf_value=-0.020666485313218276 0.76870081019401548 0.59260836706349729 0.79909066937186513 0.073160595712917192 0.75716982448802284 -0.81562371189179628 0.42241216521514091 -0.22556631762002197 -0.78053276732563981 0.84657131236046546 -1.0752176634967328 1.0909716421160205 -0.027793849810310037 1.3810466885566712 0.15579716640969982 -0.5195270816485088 0.050735019908845429 -0.98996502856413526 0.93736830249428749 0.15907378639930336 0.015392859697341919 -0.56308810077607629 -1.0293390208056994 0.06868583773955321 -0.1961402988433838 0.16009076291864568 -1.2221645517782731 -0.78358345954648911 0.64204803276062017 0.43386660492822027
leaf_weight=2228 25 38 22 28 34 46 38 28 40 20 24 29 46 24 23 36 250 24 20 39 25 32 21 39 30 22 22 31 25 89
leaf_count=2228 25 38 22 28 34 46 38 28 40 20 24 29 46 24 23 36 250 24 20 39 25 32 21 39 30 22 22 31 25 89
internal_value=-2.41067e-10 0.0393546 0.0207825 -0.119394 -0.00251445 -0.10542 -0.192316 -0.314618 -0.155678 0.0823614 0.0938853 0.146446 0.377149 0.238217 0.781456 -0.0120993 0.0596273 0.0200584 0.26468 -0.274038 -0.477027 -0.0974527 0.081104 -0.315623 -0.586841 -0.442798 -0.606546 -0.376993 0.183686 0.151321
internal_weight=3398 1170 1132 388 285 251 229 191 145 105 744 651 178 149 47 102 473 448 66 93 49 85 399 60 54 103 81 59 53 339
internal_count=3398 1170 1132 388 285 251 229 191 145 105 744 651 178 149 47 102 473 448 66 93 49 85 399 60 54 103 81 59 53 339
is_linear=0
shrinkage=0.05


Tree=108
num_leaves=31
num_cat=0
split_feature=0 19 18 19 12 10 12 13 15 22 6 12 11 15 18 0 0 10 17 9 12 23 19 14 0 14 18 1 18 13
split_gain=1097.29 1450.62 1530.43 2930.96 1816.13 6055.85 4305.18 4851.58 5581.45 4638.27 4155.39 6168.53 5925.34 4948.19 4147.23 6635.54 4482.05 3904.95 5861.58 5837.75 3823.82 3782.86 3324.52 3337.02 5292.87 4283.71 3223.85 3264.85 2964.46 8328.44
threshold=21.927796765929944 4.0717699163529675 124.60377832548662 17.24570040454449 133.08285834782569 -4.4627182313059039 118.93329938574429 61.724463054192022 40.974738517463031 80.301215045734111 1.5000000000000002 139.63849634666431 -0.28861803465739527 134.91438860535879 109.14359995898614 184.37753923714044 218.13908110989442 2.176078182516203 109.63799829764612 0.25881904510252057 118.07219463051736 43.446149303616082 67.142729950195175 146.83445490526017 136.94748067698251 144.60957462720924 116.41546470951245 15.313667967201438 89.765319393212607 79.196420984565307
decision_type=2 2 2 2 2 2 2 2 2 2 2 2 2 2 2 2 2 2 2 2 2 2 2 2 2 2 2 2 2 2
left_child=-1 -2 4 -4 6 -6 20 21 9 -9 11 -7 -13 14 15 17 -17 18 19 -12 22 -8 23 25 -25 26 27 -3 -29 -30
right_child=1 2 3 -5 5 10 7 8 -10 -11 13 12 -14 -15 -16 16 -18 -19 -20 -21 -22 -23 -24 24 -26 -27 -28 28 29 -31
leaf_value=0.31171364933252338 -0.36761121799548468 0.45975504082602425 0.52772738745338044 -0.12740144917080481 -0.76990355183370418 -0.90293763991325138 0.26639815675475265 -0.89346157002907534 0.18132810158976195 0.081293343590653475 1.1260740048562488 0.66326999872922898 -0.43381002868991347 -0.61834846501765051 -0.34931736127896745 1.2251386003494265 0.22091655731201174 -0.40718256197869779 -0.37592603111267092 0.054331776389369257 -0.61656662821769714 0.9041747673865288 -0.50585419047962543 1.0025320285842534 -0.12005772533870879 -0.51504975164808886 0.4911315137689764 0.015734084989138669 -0.61402478585504516 -0.038715049367766458
leaf_weight=28 27 37 38 31 32 31 93 26 145 23 24 20 32 23 33 25 20 32 25 27 26 31 33 21 21 41 33 1892 73 455
leaf_count=28 27 37 38 31 32 31 93 26 145 23 24 20 32 23 33 25 20 32 25 27 26 31 33 21 21 41 33 1892 73 455
internal_value=-2.77978e-10 -0.00258991 0.000358217 0.233394 -0.00455305 -0.116921 0.0077884 0.181562 0.0254243 -0.435924 -0.0453614 -0.34467 -0.0118562 0.0735026 0.159054 0.268703 0.778818 0.056155 0.251245 0.558681 -0.0132071 0.425842 -0.00718736 -0.00079171 0.441237 -0.00812684 0.000220084 -0.00637335 -0.0135001 -0.118256
internal_weight=3398 3370 3343 69 3274 324 2950 318 194 49 292 83 52 209 186 153 45 108 76 51 2632 124 2606 2573 42 2531 2490 2457 2420 528
internal_count=3398 3370 3343 69 3274 324 2950 318 194 49 292 83 52 209 186 153 45 108 76 51 2632 124 2606 2573 42 2531 2490 2457 2420 528
is_linear=0
shrinkage=0.05


Tree=109
num_leaves=31
num_cat=0
split_feature=16 14 2 9 16 10 11 3 12 21 9 10 12 22 14 5 4 19 10 2 1 16 3 5 16 1 1 19 10 10
split_gain=1096.63 4945.6 3099.85 4267.78 2551.45 1884.72 1686.93 1781.27 7451.42 6388.52 4709.95 4521.17 4508.57 5529.75 4479.53 4403.46 4400.55 4157.49 3326.35 3072.88 2761.35 2665.97 2613.78 5314.45 4884.47 4662.26 4488.61 2976.16 2366.72 7838.4
threshold=15.004261114134408 112.85651917622071 51.45977173419103 1.0000000180025095e-35 16.010665463804607 7.183079745877003 -7.5172983863066527 6.991452857953437 37.331506565391912 30.8920996208379 -0.12940952255126037 6.3593929590325731 61.664762173837865 74.629829165909015 74.171152317141278 14.500000000000002 168.38401717335333 26.03052164306138 6.1067125273361418 66.459796174065886 26.117509540090143 87.003425717347454 6.6897714493606228 5.5000000000000009 43.915520024034002 23.582963397465658 27.507529022439822 4.8159783270615923 1.2357458416233917 1.2889713109921102
decision_type=2 2 2 2 2 2 2 2 2 2 2 2 2 2 2 2 2 2 2 2 2 2 2 2 2 2 2 2 2 2
left_child=1 2 -1 -4 -2 6 -6 11 10 17 20 18 -11 15 19 -14 21 -10 22 -15 -9 -16 27 -24 -25 -26 -27 -8 -29 -30
right_child=4 -3 3 -5 5 -7 7 8 9 12 -12 -13 13 14 16 -17 -18 -19 -20 -21 -22 -23 23 24 25 26 -28 28 29 -31
leaf_value=-0.67051238041069061 0.48081988160099298 0.45508527446676184 0.33623805801073714 -0.49386371914297345 -0.39649707422806668 -0.45974397713487802 -0.46663394259909796 -0.27980058625340465 0.81900663143571684 -0.5495895543572854 0.88984673882639687 -0.689352168639501 0.9318786452213923 -0.7628760931523223 -0.64938287450508636 -0.025924753273526831 0.46801550969099392 -0.020908344250458941 0.56275933614143969 -0.079453703555567523 0.53196267702362754 0.14823629468679431 -0.82179323609532995 -0.72533607866082883 -0.2991079448777087 0.98133995695547638 -0.053621459454298019 -0.021768110709273352 1.011627345193516 0.055221158315773788
leaf_weight=37 28 27 30 32 26 22 33 20 34 49 43 24 24 38 22 24 39 26 26 29 22 20 29 21 34 22 20 1758 22 817
leaf_count=37 28 27 30 32 26 22 33 20 34 49 43 24 24 38 22 24 39 26 26 29 22 20 29 21 34 22 20 1758 22 817
internal_value=-7.39728e-11 -0.144747 -0.308338 -0.0922016 0.00557401 0.00147201 0.00462122 0.00788438 0.108009 -0.00736698 0.522007 -0.00603178 -0.12061 -0.0133656 -0.164612 0.452977 0.0855668 0.455043 -0.000136848 -0.467066 0.145409 -0.269564 -0.00544719 -0.22791 -0.0503575 0.13615 0.488501 0.00521073 0.0112064 0.0802997
internal_weight=3398 126 99 62 3272 3244 3222 3196 390 305 85 2806 245 196 148 48 81 60 2782 67 42 42 2756 126 97 76 42 2630 2597 839
internal_count=3398 126 99 62 3272 3244 3222 3196 390 305 85 2806 245 196 148 48 81 60 2782 67 42 42 2756 126 97 76 42 2630 2597 839
is_linear=0
shrinkage=0.05


Tree=110
num_leaves=31
num_cat=0
split_feature=17 21 21 8 10 17 10 17 18 13 10 10 15 13 10 6 10 18 23 6 19 17 18 18 10 18 3 2 12 16
split_gain=1063.18 1385.01 2905.59 3861.74 1880.11 2396.22 1947.46 5436.3 6566.88 6387.6 2618.98 2230.28 8739.79 5343.46 3862.66 3421.18 4313.2 2710.37 6523.92 3130.48 2498 2291.58 2163.18 5163.88 4381.22 3756.82 6030.04 7834.06 5919.39 5391.39
threshold=11.238442564756813 14.207181748329194 18.870275222017128 1.0000000180025095e-35 -7.167244933326371 148.3674714866788 -6.1587860238858889 92.414140370004063 73.224053498209713 101.79208831639254 -6.5751310031960672 -4.7687591024952818 81.233819220203216 80.366124162855428 -5.3711347463833166 3.5000000000000004 -5.483980408080269 33.131354916977891 42.884011336478046 4.5000000000000009 33.685565175164058 78.720500876013048 37.917917049936683 43.51670530887295 -1.5196577643331572 60.958834883344061 1.7341775210877766 50.568615608235589 42.646008117252684 21.187218169596807
decision_type=2 2 2 2 2 2 2 2 2 2 2 2 2 2 2 2 2 2 2 2 2 2 2 2 2 2 2 2 2 2
left_child=-1 -2 3 -3 -4 6 7 8 -6 -10 -9 12 13 14 -8 16 -14 18 19 -13 -15 -17 -19 24 -24 26 27 -25 -29 -28
right_child=1 2 4 -5 5 -7 11 10 9 -11 -12 17 15 20 -16 21 -18 22 -20 -21 -22 -23 23 25 -26 -27 29 28 -30 -31
leaf_value=0.30683053375354841 -0.35922014365593591 0.67907998689583371 -0.42925010764828092 -0.17857337012177421 -0.75177181725916664 -0.50014034609970015 0.18341617785070255 0.27326180764607022 0.89032333439046685 -0.32881282908575882 1.0727334120869638 -0.26879060708958175 -0.40236508420535499 0.062234946659633097 -0.76668259859085086 -0.56297958482589039 -1.3503017973332179 0.30167424253055031 0.42644749835133555 -1.1241143381595611 0.75981916965860308 0.17567759581974574 0.2652473145723343 -1.0821036475045342 -0.58256950676441199 -0.0089424426776749007 -0.41510755101839703 0.68626668134238578 -0.38612736783200696 0.28315736338792535
leaf_weight=28 27 35 26 21 23 24 23 21 22 21 20 23 28 21 20 21 21 63 20 20 33 21 20 21 64 2276 30 22 31 352
leaf_count=28 27 35 26 21 23 24 23 21 22 21 20 23 28 21 20 21 21 63 20 20 33 21 20 21 64 2276 30 22 31 352
internal_value=1.18393e-09 -0.00254933 0.000331347 0.35746 -0.00575299 -0.00237644 0.00131412 0.21107 -0.0698289 0.294931 0.663248 -0.00585644 -0.172819 0.15738 -0.25849 -0.52479 -0.808624 0.00481284 -0.319611 -0.666616 0.488536 -0.193651 0.0119121 0.00542948 -0.380708 0.0173019 0.148294 -0.264814 0.0590173 0.22832
internal_weight=3398 3370 3343 56 3287 3261 3237 107 66 43 41 3130 188 97 43 91 49 2942 63 43 54 42 2879 2816 84 2732 456 74 53 382
internal_count=3398 3370 3343 56 3287 3261 3237 107 66 43 41 3130 188 97 43 91 49 2942 63 43 54 42 2879 2816 84 2732 456 74 53 382
is_linear=0
shrinkage=0.05


Tree=111
num_leaves=31
num_cat=0
split_feature=8 0 21 22 20 21 17 21 2 5 6 16 19 22 4 3 22 4 15 0 6 13 22 15 1 19 19 15 16 14
split_gain=1051.96 4338.46 3789.55 8788.09 9510.53 8708.44 7930.52 7976.99 7889.55 7841.74 8539.94 7190.82 6763.86 6088 6484.55 7619.9 5980.09 8729.07 6932.46 7868.05 6503.45 5950.73 5866.59 5508.41 5310.28 10646.5 8236.82 5069.64 4919.27 4863.18
threshold=1.0000000180025095e-35 23.96807126474685 45.502850460870285 77.282390632462992 75.300705621153057 46.180043971265434 82.972801542337393 39.230562272816677 64.370400656381591 3.5000000000000004 2.5000000000000004 100.19299807185222 27.814447046585531 67.941923479607325 12.038748122573159 0.93208155391589553 84.369779058108051 326.93884462493611 101.19325029903472 96.851408889497449 1.5000000000000002 77.601134694581447 78.333004234999933 122.56389121056135 30.171515501317483 42.842339956179025 39.225734399088218 21.634916392971682 72.925261431216441 108.59297139445228
decision_type=2 2 2 2 2 2 2 2 2 2 2 2 2 2 2 2 2 2 2 2 2 2 2 2 2 2 2 2 2 2
left_child=-1 -2 6 4 21 -5 13 23 9 -9 -11 27 -10 -3 -15 -16 17 18 24 -20 -21 -4 -22 29 25 -17 -26 -7 -12 -8
right_child=1 2 3 5 -6 11 7 8 12 10 28 -13 -14 14 15 16 -18 -19 19 20 22 -23 -24 -25 26 -27 -28 -29 -30 -31
leaf_value=-0.027738313076136625 0.66880520857297465 0.35851735702078597 0.12034825308928415 -1.1676095375647912 0.56722227682041215 -1.0595615178346633 0.22139166334121346 -0.4833763174712658 0.069067114049738101 -0.13625789410792863 1.3483445172309878 0.21929860063961573 1.0917240188747157 -0.98039883886064816 0.62855427844183787 -0.79966232747697141 0.22054412388242783 0.47367640130403565 0.50272155306777178 0.37496568845665973 0.014589652530848979 -0.69278871806604525 -1.0985428925218252 -0.51176733311853917 0.38778348580384869 0.070847915945217971 -0.86025641739368452 -0.26862537959859206 0.38338453216212143 -0.21474474541932703
leaf_weight=1704 26 76 63 26 79 24 278 32 22 39 25 70 61 21 35 139 96 41 49 23 20 35 29 38 39 47 20 130 28 83
leaf_count=1704 26 76 63 26 79 24 278 32 22 39 25 70 61 21 35 139 96 41 49 23 20 35 29 38 39 47 20 130 28 83
internal_value=-5.59856e-10 0.0279021 0.017912 -0.110569 0.159011 -0.301431 0.0621192 0.191505 0.443362 0.190817 0.425319 -0.200892 0.820658 -0.0613573 -0.118442 -0.084797 -0.134434 -0.218163 -0.295664 0.0139803 -0.318635 -0.170058 -0.644203 0.0608419 -0.448591 -0.579695 -0.0352809 -0.391888 0.838554 0.121117
internal_weight=3398 1694 1668 427 177 250 1241 606 207 124 92 224 83 635 559 538 503 407 366 121 72 98 49 399 245 186 59 154 53 361
internal_count=3398 1694 1668 427 177 250 1241 606 207 124 92 224 83 635 559 538 503 407 366 121 72 98 49 399 245 186 59 154 53 361
is_linear=0
shrinkage=0.05


Tree=112
num_leaves=31
num_cat=0
split_feature=23 20 23 1 14 14 8 17 0 1 2 21 5 16 18 21 15 15 0 20 18 12 2 14 3 23 21 15 1 18
split_gain=1057.58 1941.61 1404.27 4385.04 3987.66 6032.05 6410.56 6629.46 5004.85 4614.98 5191.99 5851.88 7335.48 6314.07 8131.23 5579.72 5570.58 4399.42 4795.08 4236.5 6557.86 4141.64 3973.37 4643.84 3920.18 3896.38 6503.92 7977.43 7041.98 4288.27
threshold=31.345376272086877 88.065452363382931 36.931727232633968 34.452304778204827 16.010665463804607 61.298969853793231 -0.78656609248549303 32.480205474637998 140.04453903753853 32.595302211718078 43.526351096581031 38.148358617335141 9.5000000000000018 72.613312348722147 98.372598237510445 36.050571596213096 99.34020643141578 69.980478726852269 163.11340430340354 67.110230968560174 76.947341161748042 54.724720434813555 74.935328215066633 85.640428358917305 6.9729762528563475 38.060003377471233 42.313619880816503 33.403128473015684 31.614882586214922 68.22394790336925
decision_type=2 2 2 2 2 2 2 2 2 2 2 2 2 2 2 2 2 2 2 2 2 2 2 2 2 2 2 2 2 2
left_child=1 -1 3 4 -2 8 17 -8 19 10 15 13 -13 16 22 -9 -12 -7 -19 21 -21 -6 23 -15 -10 26 28 -28 -4 -29
right_child=2 -3 25 -5 5 6 7 9 24 -11 11 12 -14 14 -16 -17 -18 18 -20 20 -22 -23 -24 -25 -26 -27 27 29 -30 -31
leaf_value=0.58930387780779891 -0.76794217427571621 -0.090613806531542829 0.15851183917125067 0.66149815559387215 -0.21902540815728055 -0.1485144185297417 -0.64944651752710347 -0.010502263774042545 0.53203086196021598 -0.64758624649047858 0.8408889784957424 1.0545371037804419 -0.073966448257366813 -0.30069027997553355 0.55715523172508596 -0.99411738231068569 -0.13770535909212553 -0.44693756961822512 -1.4856357455253602 -0.78532347961052051 0.2629535180181265 0.76265296502546831 0.013662091493606568 -1.3652641196336066 -0.22826949074154809 -0.01079933596745832 -0.32754083758308772 0.23799651823937895 -0.51440558222300836 1.0594548761844635
leaf_weight=21 21 21 225 20 21 33 45 46 88 25 33 36 24 20 22 21 26 25 20 37 25 22 20 21 21 2320 21 24 47 47
leaf_count=21 21 21 225 20 21 33 45 46 88 25 33 36 24 20 22 21 26 25 20 37 25 22 20 21 21 2320 21 24 47 47
internal_value=1.66565e-10 0.249345 -0.00312053 -0.067759 -0.0901289 -0.0675709 -0.178317 -0.0842799 0.148228 0.00222523 0.0626166 0.189126 0.603136 0.0141923 -0.266912 -0.3188 0.409644 -0.587014 -0.908581 -0.0981362 -0.362631 0.283229 -0.564117 -0.84596 0.385551 0.0130632 0.165154 0.528565 0.0422357 0.781779
internal_weight=3398 42 3356 672 652 631 417 339 214 294 269 202 60 142 83 67 59 78 45 105 62 43 61 41 109 2684 364 92 272 71
internal_count=3398 42 3356 672 652 631 417 339 214 294 269 202 60 142 83 67 59 78 45 105 62 43 61 41 109 2684 364 92 272 71
is_linear=0
shrinkage=0.05


Tree=113
num_leaves=31
num_cat=0
split_feature=1 1 1 21 13 5 15 13 0 15 20 23 0 10 11 16 20 20 1 22 14 0 1 1 0 16 16 0 12 11
split_gain=1052.64 1350.21 6275.32 4412.54 7046.07 6314.82 6649.02 5592.17 5259.72 4847.78 4519.01 3997.61 5060.3 3653.1 3514.3 2033.95 2012.14 5984.44 5235.04 5504.11 4637.59 4332.98 3561.87 3266.88 3830.88 2383.89 5425.71 8232.6 5266.18 4923.35
threshold=34.874102459881584 32.895248511743709 32.667821894083275 34.851538704449212 101.23041363574085 3.5000000000000004 131.63688227029607 77.601134694581447 193.73673439819643 54.040236055485856 96.508753635386668 41.079175554738846 172.2189875643289 1.0014628742636205 -0.18066033912311388 83.58324715364752 103.21032167685541 101.99083059141846 28.127996608169948 81.305824018174903 118.34090288041223 91.438316406307749 25.657777177425263 23.714792030098398 171.30157563538438 58.766802542413778 61.071773173987729 164.54851774897992 147.52211326186196 0.43058755280376876
decision_type=2 2 2 2 2 2 2 2 2 2 2 2 2 2 2 2 2 2 2 2 2 2 2 2 2 2 2 2 2 2
left_child=1 2 16 8 5 -5 7 13 9 -3 14 15 -13 -7 -11 -6 17 25 19 20 -18 -20 23 24 -21 29 27 -27 -28 -1
right_child=-2 3 -4 4 11 6 -8 -9 -10 10 -12 12 -14 -15 -16 -17 18 -19 21 22 -22 -23 -24 -25 -26 26 28 -29 -30 -31
leaf_value=0.038955609932655594 -0.31692341932883633 0.60341599200453078 -0.63826990524927785 -0.24915943145751954 -0.81512823998928075 0.93373755315939588 -0.13679292485827493 1.5867207610607148 -0.68085278408093897 -0.97705933570861814 0.37116793808729753 -0.25673942017555235 0.79608821868896484 0.12703841250875722 -0.039735985994338995 -0.13240306687851747 -0.064740033944447842 -0.65153445431755652 1.1101687285033139 0.038737826682627208 0.90831777000427261 0.209621711031479 -0.81163809388875974 0.48801215864717967 -0.79522099154336123 -0.077412702639897676 0.0058916999996345455 1.1040085266890196 0.80256501152401882 -0.18612222493767905
leaf_weight=524 26 28 39 24 20 36 21 20 33 20 23 25 21 23 20 24 24 36 22 40 25 34 20 20 21 30 1696 29 21 453
leaf_count=524 26 28 39 24 20 36 21 20 33 20 23 25 21 23 20 24 24 36 22 40 25 34 20 20 21 30 1696 29 21 453
internal_value=4.50653e-10 0.00244366 -0.00811666 0.0972366 0.234755 0.47918 0.653982 0.864188 -0.140093 0.0560066 -0.187286 -0.10201 0.223899 0.619262 -0.508398 -0.442733 8.90061e-05 -0.0110491 0.150885 -0.00312309 0.431718 0.563408 -0.214086 -0.0665418 -0.248363 -0.00267366 0.0318356 0.503286 0.0156355 -0.0654049
internal_weight=3398 3372 3034 338 214 124 100 79 124 91 63 90 46 59 40 44 2995 2789 206 150 49 56 101 81 61 2753 1776 59 1717 977
internal_count=3398 3372 3034 338 214 124 100 79 124 91 63 90 46 59 40 44 2995 2789 206 150 49 56 101 81 61 2753 1776 59 1717 977
is_linear=0
shrinkage=0.05


Tree=114
num_leaves=31
num_cat=0
split_feature=22 18 4 3 15 1 21 1 6 11 2 18 2 12 5 9 9 23 3 8 22 18 18 9 15 12 15 23 18 3
split_gain=1062.18 5949.59 3869.99 3734.36 4711.19 8363.09 7776.22 5030.96 6777.45 6116.59 4517.32 5611.59 5536.33 5497.1 4278.95 3980.42 3966.87 3760.65 3263.65 2590.45 2457.74 7321.04 4918.79 4840.43 4328.2 7833.03 6181.23 5272.49 4288.18 3154.26
threshold=86.019581198893988 57.441431512711205 349.05383015562501 0.96810808727253506 72.425668004102889 27.790711204607344 39.604780216339904 24.512088106912778 5.5000000000000009 -0.7551135145405915 35.336426996803226 72.322155290725519 54.54475009632278 119.91074001748221 16.500000000000004 -0.12940952255126037 -0.12940952255126037 42.059113196094337 4.1809618309660097 0.12940952255126045 84.143650986307634 109.14359995898614 65.801743303265127 0.78656609248549303 92.483202169370301 65.292578333378543 54.040236055485856 39.813515312856104 54.818561360480857 0.93208155391589553
decision_type=2 2 2 2 2 2 2 2 2 2 2 2 2 2 2 2 2 2 2 2 2 2 2 2 2 2 2 2 2 2
left_child=20 -2 3 -3 5 14 -7 8 9 -6 -9 -12 16 15 17 -14 -13 18 -5 -11 29 22 28 24 25 -24 -27 -26 -22 -1
right_child=1 2 -4 4 7 6 -8 10 -10 19 11 12 13 -15 -16 -17 -18 -19 -20 -21 21 -23 23 -25 27 26 -28 -29 -30 -31
leaf_value=0.22516083369819109 0.66663370634380148 -0.53940439022356468 0.70149136453866967 0.94513983154296877 -0.035600503500212322 0.34895590086778006 -0.78026204166873814 -0.62322251588106159 0.40755903101884405 -1.0247814310844554 -0.46982276397092004 1.2400859009135854 -0.67704891849022653 0.5884587897721566 1.0040562414353893 0.17493261658939824 0.30095715315445615 -0.26205577509743827 0.16558002356825205 -0.35771492340347988 0.072187614440917966 -1.0127567224204541 0.68803329001302305 -0.52426633318265281 0.78694710846651683 0.17664810121059418 -0.90812973750048676 -0.16106103198094801 -0.86110581243410711 -0.011838992147480326
leaf_weight=149 38 31 20 25 44 30 31 20 26 43 28 22 26 33 31 29 23 21 29 22 20 23 23 30 44 24 29 22 32 2430
leaf_count=149 38 31 20 25 44 30 31 20 26 43 28 22 26 33 31 29 23 21 29 22 20 23 23 30 44 24 29 22 32 2430
internal_value=2.08821e-10 0.0621362 0.0191196 -0.00743187 0.0267113 0.241518 -0.224909 -0.0868098 -0.317816 -0.490842 0.085488 0.173527 0.308969 0.0782831 0.509933 -0.227822 0.760087 0.305695 0.526487 -0.799005 -0.0125768 -0.163248 -0.0760211 0.0528075 0.174725 -0.082519 -0.41691 0.470944 -0.502147 0.00185351
internal_weight=3398 572 534 514 483 167 61 316 135 109 181 161 133 88 106 55 45 75 54 65 2826 247 224 172 142 76 53 66 52 2579
internal_count=3398 572 534 514 483 167 61 316 135 109 181 161 133 88 106 55 45 75 54 65 2826 247 224 172 142 76 53 66 52 2579
is_linear=0
shrinkage=0.05


Tree=115
num_leaves=31
num_cat=0
split_feature=17 21 21 14 10 10 17 18 13 17 10 10 15 13 19 21 12 18 23 6 14 1 0 5 23 21 18 14 19 11
split_gain=1035.94 1307.32 2643.6 3673.65 1651.33 2110.74 5314.34 6013.61 5415.54 2953.08 2732.02 1967.54 7895.43 4817.96 3462.79 3322.21 3656.37 2469.57 5928.19 2762.92 2064.16 1973.86 4574.65 3519.1 2265.43 4238.57 11913.9 3640.54 5465.15 6974.52
threshold=11.238442564756813 14.207181748329194 18.870275222017128 79.169890996070663 -7.167244933326371 -6.1587860238858889 92.414140370004063 73.224053498209713 101.79208831639254 148.3674714866788 -6.5751310031960672 -4.7687591024952818 81.233819220203216 86.583133989900901 39.92139677464764 41.347263719700415 78.549713194088824 33.131354916977891 42.884011336478046 4.5000000000000009 148.56817022272594 15.460939437164965 95.056660772834022 12.500000000000002 33.791356283841452 22.328231005254676 81.010933374097391 45.410810607826882 24.925948679422515 -0.72464081351001652
decision_type=2 2 2 2 2 2 2 2 2 2 2 2 2 2 2 2 2 2 2 2 2 2 2 2 2 2 2 2 2 2
left_child=-1 -2 3 -3 -4 6 7 -6 -9 11 -8 12 13 14 -7 16 -14 18 19 -13 21 22 -19 -24 27 26 -26 -23 29 -29
right_child=1 2 4 -5 5 9 10 8 -10 -11 -12 17 15 -15 -16 -17 -18 20 -20 -21 -22 24 23 -25 25 -27 -28 28 -30 -31
leaf_value=0.30287399652547076 -0.34903973340988159 -0.078772830797566307 -0.40241613124425596 0.73168829874745733 -0.71738127288611042 0.17792638152837756 0.25140549157346997 0.83247857960787697 -0.29006741075288683 -0.57428888788689736 1.0579291065533958 -0.26235077536624413 0.18697709655761718 0.48603446623858287 -0.69300124531700502 -0.89752741148977577 -0.61466768492351886 0.85498830391013103 0.40587019726634027 -1.0658947145938873 -0.46063228897426439 0.7702737018465996 -0.39440977550469913 0.47582843417213083 0.39030484331065213 0.008991595286082614 -0.93389793706194668 1.1974745935201645 -0.21726878916223843 -0.12299139738082886
leaf_weight=28 27 27 26 29 23 25 21 22 21 23 21 23 25 51 21 33 33 23 20 20 23 24 26 21 29 2592 41 20 60 20
leaf_count=28 27 27 26 29 23 25 21 22 21 23 21 23 25 51 21 33 33 23 20 20 23 24 26 21 29 2592 41 20 60 20
internal_value=-3.35693e-10 -0.00251646 0.000282261 0.34093 -0.00552129 -0.00235685 0.214994 -0.0647978 0.284258 -0.00980179 0.654667 -0.0056538 -0.162474 0.15137 -0.219671 -0.497011 -0.269131 0.00436734 -0.30531 -0.636092 0.0111439 0.0149432 0.277178 -0.00557994 0.0083544 -0.00137669 -0.3853 0.217259 0.0845354 0.537242
internal_weight=3398 3370 3343 56 3287 3261 108 66 43 3153 42 3130 188 97 46 91 58 2942 63 43 2879 2856 70 47 2786 2662 70 124 100 40
internal_count=3398 3370 3343 56 3287 3261 108 66 43 3153 42 3130 188 97 46 91 58 2942 63 43 2879 2856 70 47 2786 2662 70 124 100 40
is_linear=0
shrinkage=0.05


Tree=116
num_leaves=31
num_cat=0
split_feature=0 9 22 6 10 14 15 1 1 15 1 5 11 15 4 23 10 14 13 15 0 14 15 9 18 1 21 2 22 18
split_gain=988.798 3993.72 8985.78 7840.92 4926.92 4436.5 4409.47 4641.49 3930.06 3627.02 6952.31 7904.99 8216.19 5806.5 4488.46 5366.06 4408.19 5603.71 4207 4569.18 4092.28 3888.16 4248.33 4215.46 5096.48 4606.45 3997.99 3448.34 3270.12 6424.39
threshold=80.775776376795477 0.60355339059327384 76.353465024051175 3.5000000000000004 -0.47424705453400456 60.006909232714058 51.264525604601893 20.700772154114677 16.083791659773983 67.764045981914492 32.266366169248833 11.500000000000002 0.11752841577300956 108.04852797420457 41.888538043089049 35.498738355638359 -3.0865292337879127 103.50146763135187 52.840731063011631 100.79153501011014 42.614339556932656 30.448087051757152 56.701499944501741 -0.12940952255126037 88.012484303714203 30.698078298369101 37.714196386873205 62.568786872998082 86.019581198893988 57.441431512711205
decision_type=2 2 2 2 2 2 2 2 2 2 2 2 2 2 2 2 2 2 2 2 2 2 2 2 2 2 2 2 2 2
left_child=1 8 3 -3 5 -4 -6 -8 -1 14 11 12 -11 -12 -10 -16 -13 18 -18 -20 -21 -17 23 25 -25 26 -23 -14 -2 -30
right_child=28 2 4 -5 6 -7 7 -9 9 10 13 16 27 -15 15 21 17 -19 19 20 -22 22 -24 24 -26 -27 -28 -29 29 -31
leaf_value=0.51559716596415173 -0.010427284444577828 0.56866525367454246 -1.2509417621073899 -0.34845518193593844 0.39177714188893642 -0.44672092877803965 0.15691925857378089 -0.73864870012188577 -0.71570645032390479 0.87152344942537718 -1.0783788690254803 0.49556005410850051 -0.37490335238667638 0.030173434151543513 0.68708205563681468 0.30869564190506937 -0.92158416968125578 0.31424792454178846 0.45756518850103023 0.047608217000961309 -0.95174751565569926 -1.164374734759331 -0.79642512210644778 0.68967603047688808 -0.31171313785016541 0.27268715330532622 -0.29487493038177492 0.46556775569915776 0.83321824765974473 0.086904044176923156
leaf_weight=38 2086 54 27 41 24 47 23 39 31 67 21 32 26 27 21 37 26 42 20 20 21 20 30 27 24 21 39 23 31 413
leaf_count=38 2086 54 27 41 24 47 23 39 31 67 21 32 26 27 21 37 26 42 20 20 21 20 30 27 24 21 39 23 31 413
internal_value=6.53159e-10 -0.0460482 -0.212336 0.172855 -0.441043 -0.740153 -0.183669 -0.406422 0.0231252 -0.00942079 0.100718 0.196984 0.511661 -0.454818 -0.152601 -0.072892 -0.0297396 -0.160047 -0.389016 -0.16202 -0.464257 -0.153495 -0.259713 -0.136802 0.218434 -0.363265 -0.589621 0.0196035 0.0157983 0.139012
internal_weight=3398 868 255 95 160 74 86 62 613 575 325 277 116 48 250 219 161 129 87 61 41 198 161 131 51 80 59 49 2530 444
internal_count=3398 868 255 95 160 74 86 62 613 575 325 277 116 48 250 219 161 129 87 61 41 198 161 131 51 80 59 49 2530 444
is_linear=0
shrinkage=0.05


Tree=117
num_leaves=31
num_cat=0
split_feature=11 16 22 10 11 15 2 2 22 22 14 5 2 3 23 1 4 2 2 2 14 17 1 17 6 13 13 13 23 2
split_gain=978.845 7812.64 4802.97 2975.43 2162.54 6003.86 6855.56 5472.8 3972.48 4583.39 1832.44 6858.81 5207.05 6270.52 5525.39 4967.28 4773.35 2646.81 6882.65 6009.46 5402.97 4821.63 3563.47 3399.4 3459.97 5589.31 7563.64 4922.93 4211.46 5802.6
threshold=6.1931471024500082 121.18069041776015 81.908752483883532 0.055249144287625861 4.9520640070280519 91.876074838428806 66.459796174065886 49.162464680515448 73.332018225117892 79.947092606055207 18.516249388623095 1.5000000000000002 47.80331099810752 5.0232500425703241 41.863404205106711 23.971837684639425 176.96731315156106 44.779371260898166 44.391379585495919 46.262310877785261 103.88407799983329 12.895455419497763 34.452304778204827 143.84137942081136 1.0000000180025095e-35 55.648262548207022 60.023865804833058 95.63808615457539 39.226347158491372 31.562139129117501
decision_type=2 2 2 2 2 2 2 2 2 2 2 2 2 2 2 2 2 2 2 2 2 2 2 2 2 2 2 2 2 2
left_child=4 2 3 -2 10 8 7 -7 -6 -10 11 -1 13 -13 15 -14 -16 18 23 20 -19 -21 -23 24 27 -26 -27 -12 -28 -30
right_child=1 -3 -4 -5 5 6 -8 -9 9 -11 17 12 14 -15 16 -17 -18 19 -20 21 -22 22 -24 -25 25 26 28 -29 29 -31
leaf_value=0.73073741167783746 0.47037407063386016 -0.68388222248657893 0.9546008117496968 -0.18185958336624836 0.1032991422848268 0.32064004614949226 0.81725625896453868 -0.75868985316027771 -1.1373397136556693 -0.27574416669932278 0.039850718966301754 -0.14642301843218183 0.11114990728742935 -1.3414415739831471 -0.0965119977082525 -0.68960034625397792 0.90070827404657994 -0.1691063342950283 0.91061371475458142 0.53022820080320043 -1.1799056619405748 -0.020581748880822325 0.42924016945891919 0.61723378168212051 0.20374666608515241 -1.0644133472442627 -0.24807902074859528 0.72834293526552973 0.80610789465904242 -0.01164162406959094
leaf_weight=20 34 23 24 36 22 24 25 23 29 33 68 23 34 21 28 45 21 39 25 42 20 2039 45 27 210 20 167 42 25 164
leaf_count=20 34 23 24 36 22 24 25 23 29 33 68 23 34 21 28 45 21 39 25 42 20 2039 45 27 210 20 167 42 25 164
internal_value=-1.58692e-11 0.14211 0.344215 0.13494 -0.00506763 -0.18675 0.14829 -0.207543 -0.473927 -0.678749 0.00400193 -0.145644 -0.247549 -0.716773 -0.086253 -0.344974 0.330868 0.013798 0.0949782 -0.0139927 -0.51175 -0.000179113 -0.0108687 0.0667751 0.0454211 -0.00287917 -0.118282 0.30273 -0.0651284 0.0965263
internal_weight=3398 117 94 70 3281 156 72 47 84 62 3125 192 172 44 128 79 49 2933 748 2185 59 2126 2084 723 696 586 376 110 356 189
internal_count=3398 117 94 70 3281 156 72 47 84 62 3125 192 172 44 128 79 49 2933 748 2185 59 2126 2084 723 696 586 376 110 356 189
is_linear=0
shrinkage=0.05


Tree=118
num_leaves=31
num_cat=0
split_feature=17 0 0 10 16 23 22 4 13 17 23 12 17 0 22 23 14 20 5 11 16 5 17 11 13 17 19 19 6 8
split_gain=972.751 4903.04 6108.89 6719.31 5926.01 5676.39 4997.61 4926.43 4390.15 4373.89 4010.85 5217.78 3768.6 10880.9 4549.51 6380.93 5595.11 5244.11 5379.73 5031.25 7731.28 9441.36 5837.79 6914.5 4568.37 4882.15 4099.09 3631.62 3430.98 4953.41
threshold=122.35553130305776 89.410540603103371 80.775776376795477 2.5664934968270128 46.093818031066014 38.500087567443309 77.482491086464861 178.48497413367295 29.33400198750244 129.04818676945368 39.876827721198261 66.910006839792658 101.06304571652402 50.099372711545676 80.457919314637238 37.478889211719093 83.221571701878432 93.835092099192863 21.500000000000004 0.47794193510051369 87.870413746078242 9.5000000000000018 113.21107899781529 -2.6380026781268664 67.892987900864298 106.17909530990437 32.182445215006815 36.601524865128546 1.5000000000000002 0.37940952255126054
decision_type=2 2 2 2 2 2 2 2 2 2 2 2 2 2 2 2 2 2 2 2 2 2 2 2 2 2 2 2 2 2
left_child=12 2 3 4 -2 -6 8 -7 -3 -10 -11 -12 -1 -14 17 16 -16 18 19 22 21 -21 23 -15 -17 -26 -27 -18 29 -8
right_child=1 6 -4 -5 5 7 28 -9 9 10 11 -13 13 14 15 24 27 -19 -20 20 -22 -23 -24 -25 25 26 -28 -29 -30 -31
leaf_value=-0.014438921760414367 -0.72300481661673521 0.12004769771329818 0.99049377694726004 0.62017208114266398 -0.58350515278137249 0.7386710321201998 -0.58444825932383537 -0.16597747449521666 -1.1496609101692836 0.10134451346737999 -1.1777164464195571 -0.15535213397099423 -0.55371243442390483 -0.21002432306607566 0.81939316689968111 0.22418924272060395 0.4222327706714471 1.1507906293869019 -0.47632338665425777 0.34787059487967659 0.7678967122520719 -0.99279554598033437 1.1463824680873327 0.83143049636307897 0.31373936742544178 -1.0524699618419013 -0.25513796783983705 -0.49004222691059118 0.066670832047729112 0.1953721333295107
leaf_weight=2280 31 31 20 40 23 34 56 27 24 28 24 26 51 30 41 51 24 20 20 29 28 24 35 34 20 27 40 20 228 32
leaf_count=2280 31 31 20 40 23 34 56 27 24 28 24 26 51 30 41 51 24 20 20 29 28 24 35 34 20 27 40 20 228 32
internal_value=7.08838e-11 -0.0564053 0.168094 0.0619777 -0.132177 0.0858667 -0.143905 0.338253 -0.401031 -0.559398 -0.377778 -0.646087 0.0126881 0.13789 0.21751 0.0583592 0.399151 0.378831 0.301635 0.388075 0.0958304 -0.259224 0.627185 0.343249 -0.151549 -0.371809 -0.576451 0.00756232 -0.0356843 -0.300877
internal_weight=3398 624 175 155 115 84 449 61 133 102 78 50 2774 494 443 223 85 220 200 180 81 53 99 64 138 87 67 44 316 88
internal_count=3398 624 175 155 115 84 449 61 133 102 78 50 2774 494 443 223 85 220 200 180 81 53 99 64 138 87 67 44 316 88
is_linear=0
shrinkage=0.05


Tree=119
num_leaves=31
num_cat=0
split_feature=1 1 1 17 5 15 21 3 3 1 21 5 14 19 16 20 20 1 22 14 12 12 21 15 4 5 21 22 8 2
split_gain=961.833 1317.81 5365.81 4359.4 6831.11 7583.26 6912.54 6413.86 5952.18 4354.58 4250.06 4239.2 5675.07 3900.62 3722.99 1814.41 8914.99 3327.22 4388.77 4085.3 3398.28 3703.84 3446.87 2830.6 2037.56 8222.98 7630.91 6153.71 7695.88 5891.27
threshold=34.874102459881584 32.895248511743709 32.667821894083275 44.937386097653231 5.5000000000000009 115.29954755549967 33.974274568943564 3.6458447705024031 5.3907939208021007 34.128174980225261 41.428100657716051 11.500000000000002 63.794391967260928 40.554278905514401 85.515929710387312 102.68087418520399 101.99083059141846 28.127996608169948 81.305824018174903 118.34090288041223 92.038719978955427 131.63688227029607 28.482059206521605 117.53389507876106 291.46136070215266 21.500000000000004 36.946213453209232 69.611330608667615 -0.91597561503675329 53.72246256580295
decision_type=2 2 2 2 2 2 2 2 2 2 2 2 2 2 2 2 2 2 2 2 2 2 2 2 2 2 2 2 2 2
left_child=1 2 15 8 9 6 7 -6 14 10 -5 -8 -13 -7 -3 16 24 18 19 -17 -20 22 -22 -19 -1 26 27 -26 -29 -30
right_child=-2 3 -4 4 5 13 11 -9 -10 -11 -12 12 -14 -15 -16 17 -18 23 20 -21 21 -23 -24 -25 25 -27 -28 28 29 -31
leaf_value=-0.024100952817669139 -0.30294601481694444 -0.24485868002687183 -0.59079841940830924 -0.62620004475116731 -0.64409942456654146 0.048288130998611456 1.0732433984356542 0.40811452247823282 1.1055591269679692 -0.92231705100448047 0.3922389791125343 -0.20436449211377364 0.77084900234426779 -0.84411142617464074 0.6483291113376618 -0.061217212677001955 -0.97090196212132784 0.088546958124196093 -0.68184349822501344 0.84341995716094975 -0.16094114889319128 -0.42479936480522157 0.64564730480865196 0.78880942641727392 1.1512441144041394 -0.65591044523886277 -0.018439010225358557 -0.59265920330177657 -0.017790372612384652 0.6442271360598113
leaf_weight=2221 26 28 39 20 28 25 31 30 23 27 21 26 35 24 20 24 24 27 24 26 26 33 27 31 23 35 305 22 52 95
leaf_count=2221 26 28 39 20 28 25 31 30 23 27 21 26 35 24 20 24 24 27 24 26 26 33 27 31 23 35 305 22 52 95
internal_value=1.92704e-11 0.00233588 -0.00809698 0.0959847 0.00338735 0.151226 0.327636 -0.0998508 0.444203 -0.429258 -0.104561 0.597139 0.355184 -0.388806 0.127303 -0.000509211 -0.011413 0.13839 0.0207818 0.409194 -0.155769 -0.00895781 0.249962 0.462825 -0.00304845 0.0848418 0.137007 0.383941 0.279515 0.410044
internal_weight=3398 3372 3034 338 267 199 150 58 71 68 41 92 61 49 48 2995 2777 218 160 50 110 86 53 58 2753 532 497 192 169 147
internal_count=3398 3372 3034 338 267 199 150 58 71 68 41 92 61 49 48 2995 2777 218 160 50 110 86 53 58 2753 532 497 192 169 147
is_linear=0
shrinkage=0.05


Tree=120
num_leaves=31
num_cat=0
split_feature=0 0 0 17 0 17 16 16 17 5 15 21 19 6 9 18 2 14 23 20 15 0 8 0 21 19 18 18 13 22
split_gain=938.691 1755.87 1222.92 1645.59 1348.56 5555.83 4853.74 8680.15 7062.72 5369.94 4604.74 3760.4 4628.6 4291.79 3160.45 2836.64 2243.97 5155.74 4533.53 3498.65 4129.92 5642.34 3774.55 2776.63 5891.96 6273.52 6987.55 6608.01 5165.74 5248.39
threshold=246.89113769280888 243.66283374257739 241.84284133486554 11.238442564756813 218.94200893551314 31.827187139251738 35.72685614423353 75.486683890898817 56.350040263610261 6.5000000000000009 100.33078156839902 48.587420721233649 37.67090222760536 1.0000000180025095e-35 1.0000000180025095e-35 69.422565398985952 34.110182373991101 60.006909232714058 40.642513398300508 98.630694234963016 75.692307239595394 124.86240892963666 -0.37940952255126059 185.3476620765546 31.348690995603988 20.16266425012974 82.130453459045526 89.765319393212607 91.935952093982095 77.354792965782096
decision_type=2 2 2 2 2 2 2 2 2 2 2 2 2 2 2 2 2 2 2 2 2 2 2 2 2 2 2 2 2 2
left_child=1 2 3 -1 16 -6 9 8 -8 -7 -10 12 13 -9 -14 -15 17 18 -5 20 21 -19 -22 -18 25 26 -25 -27 29 -26
right_child=-2 -3 -4 4 5 6 7 11 10 -11 -12 -13 14 15 -16 -17 23 19 -20 -21 22 -23 -24 24 28 27 -28 -29 -30 -31
leaf_value=0.39781762155202721 -0.24388901917980266 0.3363718633468335 -0.34265290371213974 -0.8386107703281005 0.63130844501512395 0.11036141713460286 -0.21996615736380867 0.66195547126588372 1.232771273293803 -0.99551696777343757 0.34818768884454454 0.47423607806364698 -0.93369977441098961 0.31763883113861086 -0.21371357832636151 -0.41165574058890347 0.023088704767266922 -0.72311301851272591 0.04385762512683869 -0.49662993230990005 -0.026530616933649238 0.27271994625528656 0.84864941478839939 0.55011440933896949 -0.43825696412437037 -1.2326678503962125 -0.66063696958801965 -0.18493925316466228 0.19984204895007684 0.04995260030369867
leaf_weight=26 39 39 26 43 42 21 23 21 31 23 28 24 27 20 35 40 2240 25 22 28 22 33 28 26 101 34 22 27 161 121
leaf_count=26 39 39 26 43 42 21 23 21 31 23 28 24 27 20 35 40 2240 25 22 28 22 33 28 26 101 34 22 27 161 121
internal_value=9.56195e-10 0.0028317 -0.00108639 0.00160964 -0.00154257 0.0934955 0.0164029 0.101949 0.523243 -0.467711 0.812969 -0.104914 -0.202114 0.0467606 -0.527256 -0.168558 -0.0123976 -0.173635 -0.539929 0.00143239 0.13056 -0.156518 0.46357 -0.000534965 -0.10809 -0.432432 -0.00481331 -0.768919 -0.0157836 -0.172161
internal_weight=3398 3359 3320 3294 3268 335 293 249 82 44 59 167 143 81 62 60 2933 201 65 136 108 58 50 2732 492 109 48 61 383 222
internal_count=3398 3359 3320 3294 3268 335 293 249 82 44 59 167 143 81 62 60 2933 201 65 136 108 58 50 2732 492 109 48 61 383 222
is_linear=0
shrinkage=0.05


Tree=121
num_leaves=31
num_cat=0
split_feature=23 23 13 1 13 10 17 14 23 12 2 22 21 9 14 23 9 15 4 2 1 1 2 15 15 14 9 15 4 12
split_gain=939.465 4024.63 3721.06 4204.95 4476.19 4076.28 3640.87 2910.73 2909.98 7283.98 5696.51 3943.68 4903.2 4728.86 3570 2999.79 4489.2 2874.95 2852.1 3714.21 2640.63 2438.29 2346.22 2264.08 2461.19 6999.58 7807.03 5778.91 6576.1 4514
threshold=44.385134951492184 45.740290388481718 82.571425848834068 19.855172715261784 126.13926032109846 -0.93681680513379351 30.292412741408913 51.272458402545915 43.218245116653229 118.37506456121712 41.414246493360118 77.008341129689214 44.070858011737307 0.1294095225512602 99.349332125415913 42.94379326143104 -0.60355339059327384 18.516249388623095 304.83955958627365 80.052402790281647 25.34391955745793 34.874102459881584 62.198217112173062 147.52211326186196 138.19785340808167 61.298969853793231 -0.70710678118654757 131.63688227029607 187.2991162699187 77.210647820793284
decision_type=2 2 2 2 2 2 2 2 2 2 2 2 2 2 2 2 2 2 2 2 2 2 2 2 2 2 2 2 2 2
left_child=8 2 5 -4 22 -2 -7 -8 15 10 -10 12 -12 14 -13 21 -17 -3 19 -19 -11 23 -5 24 27 26 -26 -1 -29 -27
right_child=1 17 3 4 -6 6 7 -9 9 20 11 13 -14 -15 -16 16 -18 18 -20 -21 -22 -23 -24 -25 25 29 -28 28 -30 -31
leaf_value=0.017017505991291745 0.42795618551118042 -0.45537305826490582 -0.92215269409841116 -0.9683843457698823 0.19529418113696226 -0.80275461435317996 0.45880453944206234 -0.34351602070606674 0.57316505428817544 0.28777553535276845 0.64555930186962263 -1.1648285833272067 -0.23943757804877619 0.040588629369934404 -0.2534112667753583 0.14050005337466365 -0.79489057639549521 0.14551385347731413 -0.2438442680884052 0.86294747818083994 0.92147127049309874 -0.52195354456251319 -0.22012453295967799 -0.39879982638008454 0.51173377904024997 0.90705852244909002 -0.71182130724191672 -0.71278742476350676 0.066605257064104084 0.14133511640523608
leaf_weight=2387 35 22 31 20 34 20 20 26 36 31 29 22 34 39 21 23 29 128 37 21 35 22 22 34 22 39 32 59 50 38
leaf_count=2387 35 22 31 20 34 20 20 26 36 31 29 22 34 39 21 23 29 128 37 21 35 22 22 34 22 39 32 59 50 38
internal_value=-3.22085e-10 -0.0703891 -0.225909 -0.431375 -0.23119 -0.00823714 -0.239552 0.00531901 0.00981955 0.174178 0.0102175 -0.129549 0.167942 -0.358109 -0.719718 -0.00502378 -0.38116 0.0851309 0.149061 0.246629 0.623826 0.00226623 -0.576439 0.00660025 0.0118472 0.223098 -0.213336 0.000759852 -0.355268 0.529169
internal_weight=3398 416 208 107 76 101 66 46 2982 247 181 145 63 82 43 2735 52 208 186 149 66 2683 42 2661 2627 131 54 2496 109 77
internal_count=3398 416 208 107 76 101 66 46 2982 247 181 145 63 82 43 2735 52 208 186 149 66 2683 42 2661 2627 131 54 2496 109 77
is_linear=0
shrinkage=0.05


Tree=122
num_leaves=31
num_cat=0
split_feature=18 18 16 17 15 19 20 0 23 5 15 20 0 15 14 14 9 0 16 2 18 12 12 19 12 18 19 14 19 15
split_gain=920.6 3849.53 8107.02 3709.06 3492.68 3542.27 6965.06 5923.8 6524.91 6480.01 5629.32 5850.82 5361.71 6120.03 5687.78 4484.84 4858.98 5441.91 8079.94 5318.05 4410.04 4918.43 4470.66 4270.7 4062.25 3743.32 3783.44 3560.75 5043.76 5147.13
threshold=89.765319393212607 87.133470086829519 106.39446357476099 104.44995785679151 140.83883706526134 24.738452455586437 75.96054704194168 114.68323744735545 42.767767106325593 6.5000000000000009 123.19185721817068 103.21032167685541 200.45842710040577 88.487265414982787 120.73507690993189 29.963400135127042 -0.5 204.23809579593521 119.19608072868768 82.575600866156293 110.2608099505243 122.17518507362836 133.8112504900204 43.462344216498117 65.292578333378543 115.11125995555743 19.259580842138689 56.814961671904548 33.148532578413771 61.257885724526268
decision_type=2 2 2 2 2 2 2 2 2 2 2 2 2 2 2 2 2 2 2 2 2 2 2 2 2 2 2 2 2 2
left_child=1 -1 3 -3 5 6 -2 8 9 -8 15 23 14 -14 25 -7 17 18 20 27 21 24 -23 -12 -17 26 -9 -18 29 -29
right_child=4 2 -4 -5 -6 10 7 12 -10 -11 11 -13 13 -15 -16 16 19 -19 -20 -21 -22 22 -24 -25 -26 -27 -28 28 -30 -31
leaf_value=0.0022484818418012109 -0.64876097520192477 0.27482286053044452 -0.34355583722526961 0.91995448196256491 0.36706200525456789 0.60683475434780121 -0.093947712898254404 -0.63390894872801651 -0.25078155746169645 0.83713786360379816 -1.124167229107448 0.059256950546713441 0.74341437148081291 -0.32527228767894922 0.25596826031804082 -0.1526100236436595 -0.47598221029999649 -0.74264903596043597 0.76916977777367546 0.57289112461240677 0.35950236737050795 0.52095460238910862 -0.48808548087659087 -0.3036712086406248 -0.97585142407306413 -0.96719766717690703 0.21234774237871168 -0.68465050450629661 0.13797114594154355 0.039397174140645398
leaf_weight=2150 30 56 37 37 51 24 25 28 29 74 35 34 37 21 40 23 43 50 21 38 22 21 23 29 43 26 25 45 227 54
leaf_count=2150 30 56 37 37 51 24 25 28 29 74 35 34 37 21 40 23 43 50 21 38 22 21 23 29 43 26 25 45 227 54
internal_value=9.72983e-13 0.0182242 0.282437 0.531488 -0.0371655 -0.0564866 0.0781805 0.149683 0.408803 0.602015 -0.118117 -0.470792 -0.0377037 0.356476 -0.229825 -0.0636027 -0.0899806 -0.289795 -0.141804 0.00968121 -0.286731 -0.415978 -0.00649817 -0.75238 -0.688964 -0.475796 -0.234731 -0.0483187 0.00809087 -0.289715
internal_weight=3398 2280 130 93 1118 1067 335 305 128 99 732 98 177 58 119 634 610 203 153 407 132 110 44 64 66 79 53 369 326 99
internal_count=3398 2280 130 93 1118 1067 335 305 128 99 732 98 177 58 119 634 610 203 153 407 132 110 44 64 66 79 53 369 326 99
is_linear=0
shrinkage=0.05


Tree=123
num_leaves=31
num_cat=0
split_feature=15 20 14 5 18 1 23 22 0 4 9 13 14 17 13 2 0 6 15 2 19 0 6 13 3 0 11 14 1 17
split_gain=915.226 4572.23 4435.52 5265.15 7643.83 5504.38 7155.79 6821.37 5343.52 5078.79 5588.12 5188.98 4767.16 5578.69 4565.95 4433.03 4731.84 6310.17 4108.8 8711.69 4051.47 3893 3798.44 3420.44 4106.43 3448.19 3400.65 3347.09 8073.29 6594.12
threshold=113.78659163858912 71.340350494520365 61.664762173837865 2.5000000000000004 98.372598237510445 20.938394436220374 44.114762827731816 79.110752339377441 111.09751958894638 328.50558115041571 -0.9159756150367534 95.63808615457539 55.192103235068068 43.796565380430494 111.05220779604555 41.870443726706874 127.02249491502809 3.5000000000000004 103.82657327501975 69.686008341427467 36.601524865128546 58.889445236085862 2.5000000000000004 33.985281148219677 1.9201443387329467 215.68821421109325 -1.9793779165480008 35.317233274613528 20.6010144545217 98.531573834297362
decision_type=2 2 2 2 2 2 2 2 2 2 2 2 2 2 2 2 2 2 2 2 2 2 2 2 2 2 2 2 2 2
left_child=18 15 12 4 -4 7 9 -5 -9 10 -7 21 13 -3 -13 -2 17 -17 -1 23 -10 -12 -21 -20 -25 -26 -23 29 -29 -15
right_child=1 2 3 5 -6 6 -8 8 20 -11 11 14 -14 27 -16 16 -18 -19 19 22 -22 26 -24 24 25 -27 -28 28 -30 -31
leaf_value=0.0046473702840677802 -0.28430265025659041 -0.61274812914431098 -0.83703955631045734 0.91774675640794967 0.37623148049627031 0.78374376569475457 -0.53610396245692638 0.55688323212787505 -0.76359944969415672 -0.61089057077964148 0.89631340451862496 -0.7675291876792909 -0.71546965377671379 -0.52103521147599585 0.038738002129277943 -0.4500589316541499 0.89068157970905304 0.74749205857515344 -0.51488222599029543 -0.23689362809938541 0.24281376659870149 -0.35810021071330361 -0.93384006191854896 0.74484249028292571 -0.17643090221418503 0.55060909135001046 0.33910631131227703 -0.3491099652744109 0.68604947901330893 0.39120952747762205
leaf_weight=2345 22 40 34 45 21 35 47 40 20 21 23 25 35 52 59 22 42 22 25 34 20 23 46 22 73 21 73 31 48 32
leaf_count=2345 22 40 34 45 21 35 47 40 20 21 23 25 35 52 59 22 42 22 25 34 20 23 46 22 73 21 73 31 48 32
internal_value=3.16555e-10 0.0455711 0.000300598 0.0869057 -0.373791 0.145695 0.0314916 0.425266 0.148245 0.134492 0.200261 0.09966 -0.176548 -0.083631 -0.201222 0.349051 0.511072 0.148717 -0.014776 -0.220874 -0.260393 0.312048 -0.637638 0.0155873 0.129913 -0.0140071 0.172067 0.0462137 0.279848 -0.173513
internal_weight=3398 832 724 486 55 431 306 125 80 259 238 203 238 203 84 108 86 44 2566 221 40 119 80 141 116 94 96 163 79 84
internal_count=3398 832 724 486 55 431 306 125 80 259 238 203 238 203 84 108 86 44 2566 221 40 119 80 141 116 94 96 163 79 84
is_linear=0
shrinkage=0.05


Tree=124
num_leaves=31
num_cat=0
split_feature=23 20 23 1 23 15 21 23 4 16 21 0 23 13 21 21 23 14 14 8 17 0 20 18 1 2 21 5 16 18
split_gain=907.755 1520.2 1391.14 3814.98 3477.14 5551.85 5461.41 3937.97 5265.53 4198.32 5705.67 4146.52 3859.56 4271.36 4418.16 4645.85 3333.96 3275.78 5511.92 5399.55 5966.81 4277.24 4416.88 8309.8 4003.22 4410.02 5089.41 6287.67 5551.28 6959.81
threshold=31.345376272086877 88.065452363382931 36.931727232633968 34.452304778204827 38.060003377471233 90.738632539959255 44.436090419358244 37.96111545832504 98.812052871131485 112.68943149618877 38.963435265661317 120.48998455707709 37.892482257350373 45.410810607826882 31.915087066683977 39.977641887746096 38.176189605677138 16.640440502546795 61.298969853793231 -0.78656609248549303 32.480205474637998 123.26880990382914 67.110230968560174 76.947341161748042 32.595302211718078 43.526351096581031 38.148358617335141 9.5000000000000018 72.613312348722147 98.372598237510445
decision_type=2 2 2 2 2 2 2 2 2 2 2 2 2 2 2 2 2 2 2 2 2 2 2 2 2 2 2 2 2 2
left_child=1 -1 3 17 5 6 7 8 11 10 -10 -4 13 -7 -15 -16 -6 -2 21 -20 -21 22 -19 -24 25 -22 28 -28 -27 -30
right_child=2 -3 4 -5 16 12 -8 -9 9 -11 -12 -13 -14 14 15 -17 -18 18 19 20 24 -23 23 -25 -26 26 27 -29 29 -31
leaf_value=0.53182155007407783 -0.64935598301887509 -0.069803514110667278 -1.0166495436429979 0.61297938585281375 -0.39043542026941269 0.76760106845758858 0.55101091751926823 -0.73479488329453913 0.22901803509465288 0.72995641803741451 -0.6643545582890511 -0.066780212397376693 0.95559442066229305 0.55125200101925487 -0.66936501149947825 0.30618622691734981 0.00010137348618875044 0.30746460507313411 -0.54600452073157224 -0.62079015963607365 -0.29782019942554078 0.33671894954317366 -0.97977302079570705 0.27798952572047714 -0.60775664234161386 0.37795222684488461 0.97431309181782932 -0.070488333205382031 -0.53138611187822515 0.5059784023599192
leaf_weight=21 25 21 20 20 56 32 38 22 70 25 24 27 26 31 26 23 2264 36 78 45 67 121 29 24 25 59 36 24 61 22
leaf_count=21 25 21 20 20 56 32 38 22 70 25 24 27 26 31 26 23 2264 36 78 45 67 121 29 24 25 59 36 24 61 22
internal_value=-1.01858e-09 0.231009 -0.00289106 -0.0672267 0.0132168 0.156892 0.00430325 -0.106201 -0.0228939 0.154081 0.000922905 -0.47098 0.406785 0.279382 0.0840951 -0.211453 -0.00932538 -0.0880919 -0.065713 -0.170916 -0.0846127 0.143191 -0.119921 -0.41022 -0.00254478 0.0537017 0.170296 0.556393 0.00715601 -0.256422
internal_weight=3398 42 3356 672 2684 364 226 188 166 119 94 47 138 112 80 49 2320 652 627 417 339 210 89 53 294 269 202 60 142 83
internal_count=3398 42 3356 672 2684 364 226 188 166 119 94 47 138 112 80 49 2320 652 627 417 339 210 89 53 294 269 202 60 142 83
is_linear=0
shrinkage=0.05


Tree=125
num_leaves=31
num_cat=0
split_feature=22 18 4 19 1 0 10 14 14 13 3 2 1 17 18 9 2 12 4 22 10 14 4 4 22 18 18 18 16 9
split_gain=903.261 5032.81 3573.73 3639.87 4231.68 8366.43 4091 6428.55 4117.89 5245.33 4047.7 3992.21 4786.18 4480.46 5383.76 3748.27 3558.69 3365.03 2834.4 3031.82 2658.74 2593.21 2557.01 4502.37 2420.17 6045.65 5519.75 4424.11 7823.28 5213
threshold=86.019581198893988 57.441431512711205 349.05383015562501 39.225734399088218 22.169149961151017 167.40515573751944 0.92677718939157738 67.833002698266228 116.08107104797585 97.495915774877929 3.0124673009741185 47.288728799457097 22.811449533259374 79.969843363491123 88.739267070665946 1.0000000180025095e-35 59.104955433162381 72.174048985876539 237.89123888446966 89.305327565247779 -3.5031414930829823 60.4712927148341 3.7868482779300221 6.8358342562826699 84.143650986307634 109.14359995898614 65.801743303265127 79.809479000266649 30.263394934747129 0.1294095225512602
decision_type=2 2 2 2 2 2 2 2 2 2 2 2 2 2 2 2 2 2 2 2 2 2 2 2 2 2 2 2 2 2
left_child=22 -2 3 4 5 10 7 -6 9 -8 -3 18 17 15 21 -14 -7 -13 19 -5 -9 -15 -1 -24 -25 26 -26 29 -29 -28
right_child=1 2 -4 11 6 16 8 20 -10 -11 -12 12 13 14 -16 -17 -18 -19 -20 -21 -22 -23 23 24 25 -27 27 28 -30 -31
leaf_value=0.39578667784992017 0.61327583201621705 0.19963084511134938 0.67346826219814826 0.25034944713115692 0.5397998973727226 0.27516389947384595 0.52835996718633749 -0.021461552122364877 0.66794251631945378 -0.52526321135185383 1.0320657216641667 -0.93293575882911695 0.026825490451994394 0.63259994402527819 -0.74642957103523344 0.9174910545349122 -0.66806102298200143 -0.06280242109298706 -0.85172710738011781 -0.5618702630201976 -0.66707596222225296 -0.12469660272965065 -0.76465229574590932 0.0027871035527225392 -0.54999402737130931 -0.93360609094733782 0.97903818289438882 0.79341596186161045 -0.28809095849739574 -0.042857021551865798
leaf_weight=38 38 23 20 20 20 20 21 23 32 27 40 20 21 20 22 27 20 25 28 27 52 26 20 2524 49 23 24 20 102 26
leaf_count=38 38 23 20 20 20 20 21 23 32 27 40 20 21 20 22 27 20 25 28 27 52 26 20 2524 49 23 24 20 102 26
internal_value=1.94398e-10 0.0572998 0.0177359 -0.00777893 0.114814 0.369089 -0.0348455 -0.25669 0.228595 -0.0643031 0.728161 -0.152189 -0.0118307 0.157966 -0.103111 0.527825 -0.196449 -0.449528 -0.453492 -0.216245 -0.469088 0.204563 -0.0115978 -0.0171504 -0.0117494 -0.162119 -0.0818282 0.0515446 -0.110795 0.447653
internal_weight=3398 572 534 514 278 103 175 95 80 48 63 236 161 116 68 48 40 45 75 47 75 46 2826 2788 2768 244 221 172 122 50
internal_count=3398 572 534 514 278 103 175 95 80 48 63 236 161 116 68 48 40 45 75 47 75 46 2826 2788 2768 244 221 172 122 50
is_linear=0
shrinkage=0.05


Tree=126
num_leaves=31
num_cat=0
split_feature=4 17 16 4 14 2 14 20 8 13 10 0 12 0 15 15 6 19 12 21 3 18 14 13 12 8 19 20 23 15
split_gain=880.133 4327.44 4060.06 3734.06 6380.89 4929.26 3656.04 4192.48 9511.58 3220.68 2897.97 2540.81 2356.88 2105.78 1558.58 1677.23 4317.97 6289.98 6472.18 5579.29 4928.84 4777.18 4360.19 6013.85 4534.67 4454.12 4011 5601.43 3686.37 4018.6
threshold=334.12517467582995 119.63822634022014 93.226233909318111 322.19814031776963 55.192103235068068 63.995018157682559 111.05220779604555 68.694065608889247 1.0000000180025095e-35 118.05921051018105 1.171991661437876 169.20581035847377 83.298509628892447 21.927796765929944 11.238442564756813 28.487106036837627 5.5000000000000009 48.316374388916856 105.39904039026835 44.583828247238678 5.8123994505372778 81.930328240132624 45.410810607826882 79.196420984565307 56.814961671904548 0.37940952255126054 25.49841983996247 76.896939920241934 41.769501957521456 21.258055310232422
decision_type=2 2 2 2 2 2 2 2 2 2 2 2 2 2 2 2 2 2 2 2 2 2 2 2 2 2 2 2 2 2
left_child=3 6 -3 13 -5 12 7 8 -2 10 -9 -8 -6 -1 -15 16 17 21 20 -18 -19 22 25 24 -24 -16 27 -23 29 -28
right_child=1 2 -4 4 5 -7 11 9 -10 -11 -12 -13 -14 14 15 -17 19 18 -20 -21 -22 26 23 -25 -26 -27 28 -29 -30 -31
leaf_value=0.45489995290338997 -0.5911448505791751 -0.087338649375098096 -0.97358295321464539 1.0032208447456361 0.76644388380504802 -0.50637117343333859 0.087951730963112304 -0.74968949434432119 0.74311236905701028 0.13940286630621324 -0.035788732199441821 0.75378462374210364 0.01733626737481072 0.40414459536904873 0.33735765467087431 0.0059167625389385282 -0.9763350765903791 -1.3035368266312972 0.08376796231037234 0.0050377002784184055 -0.33066428174575169 -1.1061044318335396 -0.1342981607573373 1.1769004421929519 0.71117455234173044 -0.57650686874985702 0.83822719132446721 -0.041387636301418146 -0.37602987390756609 -0.13085940897464751
leaf_weight=25 22 28 24 25 21 24 38 44 34 26 21 23 21 23 30 2586 30 23 41 28 30 21 35 24 29 24 23 30 25 20
leaf_count=25 22 28 24 25 21 24 38 44 34 26 21 23 21 23 30 2586 30 23 41 28 30 21 35 24 29 24 23 30 25 20
internal_value=-2.42074e-10 -0.0884041 -0.496374 0.00732475 0.322934 0.0652496 0.0135886 -0.121448 0.21894 -0.330917 -0.519045 0.339003 0.39189 -0.00210106 -0.00588168 -0.00902626 -0.102592 -0.0372437 -0.387945 -0.502569 -0.752854 0.0890623 0.284886 0.501923 0.248807 -0.0688044 -0.14461 -0.4798 0.106784 0.387489
internal_weight=3398 260 52 3138 91 66 208 147 56 91 65 61 42 3047 3022 2999 413 355 94 58 53 261 142 88 64 54 119 51 68 43
internal_count=3398 260 52 3138 91 66 208 147 56 91 65 61 42 3047 3022 2999 413 355 94 58 53 261 142 88 64 54 119 51 68 43
is_linear=0
shrinkage=0.05


Tree=127
num_leaves=31
num_cat=0
split_feature=19 22 0 20 2 12 10 17 20 23 17 3 9 19 14 21 1 12 2 12 15 14 22 19 3 2 12 1 13 10
split_gain=852.41 4365.71 4093.98 6145.5 7650.44 10069.2 6682.82 6315.13 5927.88 5844.46 5796.06 5530.72 5378.02 5191.43 4869.62 6083.04 4494.6 4465.41 5533.37 4895.75 4063.59 4027.75 3956.17 5371.74 4653.23 4783.71 4159.75 4115.05 3944.01 3904.53
threshold=27.190914620548323 92.522848669686198 149.87502871076052 78.713143801305037 63.143128679287678 82.620546016503212 3.8314870448439673 72.569245178079598 80.549688750706693 45.08253982878928 65.434826714865039 6.4212250130583355 0.60355339059327384 20.437299311943203 46.816400781785156 28.832931609333858 32.979010199424714 88.793960518441352 50.319213429084023 29.33400198750244 79.570617541525465 96.379913613998397 82.282773193410165 21.860532421826679 2.9762867845145484 56.800464094955338 112.39969970828646 21.511947298709821 52.142856661570526 1.7797529162187586
decision_type=2 2 2 2 2 2 2 2 2 2 2 2 2 2 2 2 2 2 2 2 2 2 2 2 2 2 2 2 2 2
left_child=1 2 8 6 5 -5 12 21 11 22 -7 16 14 -14 15 -4 17 18 28 -20 -13 -6 23 24 -10 -26 27 -24 -1 -21
right_child=-2 -3 3 4 7 10 -8 -9 9 -11 -12 20 13 -15 -16 -17 -18 -19 19 29 -22 -23 26 -25 25 -27 -28 -29 -30 -31
leaf_value=0.049001159136359759 -0.017070563385857204 0.46659045806154609 -1.2456688994453069 -0.80986124547198424 -1.5544602730057457 0.65567699771906651 0.64345853647520379 -0.25594786596298219 -0.27010070347785947 -0.45763475607770188 -0.12134023424504059 -0.78516777081807199 0.71360804792997001 -0.25629287023435937 0.042359787264936853 -0.18021711054685954 0.61970588043332109 -0.59251827124891621 -0.36194059525926914 0.61546152692339196 0.0086594254842826315 -0.57406869873404509 0.48047971710562704 0.9645674967866702 1.1459345071643059 0.18612560612313889 0.56375488626105452 -0.3845002513982102 -0.72977211064305803 -0.13161408434743468
leaf_weight=37 2320 56 21 32 22 42 43 50 25 24 56 38 37 22 76 37 32 29 24 73 28 20 20 48 21 34 35 44 29 23
leaf_count=37 2320 56 21 32 22 42 43 50 25 24 56 38 37 22 76 37 32 29 24 73 28 20 20 48 21 34 35 44 29 23
internal_value=3.88152e-10 0.0367381 0.0131846 -0.0978669 -0.286708 -0.039786 0.0797713 -0.635618 0.103365 0.28438 0.211667 -0.0417946 -0.045817 0.35195 -0.220953 -0.565984 0.066851 -0.0154343 0.0745411 0.276792 -0.448393 -1.08761 0.362831 0.546403 0.295505 0.552598 0.125485 -0.114194 -0.293187 0.436475
internal_weight=3398 1078 1022 458 222 130 236 92 564 251 98 313 193 59 134 58 247 215 186 120 66 42 227 128 80 55 99 64 66 96
internal_count=3398 1078 1022 458 222 130 236 92 564 251 98 313 193 59 134 58 247 215 186 120 66 42 227 128 80 55 99 64 66 96
is_linear=0
shrinkage=0.05


Tree=128
num_leaves=31
num_cat=0
split_feature=0 9 22 6 17 17 10 4 1 17 11 10 10 21 10 16 16 3 21 23 20 23 10 12 6 4 22 18 22 17
split_gain=890.667 3511.82 7728.66 6794.97 4559.12 5524.81 3700.61 3445.76 5700.62 5627.08 4659.8 5892.19 8424.43 5155.63 4530.58 4784.57 5658.76 5175.02 4815.87 3809.37 6056.52 3209.96 3157.37 2987.61 2957.55 2884.71 2757.66 5440.81 4268.64 4506.02
threshold=80.775776376795477 0.60355339059327384 76.353465024051175 3.5000000000000004 90.170941197447618 69.606796541329032 -0.47424705453400456 165.00656652689904 16.335101873002717 26.699332803368819 3.6213009350380179 -1.3205574863196321 -2.3362681638886742 48.471211776207788 1.2357458416233917 54.896881500926007 107.80036075967583 6.0471471178604039 43.498274108000771 37.1502587676598 70.71789885844332 38.45480691343657 3.8314870448439673 64.344090533669174 3.5000000000000004 122.75969247998573 86.019581198893988 57.441431512711205 84.432781295780487 122.35553130305776
decision_type=2 2 2 2 2 2 2 2 2 2 2 2 2 2 2 2 2 2 2 2 2 2 2 2 2 2 2 2 2 2
left_child=1 7 3 -3 5 25 -6 8 -1 -9 11 12 13 19 -11 17 18 -16 -17 -10 -21 -13 -18 -5 -22 -4 28 -28 29 -2
right_child=26 2 4 23 6 -7 -8 9 10 14 -12 21 -14 -15 15 16 22 -19 -20 20 24 -23 -24 -25 -26 -27 27 -29 -30 -31
leaf_value=0.92583190338178112 0.044455295476579559 0.52606148631484417 -0.94003251343965533 -0.7650554668903351 -0.48728472383485899 -1.387331801056862 0.22013881963334586 -0.59247547692440927 -0.32337747365236286 -0.26699193796941212 0.78096215291456739 -0.051589277610182761 -0.81994459228856231 -0.66937867974241572 -0.55836849927902221 1.0589972378526415 0.32041716223911332 0.30231712715279674 0.12762422743050947 0.96834714346461837 -0.32115873848950427 0.73462632185704002 -0.40381239820961601 0.088828592641013004 0.38940836079418661 -0.22075064745934114 0.7669997324626292 0.080188639713879725 -0.26791274798782289 -0.16140485854596839
leaf_weight=22 1620 54 20 20 36 20 38 47 28 105 22 20 35 21 40 35 34 31 23 27 27 37 27 21 32 46 31 413 148 318
leaf_count=22 1620 54 20 20 36 20 38 47 28 105 22 20 35 21 40 35 34 31 23 27 27 37 27 21 32 46 31 413 148 318
internal_value=-1.04756e-09 -0.0437035 -0.199636 0.157596 -0.411742 -0.659323 -0.124013 0.0211624 0.154334 -0.0843623 0.0861692 0.0188324 -0.128673 0.0505454 -0.00340865 0.142256 0.336063 -0.182576 0.68966 0.183163 0.348083 0.458761 -0.000143463 -0.3277 0.0642336 -0.438715 0.0149939 0.128142 -0.00908929 0.0106764
internal_weight=3398 868 255 95 160 86 74 613 271 342 249 227 170 135 295 190 119 71 58 114 86 57 61 41 59 66 2530 444 2086 1938
internal_count=3398 868 255 95 160 86 74 613 271 342 249 227 170 135 295 190 119 71 58 114 86 57 61 41 59 66 2530 444 2086 1938
is_linear=0
shrinkage=0.05


Tree=129
num_leaves=31
num_cat=0
split_feature=13 0 20 20 13 17 20 22 13 16 12 16 13 19 1 0 11 3 13 21 6 16 19 19 10 2 11 1 23 2
split_gain=838.124 3112.76 3074.95 4690.98 3323.19 3421.36 5218.66 2866.06 2356.02 1462.83 5327.36 3831.24 3871.89 4366.88 3679.71 3307.57 4421.28 3746.66 3224.29 3153.77 4473.79 4237.74 3983.24 4496.36 4220.85 5384.65 5144.38 4428.79 4504.77 3854.15
threshold=19.055015499581817 47.03564803621552 77.086966837753678 51.683498445510985 17.235518497166733 59.589384129811485 61.91419174579773 75.885864997779592 15.63264561613641 29.772025261057077 17.235518497166733 35.177546672818195 77.184148151192389 44.52718761079533 22.811449533259374 32.535192029820202 1.1426497868701291 4.9154947716149779 51.292994482901072 45.810270362388195 2.5000000000000004 23.820215254443379 18.510756089837937 11.014700350035373 0.5103969497598565 44.779371260898166 -1.3690618705890218 22.511147991835205 39.263177792454648 59.939609918493865
decision_type=2 2 2 2 2 2 2 2 2 2 2 2 2 2 2 2 2 2 2 2 2 2 2 2 2 2 2 2 2 2
left_child=1 -1 3 -3 5 -5 -7 -4 -9 10 -2 12 14 -14 -11 16 18 -18 -13 22 21 -21 23 -12 25 -24 -26 -28 -29 -22
right_child=9 2 7 4 -6 6 -8 8 -10 11 19 15 13 -15 -16 -17 17 -19 -20 20 29 -23 24 -25 26 -27 27 28 -30 -31
leaf_value=-0.48603096590155648 -0.63567702937126169 -0.30612217011275117 -0.6296514248847962 0.76926432428536595 0.9950406914665586 0.62665683146980078 -0.28757579407176459 0.47512405599866603 -0.25738337276422463 0.55288967967033387 0.29283243808895348 -0.44689849019050598 -0.8821212827786804 -0.039732701882719997 -0.3018214011893553 -0.022003455623913936 1.0394681055545807 0.15521010160446169 0.19924730066458385 -0.89658632587503506 -0.22282780629396437 0.063674817681312557 0.020586319464557579 -0.50234089449048047 0.53120258837132839 0.6349917213304328 0.28028725488111378 -1.0084110812707381 -0.052315881103277208 0.68457916108044714
leaf_weight=21 25 27 20 27 21 27 37 21 23 20 32 26 40 25 34 2434 25 23 75 27 25 20 53 40 37 109 32 22 28 22
leaf_count=21 25 27 20 27 21 27 37 21 23 20 32 26 40 25 34 2434 25 23 75 27 25 20 53 40 37 109 32 22 28 22
internal_value=-2.0556e-11 0.0934742 0.153423 0.285469 0.428084 0.297248 0.0981161 -0.133363 0.0922224 -0.0065968 0.0746181 -0.0207839 -0.298171 -0.558126 0.0147383 -0.00800453 0.220676 0.615761 0.0329127 0.114344 -0.143024 -0.487965 0.182878 -0.148931 0.267897 0.433983 0.0417966 -0.179033 -0.472998 0.201916
internal_weight=3398 224 203 139 112 91 64 64 44 3174 472 2702 119 65 54 2583 149 48 101 447 94 47 353 72 281 162 119 82 50 47
internal_count=3398 224 203 139 112 91 64 64 44 3174 472 2702 119 65 54 2583 149 48 101 447 94 47 353 72 281 162 119 82 50 47
is_linear=0
shrinkage=0.05


Tree=130
num_leaves=31
num_cat=0
split_feature=0 20 22 6 18 1 15 1 17 1 23 20 1 20 0 3 16 0 14 19 19 5 1 1 18 3 15 0 8 20
split_gain=861.862 3296.35 7363.26 7006.52 4072.11 4364.45 4477.89 5867.25 5441.36 5145.28 4236.96 5369.69 5687.29 5405.89 3947.3 6930.05 6239.44 6164.43 3810.06 3496.47 5852.53 3417.89 3395.46 4208.05 3311.96 3196.1 2769.85 2570.02 9556.03 6721.75
threshold=80.775776376795477 60.79691229251079 74.629829165909015 4.5000000000000009 62.917326980061937 15.564365483332418 124.99687757064304 18.200402816533558 63.957302431167911 16.81579636352475 34.051795222551682 63.893121156085179 33.728160736189594 71.81270003898193 61.09357152237245 6.6083382840591396 79.430950965953215 72.907411949076902 79.169890996070663 41.353912676005713 31.650473313264268 13.500000000000002 22.406827036944854 30.126212171550133 84.202548926411296 2.7446706267142673 96.772013735650049 110.33393773238176 0.98296291314453421 76.689554382766389
decision_type=2 2 2 2 2 2 2 2 2 2 2 2 2 2 2 2 2 2 2 2 2 2 2 2 2 2 2 2 2 2
left_child=1 2 3 -1 25 -6 9 -8 -9 -7 -11 -12 13 18 19 16 -16 -18 -13 20 24 -4 -21 -24 -15 -3 -26 28 29 -2
right_child=27 4 21 -5 5 6 7 8 -10 10 11 12 -14 14 15 -17 17 -19 -20 22 -22 -23 23 -25 26 -27 -28 -29 -30 -31
leaf_value=0.89890564984745458 -0.027706920200181968 -0.81846129880459229 0.069490649606342672 -0.068893551826477051 0.68035642533075247 -0.7101716903202675 0.94929184965465385 0.46967680377837939 -0.35050337229456224 0.63910789459943773 -0.83210714235901839 0.88606041669845581 -0.71341603648278029 0.52653384566307071 0.0053504241837395569 0.3114881532202507 -1.4412191291650138 -0.28305920310318472 0.065320113012867595 0.25881091436514486 0.67264004945755007 -0.79289407499134545 -0.78910683950080596 0.065422199010849003 0.022718632751040989 -0.20968344988666965 -0.65178196553302847 -0.0081817439158992731 -0.86629698205253358 0.3769038924477327
leaf_weight=45 199 27 27 32 21 34 23 39 42 20 24 26 31 20 27 29 27 20 31 26 43 20 34 25 45 107 23 2096 23 212
leaf_count=45 199 27 27 32 21 34 23 39 42 20 24 26 31 20 27 29 27 20 31 26 43 20 34 25 45 107 23 2096 23 212
internal_value=-6.12746e-10 -0.042991 0.195682 0.496703 -0.0827698 -0.0279445 -0.053198 0.244519 0.0443982 -0.117038 -0.0723231 -0.105336 -0.0624799 -0.00881231 -0.0889527 -0.343655 -0.600401 -0.948385 0.439693 0.0325026 0.194546 -0.297482 -0.217235 -0.427018 -0.0390678 -0.332348 -0.205421 0.0147495 0.125496 0.180997
internal_weight=3398 868 124 77 744 610 589 104 81 485 451 431 407 376 319 103 74 47 57 216 131 47 85 59 88 134 68 2530 434 411
internal_count=3398 868 124 77 744 610 589 104 81 485 451 431 407 376 319 103 74 47 57 216 131 47 85 59 88 134 68 2530 434 411
is_linear=0
shrinkage=0.05


Tree=131
num_leaves=31
num_cat=0
split_feature=19 15 23 6 15 8 1 18 11 2 8 10 10 2 11 0 16 19 0 6 21 2 6 21 17 4 2 16 20 2
split_gain=874.602 5086.26 6748.78 4871.64 7386.77 8832.57 6571.02 5370.97 4888.21 5854.17 5402.26 4833.75 4347.49 5297.75 6785.66 4096.2 4072.22 4068.77 11391.1 4977.71 5804.12 6331.42 4770.51 4044.4 3954.6 3943.34 3930.63 3921.87 4606.48 3860.43
threshold=44.274933116388105 26.750944883744555 39.520942154826265 3.5000000000000004 38.312788750483946 -0.60355339059327362 21.130684101834582 101.45488037237602 -0.78216905391238678 85.101180531170158 -0.60355339059327362 -1.6189310465200999 -4.0770310617618737 85.397133232680247 -3.5287463694917611 33.769420541338064 19.592610397614056 41.353912676005713 193.73673439819643 1.5000000000000002 35.469298443053738 45.369562000646077 2.5000000000000004 46.74876009658886 93.663365494446495 264.66237463066409 49.162464680515448 50.857981772717721 75.96054704194168 40.595744894360372
decision_type=2 2 2 2 2 2 2 2 2 2 2 2 2 2 2 2 2 2 2 2 2 2 2 2 2 2 2 2 2 2
left_child=17 2 -2 8 -5 6 -6 15 10 16 23 -8 -12 14 -14 -7 -10 -1 19 26 -21 -22 -20 -3 -23 29 -19 -16 -29 -18
right_child=1 3 -4 4 5 7 11 -9 9 -11 12 -13 13 -15 27 -17 25 18 22 20 21 24 -24 -25 -26 -27 -28 28 -30 -31
leaf_value=0.004119742794006234 -0.83442993693881573 0.95728634037077431 -0.04300881365192271 0.91403335157562704 -0.96333297157287601 -0.29450317079370675 0.63821727514266968 -0.41080719888210293 -0.86134296733708615 0.67343204092411768 -0.63421051583506849 -0.27404693294105664 0.73271652738253279 -0.63233674958348285 0.55901437029242518 0.41950587058093131 -0.42263344298116867 0.93119110614061362 -1.3406083586983957 -0.84744826864313194 -0.71445000987985863 -0.049772564493692842 -0.40005437412432265 0.10851698913425208 0.77687589292940895 -0.69579466622451269 0.052505691988127573 0.16551430861155192 -0.74377356034058795 0.020938085409856977
leaf_weight=2059 36 32 107 34 25 22 20 25 21 21 22 53 45 20 20 231 64 20 26 27 23 39 28 25 23 29 35 30 26 210
leaf_count=2059 36 32 107 34 25 22 20 25 21 21 22 53 45 20 20 231 64 20 26 27 23 39 28 25 23 29 35 30 26 210
internal_value=-2.30042e-10 0.0362251 -0.242248 0.0770678 0.208269 0.14445 -0.263709 0.288333 -0.0181401 -0.135582 0.16603 -0.0241115 0.0195122 0.121511 0.246114 0.357418 -0.188018 -0.017763 -0.221639 -0.0175145 -0.208807 -0.00594511 -0.852914 0.585019 0.256887 -0.141352 0.372028 -0.0420052 -0.256655 -0.0826699
internal_weight=3398 1118 143 975 410 376 98 278 565 345 220 73 163 141 121 253 324 2280 221 167 112 85 54 57 62 303 55 76 56 274
internal_count=3398 1118 143 975 410 376 98 278 565 345 220 73 163 141 121 253 324 2280 221 167 112 85 54 57 62 303 55 76 56 274
is_linear=0
shrinkage=0.05


Tree=132
num_leaves=31
num_cat=0
split_feature=11 16 22 10 11 15 2 2 22 5 22 2 12 12 12 0 18 2 17 19 4 11 23 17 14 17 11 14 20 10
split_gain=858.104 6672.81 4046.25 2410.17 1827.78 5379.64 5721.72 4731.87 3375.88 4054.06 3163.85 1597.99 5128.7 4142.11 5296.19 4797.66 4715.12 4485.12 5297.68 4138.64 3705.04 3366.27 3619.19 3355.83 4684.64 3581.92 7475.28 3921.58 3994.92 3768.82
threshold=6.1931471024500082 121.18069041776015 81.908752483883532 0.055249144287625861 4.9520640070280519 91.876074838428806 66.459796174065886 49.162464680515448 73.332018225117892 16.500000000000004 81.10937831653527 69.349270665770504 13.949326120542567 30.448087051757152 37.872472046710172 171.80925662931196 77.681134907016613 71.851578996564257 63.957302431167911 37.67090222760536 356.44113969188459 -1.4318286204818704 38.860439435719577 21.221607442993484 137.68902984358752 31.827187139251738 -0.39967698561251569 25.303793614545494 80.159343891393959 -0.13794090357924818
decision_type=2 2 2 2 2 2 2 2 2 2 2 2 2 2 2 2 2 2 2 2 2 2 2 2 2 2 2 2 2 2
left_child=4 2 3 -2 11 8 7 -7 -6 10 -10 20 -13 16 15 -15 21 18 -16 -20 -1 -14 -23 -19 25 26 -25 28 29 -27
right_child=1 -3 -4 -5 5 6 -8 -9 9 -11 -12 12 13 14 17 -17 -18 23 19 -21 -22 22 -24 24 -26 27 -28 -29 -30 -31
leaf_value=0.037283846150420255 0.42965028259684063 -0.63030663106752483 0.88007968564828243 -0.15736884706550175 0.08850597549568523 0.31142243749151627 0.75651850271224985 -0.69218984790470295 -0.80856993392109866 -1.2183356987778098 0.060343351378105585 0.6098983394688573 -0.85890446172820212 0.90722601163600169 -0.73228265026211747 -0.010354432771945823 0.32459116293036422 0.37361951893511813 -0.43314593835518916 0.30005028373316717 -0.54183371854679929 0.14168802076770412 -0.57056027849515278 -1.1207812811647144 -0.50525612053275104 0.40081648108634083 0.17095761696497602 0.07854993799883947 -0.92019169211387641 -0.49648928594589237
leaf_weight=2027 34 23 24 36 22 24 25 23 20 20 22 29 36 28 50 29 23 53 39 38 28 31 42 21 50 22 24 510 20 25
leaf_count=2027 34 23 24 36 22 24 25 23 20 20 22 29 36 28 50 29 23 53 39 38 28 31 42 21 50 22 24 510 20 25
internal_value=2.65652e-10 0.133057 0.319838 0.127755 -0.0047448 -0.171774 0.145371 -0.179707 -0.443612 -0.632428 -0.353425 0.00359328 -0.045957 -0.0642277 -0.026221 0.440387 -0.325956 -0.0574377 -0.331535 -0.0713088 0.0293932 -0.463227 -0.268099 -0.00942349 -0.0396337 -0.00220428 -0.431854 0.0313039 -0.32833 -0.0764738
internal_weight=3398 117 94 70 3281 156 72 47 84 62 42 3125 1070 1041 909 57 132 852 127 77 2055 109 73 725 672 622 45 577 67 47
internal_count=3398 117 94 70 3281 156 72 47 84 62 42 3125 1070 1041 909 57 132 852 127 77 2055 109 73 725 672 622 45 577 67 47
is_linear=0
shrinkage=0.05


Tree=133
num_leaves=31
num_cat=0
split_feature=3 23 10 1 1 3 12 18 13 11 3 1 8 0 18 14 13 21 12 12 5 17 10 8 0 16 0 21 5 3
split_gain=849.3 4344.55 2742.53 5636.55 3592.79 1467.26 1523.09 4148.29 6640.4 2090.52 2619.22 1784.23 1626.81 5717.44 5175.75 6430.14 3048.43 2455.03 1886.95 3071.48 4225.16 2891.32 3411.57 2889.11 2204.82 4714.9 4516.87 4981.58 6090.98 5400.55
threshold=7.6875829376374174 36.133103626804882 1.2596551693218343 26.272727299108706 27.117190176265336 7.6310054308397675 145.06666813632307 96.687370548268163 110.6632386525656 6.6254760247680045 7.2579871242097207 24.961567626441028 -0.98296291314453399 185.3476620765546 64.360872099857801 64.344090533669174 88.039154252347913 58.933068563743262 140.17494027465131 137.65877416669562 10.500000000000002 111.2422356816098 1.7797529162187586 0.12940952255126045 50.764517650670712 41.392884765203867 47.03564803621552 45.270870762439792 11.500000000000002 3.2617648733811064
decision_type=2 2 2 2 2 2 2 2 2 2 2 2 2 2 2 2 2 2 2 2 2 2 2 2 2 2 2 2 2 2
left_child=5 -2 4 -4 -3 6 9 11 -9 12 -11 -8 13 14 -1 -16 -17 18 19 24 -21 22 23 -20 25 -14 27 29 -29 -27
right_child=1 2 3 -5 -6 -7 7 8 -10 10 -12 -13 17 -15 15 16 -18 -19 21 20 -22 -23 -24 -25 -26 26 -28 28 -30 -31
leaf_value=0.70404391451315451 -0.73294099271297464 0.52084545726195364 -0.82548304844337206 0.31105088233947753 -0.17183496836158965 0.3793461762941801 0.49558367404070769 -0.91343573331832895 0.18658609416173855 0.75400461072013503 -0.026668526367707685 -0.14874606132507326 -0.41381172771669095 -0.71578039475849708 -0.90859530041260383 -0.1795272085935839 0.61224027007818227 -0.54096507176756858 1.0536470559510318 0.070841201022267347 -0.87751335867721103 -0.26636996079574932 -0.098164795090754833 0.2751177361378303 0.031916507720813558 -0.12783041931328062 -0.50740219762450767 -0.77522604898972958 0.17161528876849586 0.42958163941678196
leaf_weight=22 24 39 24 20 36 26 22 34 23 21 22 21 90 35 21 31 20 20 22 24 23 22 24 26 2417 71 38 33 35 112
leaf_count=22 24 39 24 20 36 26 22 34 23 21 22 21 90 35 21 31 20 20 22 24 23 22 24 26 2417 71 38 33 35 112
internal_value=-6.05003e-10 -0.11926 0.00450705 -0.308877 0.188359 0.0052394 0.00222708 -0.189862 -0.469567 0.00836606 0.35459 0.180911 0.00354181 -0.170267 0.0328503 -0.172237 0.13097 0.0111242 0.0148838 0.00759638 -0.393247 0.235289 0.388574 0.631944 0.0143344 -0.0977918 0.000622754 0.0775349 -0.287881 0.213318
internal_weight=3398 143 119 44 75 3255 3229 100 57 3129 43 43 3086 129 94 72 51 2957 2937 2843 47 94 72 48 2796 379 289 251 68 183
internal_count=3398 143 119 44 75 3255 3229 100 57 3129 43 43 3086 129 94 72 51 2957 2937 2843 47 94 72 48 2796 379 289 251 68 183
is_linear=0
shrinkage=0.05


Tree=134
num_leaves=31
num_cat=0
split_feature=23 15 15 12 9 8 15 3 11 21 15 15 21 4 22 8 4 1 6 15 23 5 17 3 3 21 3 2 20 0
split_gain=824.949 3287.45 5408.52 4555.56 3060.97 2574.65 6164.98 5344.37 4925.59 4581.94 6078.13 4561.57 4573.79 5086.32 5011.6 5011.24 5337.56 7339.34 4074.59 8021.27 4001.46 4616.37 3936.6 6512.28 7409.42 7136.42 5342.94 4696.64 4564.68 3500.63
threshold=40.879444016890098 144.61623251882642 138.19785340808167 83.84665178621151 -0.5 -0.70710678118654735 88.000152051844353 6.0754208914095775 -3.8943882999918635 50.008370919071275 38.312788750483946 144.61623251882642 35.279932907867583 88.92494837802262 82.430170634934527 1.0000000180025095e-35 123.51500319175778 26.636996680425845 1.5000000000000002 113.78659163858912 41.687598981309158 19.500000000000004 43.283766391595968 4.8504909039961488 4.3245646672293008 47.443781340813068 4.802423696435004 54.258925436556218 78.713143801305037 195.23700085873705
decision_type=2 2 2 2 2 2 2 2 2 2 2 2 2 2 2 2 2 2 2 2 2 2 2 2 2 2 2 2 2 2
left_child=1 2 -1 -3 -4 6 9 8 -7 10 -2 12 15 14 29 -10 -17 -18 19 -15 -8 -22 26 24 25 27 -20 -24 -27 -14
right_child=5 3 4 -5 -6 7 20 -9 11 -11 -12 -13 13 18 -16 16 17 -19 22 -21 21 -23 23 -25 -26 28 -28 -29 -30 -31
leaf_value=-0.023238752859726083 -0.093512794290270138 -0.011099762208759786 0.89740555261572208 -0.95836264701052143 0.16426701954432898 -0.57637319957956357 0.47936895141998931 0.1774941695430434 -0.22194882048500908 1.0408861943653651 0.52923101874884593 0.56659646383647266 0.14790127266846273 -0.73383705872523641 -0.32432564573628564 -0.055268471315503123 1.4171806384039964 0.15404602062443029 -0.60234189900021029 0.34567439556121826 -0.42578597130253915 0.33032486367004887 0.13195375800132753 -0.58111708622712355 1.0397482042759658 0.96040295258812292 0.27157523489516716 -0.67209066081614732 0.080349232765232648 0.88296275138854985
leaf_weight=2000 70 30 24 22 35 47 24 277 45 21 89 29 46 79 35 32 23 23 73 22 80 27 32 39 20 23 23 42 41 25
leaf_count=2000 70 30 24 22 35 47 24 277 45 21 89 29 46 79 35 32 23 23 73 22 80 27 32 39 20 23 23 42 41 25
internal_value=4.6107e-11 -0.0192361 -0.00932027 -0.411865 0.462493 0.031552 0.156833 -0.00836847 -0.0820222 0.346746 0.255067 -0.0463865 -0.0749202 -0.142114 0.165341 0.198227 0.440636 0.785613 -0.224831 -0.498696 -0.104116 -0.234992 -0.130427 -0.00248885 0.140337 0.00998767 -0.392966 -0.324396 0.396619 0.406726
internal_weight=3398 2111 2059 52 59 1287 311 976 699 180 159 652 623 500 106 123 78 46 394 101 131 107 293 197 158 138 96 74 64 71
internal_count=3398 2111 2059 52 59 1287 311 976 699 180 159 652 623 500 106 123 78 46 394 101 131 107 293 197 158 138 96 74 64 71
is_linear=0
shrinkage=0.05


Tree=135
num_leaves=31
num_cat=0
split_feature=11 4 14 0 13 2 8 1 21 23 21 21 23 1 1 21 0 12 12 22 22 15 2 0 16 12 4 9 16 21
split_gain=817.101 961.089 4882.61 8013.91 6830.29 6469 5200.68 4472.77 3450.64 2966 2350.02 3619.06 1441.84 1328.21 6622.96 4846.39 6864.12 5005.96 4047.89 3764.62 9131.91 5440.68 5383.08 5255.12 6824.07 6124.22 4977.23 4828.49 4431.61 4338.93
threshold=-7.5172983863066527 26.977660370441267 87.122081886259323 126.1295796025117 65.008957414633556 72.448207795959704 0.37940952255126054 25.548892996625991 37.223530361662135 40.879444016890098 16.280793435060428 18.870275222017128 38.724473903870795 24.881244545310569 24.085397647398064 38.658869377539766 157.98886325002368 59.524871543796756 108.66994545195921 74.081993962257982 71.47698297264175 54.040236055485856 49.896447436595395 29.722922389439738 29.772025261057077 105.86771223156985 263.40541117111445 0.37940952255126048 62.549258706154525 38.579624008572331
decision_type=2 2 2 2 2 2 2 2 2 2 2 2 2 2 2 2 2 2 2 2 2 2 2 2 2 2 2 2 2 2
left_child=-1 2 4 7 6 8 -2 -4 -6 -5 -3 12 -12 14 19 16 -16 -17 -19 20 26 -22 -23 29 25 -25 -13 -28 -24 -21
right_child=1 10 3 9 5 -7 -8 -9 -10 -11 11 13 -14 -15 15 17 -18 18 -20 23 21 22 28 24 -26 -27 27 -29 -30 -31
leaf_value=-0.26898743190935681 1.0783945366314478 -0.39590201421003596 0.79832464289807137 -1.1150129849002475 0.60418392645590235 -0.74900670708580463 0.13417768263816834 -0.2109537129816802 -0.10847764832632883 -0.27466204675535361 0.77240944966673863 -0.18010125614744327 0.17202576741576195 0.025275170748013331 -0.6052168390750885 -0.017144362926483154 0.57860091626644139 -1.5007536506652832 -0.56224860615200467 0.9620000844990666 0.99192392173651101 -0.34993130850791931 0.054682605083172145 0.02637455367097041 -0.13767137637510715 0.80130215254989834 0.73834632459808802 -0.16681324174770942 0.94654392023881284 0.043863713164483349
leaf_weight=28 35 38 21 21 33 22 25 23 35 21 20 179 20 1585 25 20 24 20 27 22 37 25 26 82 826 37 34 26 30 31
leaf_count=28 35 38 21 21 33 22 25 23 35 21 20 179 20 1585 25 20 24 20 27 22 37 25 26 82 826 37 34 26 30 31
internal_value=6.14678e-10 0.00223491 0.0995388 -0.200817 0.271743 -0.00374217 0.684971 0.270747 0.237373 -0.694838 -0.00509238 -0.000295619 0.472218 -0.00648035 -0.0406969 -0.403299 -0.0253877 -0.679682 -0.961612 -0.00965492 0.12969 0.489584 0.260121 -0.0595009 -0.0866727 0.267318 -0.0479979 0.346111 0.532465 0.424977
internal_weight=3398 3370 236 86 150 90 60 44 68 42 3134 3096 40 3056 1471 116 49 67 47 1355 357 118 81 998 945 119 239 60 56 53
internal_count=3398 3370 236 86 150 90 60 44 68 42 3134 3096 40 3056 1471 116 49 67 47 1355 357 118 81 998 945 119 239 60 56 53
is_linear=0
shrinkage=0.05


Tree=136
num_leaves=31
num_cat=0
split_feature=20 8 21 11 23 21 13 20 4 19 17 0 0 3 1 17 4 16 6 17 0 0 4 4 2 3 9 2 10 13
split_gain=818.922 3221.06 4306.47 4571.66 3757.12 2214.2 1679.53 6865.56 9248.22 4578.7 4336.68 5033.98 4260.34 4076.57 3862 3807.85 5632.87 5028.92 3783.82 2250.93 2169.89 2531.23 2528.48 5263.7 4472.95 3742.41 2938.2 3062.2 3999.44 2862.59
threshold=51.683498445510985 -0.91597561503675329 27.170866080622186 -0.36699707583773911 38.592037513304867 31.610883354524283 29.33400198750244 69.106518763912419 279.84693400717106 29.796385695978202 106.65706486221337 197.70651300007736 109.37922043597477 1.2209749384906461 32.059869570408281 69.606796541329032 274.1380317447281 63.957302431167911 2.5000000000000004 45.482425258216715 246.89113769280888 243.66283374257739 13.245539054340847 26.977660370441267 52.613630050601188 2.7035313369826586 -0.5 45.369562000646077 -0.32613298325600842 33.4235470593146
decision_type=2 2 2 2 2 2 2 2 2 2 2 2 2 2 2 2 2 2 2 2 2 2 2 2 2 2 2 2 2 2
left_child=1 -1 4 -4 -3 -5 7 8 10 -9 11 12 -2 -11 15 19 17 -17 -19 -15 21 22 26 24 -24 -26 -8 -28 -29 -25
right_child=6 2 3 5 -6 -7 20 9 -10 13 -12 -13 -14 14 -16 16 -18 18 -20 -21 -22 -23 23 29 25 -27 27 28 -30 -31
leaf_value=-0.56787896194765641 -0.2060395910933211 -0.10512773227691651 -0.65359779910908811 -0.21325985330801744 0.73129475219496376 0.47702962443942121 0.21618900711613673 -0.72039020190325875 1.0594233622153602 -0.67731398120522501 0.6563885197741911 -0.69996941714059746 0.54771561261854673 0.22567063906918403 -0.54230983049973192 -0.28276880308985713 -0.62186301877101269 -0.012061398137699474 0.85124513427416493 0.81509888502955441 -0.43129962086677553 0.43834992535412315 0.79975196856099207 -0.32067026326509374 0.58954182955480761 -0.28074154873689017 -0.89076106683774425 -0.5388992960515776 0.25698944871072421 -0.0029792238426614315
leaf_weight=31 37 25 36 26 29 21 27 24 36 20 32 21 38 46 23 36 30 22 30 25 30 32 37 73 21 30 22 38 27 2473
leaf_count=31 37 25 36 26 29 21 27 24 36 20 32 21 38 46 23 36 30 22 30 25 30 32 37 73 21 30 22 38 27 2473
internal_value=-4.41419e-10 -0.107628 -0.00348394 -0.229598 0.344062 0.0951674 0.005598 0.0988572 0.351427 -0.0629454 0.152303 -0.0157253 0.175863 0.00506617 0.0694417 0.143888 -0.0301997 0.171504 0.486 0.433216 -0.0083411 -0.0037768 -0.00892529 0.00105255 0.381238 0.0776104 -0.239466 -0.380876 -0.208299 -0.0120882
internal_weight=3398 168 137 83 54 47 3230 420 164 256 128 96 75 232 212 189 118 88 52 71 2810 2780 2748 2634 88 51 114 87 65 2546
internal_count=3398 168 137 83 54 47 3230 420 164 256 128 96 75 232 212 189 118 88 52 71 2810 2780 2748 2634 88 51 114 87 65 2546
is_linear=0
shrinkage=0.05


Tree=137
num_leaves=31
num_cat=0
split_feature=5 1 21 22 3 1 13 17 17 21 8 22 10 22 22 16 18 9 13 1 23 11 15 20 20 23 13 23 12 20
split_gain=802.579 5067.58 3656.01 3795.73 3115.07 1518.47 4694.68 3297.35 5022.9 4978.84 5796.08 6022.02 4719.22 3460.68 6530.46 5101.86 4374.24 5111.9 2742.59 2680.48 3667.36 4167.68 2669.77 5197.97 4822.21 4154.71 5086.15 4100.42 7146.89 9785.28
threshold=1.0000000180025095e-35 19.121794334672952 45.331912962639734 83.505018492969057 4.4234365769249271 17.35013358854102 20.897841839220526 18.543866118083297 27.346513878105743 34.622139640065761 -0.5 79.545942477220265 3.173469861930351 74.629829165909015 78.333004234999933 72.300426997104083 87.133470086829519 -0.37940952255126015 78.523987106464247 17.857767749840217 37.913232420209333 1.3419331105297427 55.550391430365359 97.850190237618946 54.10183862966084 34.414261017222699 84.923475612953737 39.406492919212873 68.418857465474574 73.667646390043515
decision_type=2 2 2 2 2 2 2 2 2 2 2 2 2 2 2 2 2 2 2 2 2 2 2 2 2 2 2 2 2 2
left_child=1 -1 3 4 -3 6 -2 -8 -9 10 -10 -12 13 -11 15 -15 18 -18 -16 20 -7 -22 23 25 -24 26 -21 28 -27 -30
right_child=5 2 -4 -5 -6 19 7 8 9 12 11 -13 -14 14 16 -17 17 -19 -20 22 21 -23 24 -25 -26 27 -28 -29 29 -31
leaf_value=-0.70617452315215412 0.82526623239474639 0.8528704742590586 -0.37589078787210828 -0.23849209110651698 0.061020463057186294 0.13217928633093834 -0.46489232629537586 0.83020572048103947 0.8102021052287175 0.42275666166574527 -0.47058810481140689 0.4630466710011929 -0.64418523961847485 -0.11966312148918708 0.13600138124823571 -1.200947530567646 -0.10239579260349274 0.97995172881831738 -0.64954482048749929 0.065822012722492218 -0.92883593002955134 -0.010435359676678975 -0.49475050514394586 -0.50220897778084406 -0.019500099303776539 0.20307213820517067 1.1313272850854057 0.16731963406925349 -0.60686219408731867 0.072617497260829333
leaf_weight=29 21 27 37 28 23 32 28 22 39 39 31 39 33 24 25 20 20 24 20 24 30 21 55 38 1807 155 21 473 99 114
leaf_count=29 21 27 37 28 23 32 28 22 39 39 31 39 33 24 25 20 20 24 20 24 30 21 55 38 1807 155 21 473 99 114
internal_value=-6.58826e-10 -0.115513 0.0334368 0.227605 0.488619 0.00511181 0.0983512 0.0564138 0.0998559 0.0486849 0.321729 0.0495798 -0.0964947 0.00858551 -0.112863 -0.611156 0.133484 0.487976 -0.21313 -0.00740027 -0.287403 -0.550671 0.000941532 0.0704232 -0.0335381 0.0949831 0.563058 0.0699375 -0.0552304 -0.243197
internal_weight=3398 144 115 78 50 3254 385 364 336 314 109 70 205 172 133 44 89 44 45 2869 83 51 2786 924 1862 886 45 841 368 213
internal_count=3398 144 115 78 50 3254 385 364 336 314 109 70 205 172 133 44 89 44 45 2869 83 51 2786 924 1862 886 45 841 368 213
is_linear=0
shrinkage=0.05


Tree=138
num_leaves=31
num_cat=0
split_feature=23 11 0 9 23 18 20 1 1 21 14 14 22 21 2 18 22 0 0 21 20 14 22 8 23 23 21 1 18 9
split_gain=811.815 3443.24 3331.67 5071.95 4952.94 3996.55 3555.31 5594.53 5245.59 4876.23 4565.46 4395.82 5397.65 3685.83 4952.68 3510.35 6300.51 4386.84 3461.89 3785.75 3199.36 6575.93 4682.3 5655.87 6169.06 3017.71 4716.04 6127.63 6018.85 5873.54
threshold=36.931727232633968 -6.3017648622806233 72.907411949076902 -0.9159756150367534 34.320230087261812 71.267845116764477 79.962374300642338 20.6010144545217 17.187644861230645 35.715964308654563 26.750944883744555 52.682150242125594 79.365173526287009 39.14776064200165 53.72246256580295 88.235475990118815 83.505018492969057 148.18959913143945 199.16654970477592 31.46061045684451 67.449475121532146 61.664762173837865 83.908337150386998 0.25881904510252091 35.498738355638359 38.060003377471233 42.313619880816503 31.614882586214922 77.432931880498771 1.0000000180025095e-35
decision_type=2 2 2 2 2 2 2 2 2 2 2 2 2 2 2 2 2 2 2 2 2 2 2 2 2 2 2 2 2 2
left_child=1 -1 3 -3 -5 -6 7 8 -4 -10 -9 -8 13 14 -13 17 -17 -14 19 -18 21 -12 23 24 -22 26 27 -2 29 -28
right_child=25 2 6 4 5 -7 11 10 9 -11 20 12 15 -15 -16 16 18 -19 -20 -21 22 -23 -24 -25 -26 -27 28 -29 -30 -31
leaf_value=-0.66319268129088671 0.15024890864392124 0.46102028624577962 0.27461827010448492 0.16324879071026138 -0.94361042486209623 -0.27431507397581034 0.46167705828143712 -0.3398839821418127 -0.035338011384010319 -1.0541439559148704 0.53144054398980256 -0.29875113344192505 0.20535228389004867 0.021995610296726226 -1.3154135268667471 0.86303891216715189 0.45875250085404046 -0.65811187373964408 -0.54872919583320623 -0.34337646350516787 -0.15339064047388409 -0.45317018362028261 -0.054596805572509767 1.2910478311200295 1.0473097208142281 -0.0083951905369256813 0.60068320110440254 -0.47746311514935597 0.8106084649379437 -0.61108636364340785
leaf_weight=22 225 22 35 33 38 54 31 24 24 23 43 25 24 20 23 24 38 38 25 24 23 28 22 31 20 2320 20 47 52 20
leaf_count=22 225 22 35 33 38 54 31 24 24 23 43 25 24 20 23 24 38 38 25 24 23 28 22 31 20 2320 20 47 52 20
internal_value=2.50536e-10 -0.0473837 -0.027806 -0.239051 -0.362264 -0.550763 0.0291721 0.156644 -0.188802 -0.533903 0.30495 -0.0987681 -0.170859 -0.548285 -0.785902 -0.022506 0.145822 -0.323868 -0.0520307 0.148251 0.397621 0.143143 0.585829 0.776226 0.405075 0.0126051 0.146453 0.041784 0.455908 -0.00520158
internal_weight=3398 714 692 147 125 92 545 273 82 47 191 272 241 68 48 173 111 62 87 62 167 71 96 74 43 2684 364 272 92 40
internal_count=3398 714 692 147 125 92 545 273 82 47 191 272 241 68 48 173 111 62 87 62 167 71 96 74 43 2684 364 272 92 40
is_linear=0
shrinkage=0.05


Tree=139
num_leaves=31
num_cat=0
split_feature=23 15 15 14 9 19 2 4 17 6 16 12 20 20 20 2 16 11 21 13 5 19 15 19 20 9 2 15 2 16
split_gain=792.742 2898.35 4851.93 4083.23 2769.51 2342.29 3715.64 4990.28 4592.56 4267.02 6899.59 6583.38 5214.11 6160.91 6849.31 5714.92 3615.8 3594.61 4379.04 3509.62 3485.66 3419.7 5591.23 9639.93 5208.66 5678.25 5810.67 4833.78 6404.77 5162.67
threshold=40.879444016890098 144.61623251882642 138.19785340808167 69.400787993482226 -0.5 43.462344216498117 86.278027353911241 39.394717413007108 47.542029524513509 1.5000000000000002 96.247191382682914 103.14003741444337 82.218240559974234 72.73113406580886 68.345737284352126 49.896447436595395 75.102283192060284 1.9520308743246133 50.449580307972262 119.4100136859149 8.5000000000000018 27.814447046585531 94.93963481107032 29.796385695978202 73.185643225118525 -0.37940952255126015 68.116799954693391 58.079119275300194 80.666101180669742 41.956553092475268
decision_type=2 2 2 2 2 2 2 2 2 2 2 2 2 2 2 2 2 2 2 2 2 2 2 2 2 2 2 2 2 2
left_child=1 2 -1 -3 -4 21 7 -7 17 10 11 -10 13 14 15 -11 -14 18 -9 -19 -18 27 23 -23 -25 -26 -27 28 -2 -29
right_child=5 3 4 -5 -6 6 -8 8 9 12 -12 -13 16 -15 -16 -17 20 19 -20 -21 -22 22 -24 24 25 26 -28 29 -30 -31
leaf_value=-0.022729199439659717 -0.30776075649805168 -0.81386021806134112 0.85101961344480515 0.072931369423866285 0.1536581869210516 0.61198688368592413 -0.43560561041037249 -0.12108012516982854 -0.19122366226381726 -0.14010993015198481 -0.6098622303742629 0.8649571677446366 0.31095435242607911 0.82204169223845858 -0.52440687368313477 0.92817274562774166 -0.7930874711275101 -0.13652352909831442 -0.89057242440489626 0.69819973640143873 0.059074310461680095 -0.97719411055246985 -0.3595124690155001 -0.15026333464097374 -0.093580847508028933 1.0850062180209805 0.12031039970892449 -0.17649102559534169 0.66427236437797554 0.36979452341243074
leaf_weight=2000 111 27 24 25 35 50 30 64 36 21 39 25 53 71 24 31 20 34 26 20 30 21 159 79 38 37 27 59 20 162
leaf_count=2000 111 27 24 25 35 50 30 64 36 21 39 25 53 71 24 31 20 34 26 20 30 21 159 79 38 37 27 59 20 162
internal_value=2.70421e-10 -0.0188569 -0.00954633 -0.387518 0.437331 0.0309299 0.106108 0.135982 0.0878031 0.18559 -0.0904475 0.241637 0.296005 0.487145 0.17428 0.496751 0.0232142 -0.149874 -0.343378 0.172633 -0.28179 -0.029592 -0.13772 0.0368597 0.154512 0.390564 0.678025 0.0813004 -0.159359 0.223954
internal_weight=3398 2111 2059 52 59 1287 574 544 494 350 100 61 250 147 76 52 103 144 90 54 50 713 361 202 181 102 64 352 131 221
internal_count=3398 2111 2059 52 59 1287 574 544 494 350 100 61 250 147 76 52 103 144 90 54 50 713 361 202 181 102 64 352 131 221
is_linear=0
shrinkage=0.05


Tree=140
num_leaves=31
num_cat=0
split_feature=15 11 13 5 18 18 0 0 13 3 14 0 3 5 11 12 5 17 17 13 13 2 16 20 15 2 14 19 1 0
split_gain=793.375 3954.8 3598.59 6338.16 4690.92 3936.08 6247.33 5001.11 6541.17 4983 4651.4 4616.03 3856.21 4281.18 3831.23 3593.01 3466.94 3862.34 4463.83 7463.01 5554.24 5278.19 5690.42 4974.58 3359.75 7478.9 4927.36 4228.58 3309.9 3074.21
threshold=113.78659163858912 5.7967844807375029 41.090628370842744 18.500000000000004 77.87976764182504 54.818561360480857 130.9494932380139 196.73495995370885 127.74965397265147 5.7248281582711478 33.4235470593146 127.75010938239622 4.802423696435004 6.5000000000000009 -1.2814482675706691 83.84665178621151 1.5000000000000002 29.884319530227042 60.042850513725163 97.495915774877929 88.647404015725201 41.040508247196847 77.359334740448261 90.131294608379136 103.82657327501975 77.822340841034773 77.591732431035055 21.860532421826679 29.523869321642039 212.66756715880936
decision_type=2 2 2 2 2 2 2 2 2 2 2 2 2 2 2 2 2 2 2 2 2 2 2 2 2 2 2 2 2 2
left_child=24 2 3 4 12 6 -4 8 10 11 -7 -10 14 -14 -2 -3 -12 -18 19 23 -20 -22 -23 -19 -1 27 -27 -26 29 -9
right_child=1 15 5 -5 -6 7 -8 28 9 -11 16 -13 13 -15 -16 -17 17 18 20 -21 21 22 -24 -25 25 26 -28 -29 -30 -31
leaf_value=0.003806620055863233 -0.81749116713586067 0.10547279577988844 -0.26152846127748491 0.89007910102091992 0.7069655803442001 -0.664060396351146 0.91389549282880944 -0.68439154434204108 0.26906548973761107 -0.16065027793248496 -0.59227932049677923 1.1336663933900686 -0.30682010710239416 0.61510209546369676 -0.029946783248414384 0.99688074678182614 -0.41399659421708845 1.388238533337911 -0.34957000480705425 -0.29078789292411372 0.89615587729283352 -0.38120725183952148 0.49365818886195917 0.28640626385807993 0.40218971363268796 -0.23681572675704957 -1.2609487909823658 -0.18362405240229929 -0.80513694680506187 -0.037239668542600197
leaf_weight=2345 23 26 20 29 25 33 26 25 38 30 26 26 20 34 47 20 45 21 79 22 22 41 34 20 40 23 24 134 31 69
leaf_count=2345 23 26 20 29 25 33 26 25 38 30 26 26 20 34 47 20 45 21 79 22 22 41 34 20 40 23 24 134 31 69
internal_value=-2.75772e-10 0.0424291 0.0160574 0.213785 0.0821571 -0.0418299 0.402842 -0.0782265 0.00154528 0.371067 -0.0997231 0.62031 -0.0438123 0.273649 -0.288711 0.493041 -0.0396485 0.0109445 0.0909543 0.452124 -0.038328 0.215158 0.0153984 0.850759 -0.0137572 -0.200125 -0.759777 -0.0489542 -0.357109 -0.209355
internal_weight=3398 832 786 178 149 608 46 562 437 94 343 64 124 54 70 46 310 284 239 63 176 97 75 41 2566 221 47 174 125 94
internal_count=3398 832 786 178 149 608 46 562 437 94 343 64 124 54 70 46 310 284 239 63 176 97 75 41 2566 221 47 174 125 94
is_linear=0
shrinkage=0.05


Tree=141
num_leaves=31
num_cat=0
split_feature=16 11 16 14 14 2 16 17 1 4 9 18 16 20 21 20 9 15 15 17 1 2 17 21 21 0 23 17 12 21
split_gain=792.878 6203.1 1168.19 1522.35 7545.69 4549.37 10024.6 4714.24 6710.64 4569.02 4388.03 3888.19 3877.94 3160.01 2860.81 2569.88 2168.82 4558.19 5017.5 4389.13 5150.42 5842.03 5083.02 4422.02 4979.21 5815.8 6489.15 5409.06 5249.43 4779.34
threshold=146.80980450800126 0.63809804043486718 145.57390186488325 134.92383941755062 133.84371407731365 58.389833081014423 47.11548492960825 125.72741959723218 21.954328227364538 146.5740003143442 -0.60355339059327384 107.90781967859819 93.226233909318111 88.065452363382931 45.60516662156887 85.813100223214775 -0.70710678118654757 144.61623251882642 113.78659163858912 115.57044289429381 31.375304943399467 79.439078305574483 102.07722343045744 36.833369267397309 47.338799606181034 101.95815567020342 38.751976544243391 61.43155914807992 101.80850999253785 26.04693257653285
decision_type=2 2 2 2 2 2 2 2 2 2 2 2 2 2 2 2 2 2 2 2 2 2 2 2 2 2 2 2 2 2
left_child=2 -2 3 4 16 6 13 8 15 14 -11 12 -10 -5 -8 -7 17 18 19 22 21 -21 23 29 25 28 -27 -28 -25 -1
right_child=1 -3 -4 5 -6 7 9 -9 11 10 -12 -13 -14 -15 -16 -17 -18 -19 -20 20 -22 -23 -24 24 -26 26 27 -29 -30 -31
leaf_value=-0.27404243933303019 -0.57176624246132679 0.42527238838374615 0.33721410712370509 -0.084857718840889315 0.85996287608375921 0.69845753759145746 1.0645202848646376 -0.79950843453407294 -0.28912556818553381 -0.43570779764652257 0.43690435141325001 0.10317936264551604 -1.1044721841812135 -0.8969413033723832 0.28640540958870025 -0.049691946465860719 -0.020014169727565229 -0.64656438941047312 0.35127028906120894 -0.51963644940009779 0.48899290344931867 0.36939477635466539 0.60741675551170893 0.69155701923370361 0.29523986945194858 -0.016613481158301944 -0.4522835822228124 -1.4729017303103493 -0.33308220493793489 0.38529668530682104
leaf_weight=35 39 26 26 23 26 24 27 35 35 25 34 26 25 25 21 22 2231 21 156 94 22 23 46 25 56 42 34 21 25 128
leaf_count=35 39 26 26 23 26 24 27 35 35 25 34 26 25 25 21 22 2231 21 156 94 22 23 46 25 56 42 34 21 25 128
internal_value=-3.70624e-10 -0.172951 0.00337288 0.000748181 0.0118903 -0.102541 0.0925378 -0.283602 -0.146809 0.361856 0.0671534 -0.407541 -0.628853 -0.507818 0.724095 0.340647 0.00443846 0.079375 0.100938 0.030063 -0.212891 -0.34487 0.112031 0.049769 -0.105966 -0.258806 -0.484601 -0.841974 0.179237 0.243721
internal_weight=3398 65 3333 3307 2985 322 155 167 132 107 59 86 60 48 48 46 2959 728 707 551 139 117 412 366 203 147 97 55 50 163
internal_count=3398 65 3333 3307 2985 322 155 167 132 107 59 86 60 48 48 46 2959 728 707 551 139 117 412 366 203 147 97 55 50 163
is_linear=0
shrinkage=0.05


Tree=142
num_leaves=31
num_cat=0
split_feature=11 2 3 22 22 18 18 6 2 1 15 0 21 18 5 11 19 8 19 9 20 15 11 22 18 14 5 13 2 20
split_gain=765.862 5971.32 3895.83 3988.63 4980.55 5622.73 4640.51 5227.35 5603.43 4625.13 4692.46 4427.68 4340.23 3922.04 3893.94 3814.48 3791.02 3350.93 3423.62 4888.76 4742.33 3447.08 3026.23 2559.88 2356.31 2296.25 2027.15 1966 2111.03 7397.65
threshold=2.7001977983504424 87.349258434786577 3.3165347506731058 80.248254241576134 75.09923434452007 51.421811280602796 99.3842880899184 2.5000000000000004 59.104955433162381 18.66867358834606 37.872472046710172 171.30157563538438 40.275952763099035 62.917326980061937 9.5000000000000018 2.6209374700945558 24.738452455586437 0.78656609248549325 16.129719142816533 0.91597561503675351 85.423779868827481 84.876019592788097 4.467524118477237 84.734105503033831 95.187065051550221 84.876019592788097 15.500000000000002 11.238442564756813 87.349258434786577 81.394824491956271
decision_type=2 2 2 2 2 2 2 2 2 2 2 2 2 2 2 2 2 2 2 2 2 2 2 2 2 2 2 2 2 2
left_child=15 2 -2 4 9 -6 7 8 -7 -4 -11 25 16 14 -5 27 -12 18 -15 20 23 -22 -14 -20 -23 -9 -18 -1 -29 -30
right_child=1 -3 3 13 5 6 -8 11 -10 10 12 -13 22 17 -16 -17 26 -19 19 -21 21 24 -24 -25 -26 -27 -28 28 29 -31
leaf_value=0.50042476177215578 -0.54985750064253813 0.74808943200370548 0.57143391614610495 -0.087804555892944336 -0.95274280428886415 -0.0063925918304558963 -0.77181050181388855 0.87149066620252358 -0.98786823142033353 0.30853253689679239 -0.45214812324515413 -0.26305235996842385 -1.0464592294259505 0.47680035613787669 0.77813269270432972 0.61518606841564183 0.61557492095491162 0.44880949689282312 -0.31231680145221102 0.49240503087639809 0.47927923131248229 0.02302034190206817 -0.25646130674415163 -1.0013033314393116 -0.636243049994759 0.15697642904908762 -0.072709276676177978 0.012621913073053001 -0.56226235372515831 0.22957654661602445
leaf_weight=20 40 23 33 20 30 33 30 22 26 55 28 32 22 24 37 26 23 36 28 24 23 33 27 26 23 23 20 2492 65 54
leaf_count=20 40 23 33 20 30 33 30 22 26 55 28 32 22 24 37 26 23 36 28 24 23 33 27 26 23 23 20 2492 65 54
internal_value=8.28995e-10 -0.044949 -0.0703528 -0.0420634 -0.141937 -0.322789 -0.208941 -0.0847791 -0.438907 0.0284805 -0.073905 0.186566 -0.249189 0.105196 0.474295 0.0125356 0.000618172 0.0082434 -0.079383 -0.164405 -0.282927 -0.0360822 -0.611154 -0.644051 -0.247749 0.506295 0.295443 0.00658015 0.00279735 -0.20294
internal_weight=3398 741 718 678 404 196 166 136 59 208 175 77 120 274 57 2657 71 217 181 157 133 79 49 54 56 45 43 2631 2611 119
internal_count=3398 741 718 678 404 196 166 136 59 208 175 77 120 274 57 2657 71 217 181 157 133 79 49 54 56 45 43 2631 2611 119
is_linear=0
shrinkage=0.05


Tree=143
num_leaves=31
num_cat=0
split_feature=23 21 23 23 5 2 9 19 12 3 5 10 22 11 4 17 1 2 3 19 16 16 23 12 3 2 16 23 11 23
split_gain=772.211 3164.35 3111.87 8925.09 8223.66 4320.02 5614.72 5567.08 4537.72 3999.61 3133.94 6569.96 4791.55 4590.64 9572.01 4565.96 4457.66 4470.31 3653.99 3202.75 2975.12 3251.02 3649 2918.42 2717.09 4198.18 5376.98 2707.36 5278.85 4910.12
threshold=39.376908094438669 17.622502713124689 39.813515312856104 39.979348296686901 4.5000000000000009 57.529068082457165 -0.60355339059327384 37.16007554476294 87.642856753914046 4.5309804710011585 19.500000000000004 -0.066561036299157564 84.278223586983572 -1.597617615312918 258.15869769534186 59.589384129811485 21.871753277394273 69.135849733293171 3.4231825861831449 34.513520951257249 146.14097779451313 140.7376399029155 39.307139382216739 110.71521489403855 7.5756087995413059 62.992999326669811 72.613312348722147 40.251615493637139 -0.85977807164910602 40.577520766628346
decision_type=2 2 2 2 2 2 2 2 2 2 2 2 2 2 2 2 2 2 2 2 2 2 2 2 2 2 2 2 2 2
left_child=20 -2 4 9 -3 7 -7 -6 -8 -4 27 12 16 15 19 -13 -12 18 -18 -15 21 22 24 -21 -1 26 -26 28 -5 -29
right_child=1 2 3 10 5 6 8 -9 -10 -11 11 13 -14 14 -16 -17 17 -19 -20 23 -22 -23 -24 -25 25 -27 -28 29 -30 -31
leaf_value=-0.002305699593682862 -0.58821546243769784 -0.44624404327736961 -0.21447348904609684 0.78864649034315537 1.1102290647725264 0.74920813985492885 -0.66020075243711474 0.23686923577978805 0.35023808985948568 -1.1181261134644351 1.0558018364219202 -1.0143629874501909 -0.10845645447572072 0.30207056395709514 0.88672800845113287 0.041246486883610489 0.18644769847393039 -0.23654153687613355 1.1422178059816361 -0.88137959979829328 -0.59026903302773182 0.45219215982490124 -0.62763574218750007 -0.037440573722124101 -0.059250389498013714 0.19170221090316775 -1.0761257682855312 -0.3620658341526371 -0.063203892179510821 0.0082966805477610508
leaf_weight=1401 21 36 25 31 36 23 25 37 20 24 36 21 30 20 29 20 20 21 20 21 23 36 25 20 26 28 26 97 44 1156
leaf_count=1401 21 36 25 31 36 23 25 37 20 24 36 21 30 20 29 20 20 21 20 21 23 36 25 20 26 28 26 97 44 1156
internal_value=4.83715e-10 0.0220243 0.0290966 0.00753758 0.228244 0.400453 0.113699 0.667567 -0.211117 -0.657079 0.0280711 0.187532 0.443788 -0.0609004 0.138875 -0.499432 0.614586 0.354196 0.664333 -0.216662 -0.0257959 -0.0173764 -0.0286011 -0.469702 -0.0184891 -0.301901 -0.567688 -0.0029084 0.288894 -0.0203746
internal_weight=3398 1833 1812 1635 177 141 68 73 45 49 1586 258 127 131 90 41 97 61 40 61 1565 1542 1506 41 1481 80 52 1328 75 1253
internal_count=3398 1833 1812 1635 177 141 68 73 45 49 1586 258 127 131 90 41 97 61 40 61 1565 1542 1506 41 1481 80 52 1328 75 1253
is_linear=0
shrinkage=0.05


Tree=144
num_leaves=31
num_cat=0
split_feature=23 23 13 15 13 17 2 0 2 6 4 19 16 14 23 20 22 11 21 15 23 12 4 10 12 23 9 14 0 10
split_gain=778.727 3263 2582.8 3340.94 2774.47 3417.5 2120.01 2108.32 2197.92 1608.07 5330.58 4110.92 3965.71 3432.7 3055.84 3629.27 3616.1 3033.71 3087.06 3006.63 2558.62 2546.63 7170.97 4992.6 4988.48 3437.1 3393.44 5678.48 3287.88 4374
threshold=45.814108510011316 45.514448701989615 142.0295877546524 20.356947506387623 82.571425848834068 94.463860024374597 57.76149430576519 183.71385648156334 70.126118231200522 1.0000000180025095e-35 305.86376366124574 50.378948701808504 102.09024329741213 46.816400781785156 41.488599610091718 85.813100223214775 76.947089517057464 -3.2654577953908137 45.907923255723667 78.425681467293785 39.739716847599446 19.055015499581817 123.51500319175778 -2.2272597266577883 20.897841839220526 37.1502587676598 -0.37940952255126015 74.171152317141278 230.41746707466069 2.3971686791822511
decision_type=2 2 2 2 2 2 2 2 2 2 2 2 2 2 2 2 2 2 2 2 2 2 2 2 2 2 2 2 2 2
left_child=1 9 3 -2 7 6 -6 8 -5 10 11 14 -12 -13 17 16 -16 -1 20 -15 -19 22 23 -11 -23 -24 -27 -28 -26 -30
right_child=2 -3 -4 4 5 -7 -8 -9 -10 21 12 13 -14 19 15 -17 -18 18 -20 -21 -22 24 25 -25 28 26 27 -29 29 -31
leaf_value=-0.54418599605560303 -0.54063654569062325 -0.46046066421728871 0.63528158187866213 0.37732182944693221 -0.75396850187154052 0.30698058821004015 -0.043501113851865135 0.74856047687076388 -0.26202062100172041 0.2588553280702659 0.78537611309872124 0.1545861750841141 -0.028024170450542285 -0.97648311456044523 0.51501743949594958 0.72115404519277648 -0.40226522304795004 0.080948020808795498 0.63593778383164179 -0.14641062527894974 -0.38330591941873232 -0.60408114569412696 -0.58753064175446823 1.22008117870851 -0.036097307192785942 0.44696830667947468 0.36911645760902995 -0.64849477369209818 0.33307901968071446 -0.17591951687316426
leaf_weight=23 22 39 20 41 21 29 21 21 20 35 43 23 23 24 21 37 22 169 21 20 36 37 24 22 2293 38 26 29 137 61
leaf_count=23 22 39 20 41 21 29 21 21 20 35 43 23 23 24 21 37 22 169 21 20 36 37 24 22 2293 38 26 29 137 61
internal_value=-1.04404e-10 -0.00590595 0.097009 0.0354921 0.118334 -0.110485 -0.398735 0.316458 0.167701 -0.000303031 0.0859007 0.0165645 0.501918 -0.340423 0.089264 0.358103 0.04571 0.00289003 0.0585659 -0.599177 -0.0005795 -0.0150425 0.16998 0.629855 -0.0277774 -0.0540621 0.0836073 -0.167442 -0.0192173 0.176266
internal_weight=3398 3203 195 175 153 71 42 82 61 3164 462 396 66 67 329 80 43 249 226 44 205 2702 174 57 2528 117 93 55 2491 198
internal_count=3398 3203 195 175 153 71 42 82 61 3164 462 396 66 67 329 80 43 249 226 44 205 2702 174 57 2528 117 93 55 2491 198
is_linear=0
shrinkage=0.05


Tree=145
num_leaves=31
num_cat=0
split_feature=16 14 14 2 16 10 0 20 22 21 20 1 13 20 11 18 18 23 0 2 22 15 5 13 15 10 22 18 11 17
split_gain=752.875 3987.22 3040.02 4470.94 1774.98 1590.3 1103.31 3281.66 7321.71 6069.35 3467.64 3926.11 4719.88 3184.85 3873.87 4232.93 3693.87 3599.65 3566.79 6465.17 3895.71 3570.23 4992.43 4275.97 3334.74 3125.21 2908.79 4262.81 4271.61 4916
threshold=15.004261114134408 107.15340763226307 72.119089428298267 61.441275449542502 16.010665463804607 7.183079745877003 81.39391406627098 60.79691229251079 74.629829165909015 29.952938950661505 62.360182012260118 32.464974305549369 86.187721792127917 68.694065608889247 3.6213009350380179 94.819280518469569 67.009737105531357 38.060003377471233 65.438313228012831 66.459796174065886 83.908337150386998 117.53389507876106 13.500000000000002 121.51984988685994 32.838749226433642 0.76788305688432079 86.019581198893988 57.441431512711205 -1.3690618705890218 50.002074900397268
decision_type=2 2 2 2 2 2 2 2 2 2 2 2 2 2 2 2 2 2 2 2 2 2 2 2 2 2 2 2 2 2
left_child=1 2 3 -1 -2 6 7 8 9 -6 -9 13 -13 24 16 25 17 -15 21 20 -20 22 23 -18 -12 -16 -8 -28 -29 -30
right_child=4 -3 -4 -5 5 -7 26 10 -10 -11 11 12 -14 14 15 -17 18 -19 19 -21 -22 -23 -24 -25 -26 -27 27 28 29 -31
leaf_value=-0.48192032610668856 0.40100774211542944 0.36213512569665912 -0.6993534288927914 0.35553087323904037 -0.099521087496368982 -0.42246621894565495 -0.0043981914239476583 -0.64177287640394987 -0.30103437531253568 0.83754275714357707 -0.22712786604057658 -0.70307197059903837 0.028913489282131194 -0.99661693081259739 1.0354061762491862 -0.15921989205526188 0.30667856024070222 -0.23353314932764457 0.29559891463779825 -0.82511477454288584 -0.52916654084216475 0.33935498903064354 -0.42985798905766198 -0.32797913865039224 0.50722365042624573 0.1727946881737028 0.72481291047457996 0.3363857320590517 -0.46272565960884099 0.086055115335159471
leaf_weight=34 28 32 30 30 27 22 1956 27 46 48 22 49 40 20 21 32 88 68 41 37 22 76 63 38 52 21 29 127 50 222
leaf_count=34 28 32 30 30 27 22 1956 27 46 48 22 49 40 20 21 32 88 68 41 37 22 76 63 38 52 21 29 127 50 222
internal_value=-4.99072e-10 -0.119934 -0.284042 -0.0893651 0.00461847 0.00119711 0.00408991 -0.0452601 0.195598 0.5002 -0.0859071 -0.0641558 -0.37409 -0.0182588 -0.0613896 0.274016 -0.11618 -0.406961 -0.0460738 -0.300514 0.00758558 0.0499413 -0.0664368 0.115274 0.288903 0.6041 0.0214369 0.139506 0.0969648 -0.0148237
internal_weight=3398 126 94 64 3272 3244 3222 838 121 75 717 690 89 601 527 74 453 88 365 100 63 265 189 126 74 42 2384 428 399 272
internal_count=3398 126 94 64 3272 3244 3222 838 121 75 717 690 89 601 527 74 453 88 365 100 63 265 189 126 74 42 2384 428 399 272
is_linear=0
shrinkage=0.05


Tree=146
num_leaves=31
num_cat=0
split_feature=1 1 0 21 0 3 19 20 19 11 5 19 15 11 16 21 16 11 12 5 9 19 19 0 19 15 0 10 9 4
split_gain=776.023 4221.37 3505.44 4208.3 5794.36 4952.31 4274.47 4016.63 3499.87 4508.28 2746.74 5776.17 4306.79 4092.17 1502.18 3844.73 4005.13 6071.88 4906.91 4545.18 3959.21 5702.05 3936.97 4153.85 5450.42 6171.36 4833.7 5935.09 4155.67 4133.51
threshold=32.895248511743709 32.667821894083275 83.291238011679596 34.851538704449212 185.3476620765546 7.1696404304322572 24.925948679422515 95.422472973284343 39.584077777623541 -0.12569585727224847 5.5000000000000009 45.621745688274949 110.56795188439027 0.062506358567680789 58.766802542413778 45.810270362388195 54.33839173000036 -0.93358934473315269 50.69206862324716 21.500000000000004 -0.70710678118654757 34.645073427001385 19.688346454347293 101.95815567020342 50.14007728935578 97.465157920079818 213.28818797005383 0.69639694452878509 -0.70710678118654757 190.46794046058471
decision_type=2 2 2 2 2 2 2 2 2 2 2 2 2 2 2 2 2 2 2 2 2 2 2 2 2 2 2 2 2 2
left_child=1 14 8 4 6 7 -4 10 9 -2 11 -5 13 -12 15 16 17 20 -18 22 21 -1 -19 29 25 26 27 -25 -27 -24
right_child=2 -3 3 5 -6 -7 -8 -9 -10 -11 12 -13 -14 -15 -16 -17 18 19 -20 -21 -22 -23 23 24 -26 28 -28 -29 -30 -31
leaf_value=1.0617959108083479 -0.35953117838272686 -0.52511524471143889 0.59816517022348215 0.73348749577999117 -0.61349006742238998 -0.44435035765171049 -0.23904562279582026 -0.23786757371642372 -0.56014703359359352 0.62545044081551693 1.2397377967834473 -0.38708774214205532 0.084387404739856731 0.46398630501592858 0.024662455502796429 -0.21728043535836186 -0.98568113985515782 -0.43336893225772477 -0.099532660890798097 0.46267945669792798 0.12578167114682093 0.10279339590380271 0.024523005783557893 1.0779310738168113 -0.38940400504507128 0.42663247961065043 -0.095083135366439822 0.17708464535799895 -0.38052014943498835 -0.57800155150688304
leaf_weight=31 26 39 31 23 36 20 30 22 39 21 34 23 25 34 1935 258 21 79 61 37 203 31 55 41 48 23 28 33 52 59
leaf_count=31 26 39 31 23 36 20 30 22 39 21 34 23 25 34 1935 258 21 79 61 37 203 31 55 41 48 23 28 33 52 59
internal_value=-2.28171e-10 -0.00827634 0.0689847 0.155286 -0.110452 0.297698 0.186422 0.389878 -0.209989 0.080567 0.489234 0.1732 0.645552 0.851862 -0.00154622 -0.0493894 0.00462041 0.0423283 -0.326473 -0.0684826 0.232588 0.582295 -0.115499 -0.0414235 0.0831589 0.211312 0.464477 0.676202 -0.132993 -0.28731
internal_weight=3398 3034 364 278 97 181 61 161 86 47 139 46 93 68 2995 1060 802 720 82 455 265 62 418 339 225 177 102 74 75 114
internal_count=3398 3034 364 278 97 181 61 161 86 47 139 46 93 68 2995 1060 802 720 82 455 265 62 418 339 225 177 102 74 75 114
is_linear=0
shrinkage=0.05


Tree=147
num_leaves=31
num_cat=0
split_feature=19 15 23 18 4 6 8 12 15 10 12 23 0 10 4 8 14 23 23 23 18 22 21 21 20 22 18 10 19 21
split_gain=831.199 4125.48 5446.61 4235.43 8009.56 4913.16 4970.66 4684.06 4098.65 3795.08 3769.39 4655.52 4565.5 4542.64 4949.09 4794.78 4335.19 3623.93 4697.5 5566.33 6551.28 6036.77 5055.05 4451.81 4343.76 4247.93 4628.04 4203.44 6500.8 4015.99
threshold=44.274933116388105 26.750944883744555 39.520942154826265 102.9026378701344 255.66025395740022 3.5000000000000004 -0.60355339059327362 16.640440502546795 64.22262581307676 -2.7361614956070524 55.606226003481886 41.900241390578358 144.9866542025442 -2.4631750622392619 204.57174582309531 0.78656609248549325 59.105344629743854 36.931727232633968 37.913232420209333 40.02015987156171 97.24582156353442 69.611330608667615 45.331912962639734 36.740317275151334 80.742540452954771 75.257365249877026 78.595803494153742 2.6988309674574249 49.921259569010871 42.391165867145965
decision_type=2 2 2 2 2 2 2 2 2 2 2 2 2 2 2 2 2 2 2 2 2 2 2 2 2 2 2 2 2 2
left_child=-1 2 -2 5 -5 17 8 -8 -7 -10 11 12 -9 -12 16 -16 -15 23 29 22 21 -21 -20 -3 27 -26 -27 28 -23 -19
right_child=1 3 -4 4 -6 6 7 10 9 -11 13 -13 -14 14 15 -17 -18 18 19 20 -22 24 -24 -25 25 26 -28 -29 -30 -31
leaf_value=-0.017316663005519987 -0.74747409646709762 0.22684213320414226 -0.036492782643186714 -0.75877399979493565 0.45240425609406976 0.53343122834744661 -0.28119218916528754 0.49368781756471708 0.37920068025588993 -0.41135835183991332 -0.27476773069750882 0.20639107064767317 1.4049320203917368 0.37656894008318587 -0.098550345186601607 0.74391854964196691 1.288973020988962 0.038823882652365645 0.011258092351139538 0.75475348896450467 0.9597237521693821 0.72132485784017131 -0.64163448704140524 -0.67216633489937527 -0.8193883650211824 -0.70342692976648158 0.15464014684612104 0.71894582166121568 -0.16896940105661906 0.95431317806243898
leaf_weight=2280 36 21 107 39 21 23 27 27 20 63 31 33 28 30 57 24 23 23 63 27 21 26 56 40 27 22 55 26 97 25
leaf_count=2280 36 21 107 39 21 23 27 27 20 63 31 33 28 30 57 24 23 23 63 27 21 26 56 40 27 22 55 26 97 25
internal_value=-9.26019e-10 0.0353148 -0.215481 0.0720982 -0.334862 0.0987841 0.23442 0.344817 -0.0571948 -0.220862 0.411624 0.675893 0.957594 0.270681 0.396867 0.15107 0.772518 -0.000186357 0.0470607 -0.00649141 0.10796 0.0440774 -0.295985 -0.362672 -0.0317655 -0.279747 -0.0905219 0.141322 0.0192229 0.515641
internal_weight=3398 1118 143 975 60 915 386 280 106 83 253 88 55 165 134 81 53 529 468 420 301 280 119 61 253 104 77 149 123 48
internal_count=3398 1118 143 975 60 915 386 280 106 83 253 88 55 165 134 81 53 529 468 420 301 280 119 61 253 104 77 149 123 48
is_linear=0
shrinkage=0.05


Tree=148
num_leaves=31
num_cat=0
split_feature=19 21 14 1 10 15 23 6 15 8 3 23 13 19 1 11 12 10 2 3 15 20 8 18 0 1 17 11 10 19
split_gain=750.157 3805.06 5513.16 4003.33 3814.72 3610.5 5329.66 4588.15 5968.01 5936.35 5280.89 5975.03 5103.56 7547.54 4750.06 4478.78 4416.39 3580.65 3279.42 5180.98 4155.32 3190.43 4667.72 4445.29 6430.96 5167.09 5191.98 4106.9 3187.98 3184.64
threshold=44.274933116388105 37.223530361662135 57.437943800941682 26.636996680425845 0.26926576621136356 28.487106036837627 39.520942154826265 3.5000000000000004 38.312788750483946 -0.60355339059327362 6.7173865014569536 39.58922085018046 138.92311713535875 60.550408661308232 21.130684101834582 2.2400606082936645 107.19886364871853 -4.2683641475117771 62.198217112173062 6.9455271228810682 77.031024714219569 60.353904951540891 -0.78656609248549303 78.394919443369076 156.06901092870589 21.954328227364538 80.510847114741765 -0.66616694150054823 1.659313404469102 41.353912676005713
decision_type=2 2 2 2 2 2 2 2 2 2 2 2 2 2 2 2 2 2 2 2 2 2 2 2 2 2 2 2 2 2
left_child=29 2 -2 4 -4 6 -3 10 -9 14 12 -12 21 -14 -10 16 -8 -13 -11 20 -20 -7 27 24 -24 26 -25 -23 -16 -1
right_child=1 5 3 -5 -6 7 15 8 9 18 11 17 13 -15 28 -17 -18 -19 19 -21 -22 22 23 25 -26 -27 -28 -29 -30 -31
leaf_value=0.0029089734767893381 0.69337158436868718 -0.71998315438628202 0.1703977792159371 0.45857354940906653 -0.75054485039277519 0.529685941480455 -0.53023530339099922 0.86301930402887272 -0.87487179582769226 0.089622602810802532 -0.26932558801866352 0.14483099938929081 -1.1394666038068204 0.046030448794364937 0.24302004830139443 0.51335817625125246 0.21802992581418068 0.94345734193921094 0.056141787598078897 -0.25849577248096467 0.86317630615727658 0.72592760933829215 -0.1122833317202149 0.94039670837962108 -0.86839644435260976 -0.25626403836600753 -0.065550450004380326 -0.067766362275832742 -0.48256213888525967 -0.19682111748203435
leaf_weight=2059 51 40 23 31 22 21 49 29 22 146 31 25 29 25 41 27 33 32 22 20 58 28 66 23 49 83 29 39 24 221
leaf_count=2059 51 40 23 31 22 21 49 29 22 146 31 25 29 25 41 27 33 32 22 20 58 28 66 23 49 83 29 39 24 221
internal_value=5.43171e-10 0.0335491 0.29122 0.0213545 -0.279841 0.000527749 -0.226344 0.0406748 0.175075 0.115164 -0.0606851 0.289345 -0.139263 -0.590625 -0.239826 -0.0451915 -0.229104 0.593183 0.240709 0.461294 0.641242 -0.067152 -0.10669 -0.206016 -0.434453 -0.0114204 0.379388 0.263927 -0.0248872 -0.0164508
internal_weight=3398 1118 127 76 45 991 149 842 362 333 480 88 392 54 87 109 82 57 246 100 80 338 317 250 115 135 52 67 65 2280
internal_count=3398 1118 127 76 45 991 149 842 362 333 480 88 392 54 87 109 82 57 246 100 80 338 317 250 115 135 52 67 65 2280
is_linear=0
shrinkage=0.05


Tree=149
num_leaves=31
num_cat=0
split_feature=23 23 13 21 21 15 23 17 21 6 4 18 16 2 23 16 13 1 13 11 0 2 21 20 0 12 4 10 12 2
split_gain=695.142 2980.35 2341.75 2962.6 3485.08 3306.65 2671.78 2320.74 1766.96 1524.88 4502.51 3555.41 3541.92 3540.58 3822.21 4292.1 3784.01 3459.2 3412.16 3838.83 5209.52 5088.84 2936.14 3371.97 2493.66 2309.71 6269.07 4486.09 4356.7 3117.6
threshold=45.814108510011316 45.514448701989615 142.0295877546524 42.099205352499446 47.443781340813068 137.68902984358752 47.643839834163536 67.9657107676246 50.110210907162575 1.0000000180025095e-35 305.86376366124574 116.41546470951245 102.09024329741213 75.423133039024108 43.898420147616299 22.655478432312563 97.892584601291404 29.086646693052828 45.985246572584948 -0.059446140103106108 189.5571684692575 51.132980208644177 34.622139640065761 83.321905360082738 123.26880990382914 19.055015499581817 123.51500319175778 -2.2272597266577883 20.897841839220526 77.422070341875724
decision_type=2 2 2 2 2 2 2 2 2 2 2 2 2 2 2 2 2 2 2 2 2 2 2 2 2 2 2 2 2 2
left_child=1 9 3 7 -5 6 8 -2 -6 10 11 13 -12 14 15 -1 17 -15 -17 20 21 -20 -21 24 -24 26 27 -11 -27 -28
right_child=2 -3 -4 4 5 -7 -8 -9 -10 25 12 -13 -14 16 -16 18 -18 -19 19 22 -22 -23 23 -25 -26 28 29 -29 -30 -31
leaf_value=-0.65207349278710103 0.78583710074424751 -0.44000117029899211 0.60419406950473786 -0.48959956784781655 0.13238275622328122 -0.47334877025513422 -0.21945756755091927 0.056566536426544189 0.72732676353592141 0.23993470939142367 0.73394515275262129 0.5631360273276057 -0.034765609062236288 -0.37680552141406598 0.73335482269525532 -0.28361952237638771 -0.7883165645102661 0.37662916278839109 0.63197461048076897 0.73384318367854973 -0.71954705818839704 -0.33135532553379354 -0.41783725308875247 0.67609733796637994 0.31913416304371578 -0.56528144688219639 -0.1650490893838332 1.151097548007965 -0.018706808114982917 0.52055299758911133
leaf_weight=22 20 39 20 38 24 21 22 24 26 35 43 28 23 39 20 51 27 25 29 37 23 26 24 23 22 37 97 22 2491 20
leaf_count=22 20 39 20 38 24 21 22 24 26 35 43 28 23 39 20 51 27 25 29 37 23 26 24 23 22 37 97 22 2491 20
internal_value=-6.50473e-10 -0.00558 0.091655 0.0330791 -0.0861488 0.0787021 0.239717 0.388053 0.441754 -0.000225248 0.0837191 0.0199954 0.466061 -0.0213305 0.0675618 0.0157491 -0.291915 -0.0824951 0.0782687 0.178575 -0.087661 0.176582 0.374484 0.181784 -0.0653727 -0.0145784 0.161627 0.591612 -0.0267065 -0.0478522
internal_weight=3398 3203 195 175 131 93 72 44 50 3164 462 396 66 368 277 257 91 64 235 184 78 55 106 69 46 2702 174 57 2528 117
internal_count=3398 3203 195 175 131 93 72 44 50 3164 462 396 66 368 277 257 91 64 235 184 78 55 106 69 46 2702 174 57 2528 117
is_linear=0
shrinkage=0.05


Tree=150
num_leaves=31
num_cat=0
split_feature=4 11 14 23 15 11 22 16 19 14 20 14 9 18 18 19 5 5 22 0 5 6 22 16 9 22 18 13 17 16
split_gain=700.577 3803.11 5340.81 4154.71 6174.39 3904.96 3976.81 4077.45 4892.08 4611.96 5036.8 4541.44 6454.83 4371.22 4314.03 6984.16 4544.79 4194.31 4457.37 4183.48 4130.67 5554.32 4297.6 5557.3 4124.35 4783.15 5928.11 3915.78 6254 6241.54
threshold=241.72930496714898 1.2411718186077547 39.564740003145019 42.438171186669017 67.764045981914492 0.96389117423385684 94.32852799147831 97.778815466679447 11.014700350035373 125.02445943814858 93.107774169132639 131.14765144169723 -0.37940952255126015 107.13701914144038 75.274189974801615 54.568596553155565 1.5000000000000002 1.5000000000000002 69.441547689018478 97.872815841559813 6.5000000000000009 1.5000000000000002 76.737219311559571 130.63565997687115 -0.12940952255126037 83.016524932205783 58.388123524605312 60.023865804833058 97.365946565160669 54.33839173000036
decision_type=2 2 2 2 2 2 2 2 2 2 2 2 2 2 2 2 2 2 2 2 2 2 2 2 2 2 2 2 2 2
left_child=-1 5 -3 4 -4 6 7 13 -9 10 20 -11 -13 14 15 17 -16 -2 19 -19 21 -10 -22 -24 25 26 -20 -18 -29 -30
right_child=1 2 3 -5 -6 -7 -8 8 9 11 -12 12 -14 -15 16 -17 27 18 24 -21 22 -23 23 -25 -26 -27 -28 28 29 -31
leaf_value=-0.016452110864186936 0.71316042492787046 1.0598393476009369 -0.19833807349205018 -0.4376540351997722 0.8739091033565588 -0.64010775296584432 0.66871465515831252 0.61024471649101808 -0.57954952239990243 0.79190976165589833 -0.79947137221311915 -0.6901424954334896 0.39459802526980642 -0.25492223657147828 -0.3392619622605188 -0.6598159596323967 0.68520195201039324 -0.085352791003558956 -0.19976372333133924 0.81094460864861806 -0.67496063583775578 0.40092182262585718 0.17716904836312189 -0.59206183850765226 -0.36135329680471884 -0.57061146438121801 0.67927809906276793 0.0029598750479397228 0.12090224034681514 1.033236173795242
leaf_weight=2228 24 20 25 22 29 23 23 21 20 21 39 24 32 86 28 36 60 23 34 30 57 52 59 39 82 20 44 122 37 38
leaf_count=2228 24 20 25 22 29 23 23 21 20 21 39 24 32 86 28 36 60 23 34 30 57 52 59 39 82 20 44 122 37 38
internal_value=-1.2637e-09 0.0313293 0.332847 0.141533 0.377498 0.00437802 0.0184819 0.00393388 -0.13056 -0.175915 -0.274559 0.164855 -0.0702908 0.0776622 0.127147 -0.00757416 0.26565 0.0837904 0.0189626 0.421985 -0.184376 0.128569 -0.329743 -0.128953 -0.0997052 0.119225 0.296106 0.331555 0.223845 0.583151
internal_weight=3398 1170 96 76 54 1074 1051 1028 364 343 266 77 56 664 578 293 285 257 233 53 227 72 155 98 180 98 78 257 197 75
internal_count=3398 1170 96 76 54 1074 1051 1028 364 343 266 77 56 664 578 293 285 257 233 53 227 72 155 98 180 98 78 257 197 75
is_linear=0
shrinkage=0.05


Tree=151
num_leaves=31
num_cat=0
split_feature=23 11 14 1 3 3 5 20 18 12 19 2 22 16 18 1 5 19 23 20 18 18 2 2 3 23 15 19 1 15
split_gain=705.603 3169.61 3033.64 3543.6 3362.21 5512.04 4685.25 4862 3922.31 3862.74 4469.67 3611.58 3407.43 3294.42 4906.96 4387.19 4189.12 3469.46 4199.91 5417.34 5258.82 4328.26 2948.75 2726.21 3580.54 2515.01 4397.98 3995.86 4142.44 7012.31
threshold=36.931727232633968 -6.3017648622806233 138.19785340808167 34.128174980225261 2.8328007294628978 2.601612996102705 3.5000000000000004 93.835092099192863 77.13810899860384 22.834455605907564 10.30165163769272 53.408648612946287 82.111514836858987 91.732338578508106 88.012484303714203 31.260315850455921 9.5000000000000018 50.528707653125998 32.916867482940027 73.48014707816499 73.224053498209713 97.47269984536392 73.153796777477055 58.608617749736716 5.0453457710954952 38.060003377471233 90.738632539959255 56.019689322414116 19.706174358852277 64.22262581307676
decision_type=2 2 2 2 2 2 2 2 2 2 2 2 2 2 2 2 2 2 2 2 2 2 2 2 2 2 2 2 2 2
left_child=1 -1 3 4 5 6 -3 8 12 -6 -11 -10 -8 15 22 17 -16 18 -12 -20 -21 -22 23 24 -15 26 27 28 -2 -30
right_child=25 2 -4 -5 9 -7 7 -9 11 10 13 -13 -14 14 16 -17 -18 -19 19 20 21 -23 -24 -25 -26 -27 -28 -29 29 -31
leaf_value=-0.63500939390876088 0.31326513111445253 0.41119187052051231 -0.5777002505958081 0.57848808288574227 -0.53588269444612358 -0.95686001621541517 -0.56697109051120398 -0.8459216892719269 0.6658205065727234 -0.51573709206921714 -0.12980726430813472 -0.13089918823856297 0.1171738088130951 0.27845365166664127 -0.18749325225750607 -0.38514484564463297 0.74670853566910544 -0.18857598757105215 0.90714546442031863 -0.41151987399373741 0.82482111279557402 0.041896041987403751 0.23901325435865495 -0.91205108619871611 -0.61140565344920528 -0.0074198671015469238 0.35635647853107555 0.59427417993545528 0.018993359395804314 -0.72240310414977704
leaf_weight=22 51 36 24 25 26 21 52 26 25 28 30 33 28 20 21 24 28 28 56 21 41 31 21 21 26 2320 138 25 104 46
leaf_count=22 51 36 24 25 26 21 52 26 25 28 30 33 28 20 21 24 28 28 56 21 41 31 21 21 26 2320 138 25 104 46
internal_value=1.00299e-10 -0.0441754 -0.0253917 -0.00554825 -0.0282557 -0.186248 -0.105334 -0.218718 -0.100549 0.0544845 0.093246 0.212514 -0.32752 0.139582 -0.0546773 0.254792 0.346336 0.328987 0.409947 0.518622 0.284672 0.487728 -0.277969 -0.440008 -0.22451 0.0117516 0.133943 -0.00186662 -0.0760135 -0.208368
internal_weight=3398 714 692 668 643 221 200 164 138 422 396 58 80 368 137 231 49 207 179 149 93 72 88 67 46 2684 364 226 201 150
internal_count=3398 714 692 668 643 221 200 164 138 422 396 58 80 368 137 231 49 207 179 149 93 72 88 67 46 2684 364 226 201 150
is_linear=0
shrinkage=0.05


Tree=152
num_leaves=31
num_cat=0
split_feature=23 18 23 1 17 22 22 23 14 3 20 10 22 17 18 22 16 3 21 20 5 15 2 16 12 12 23 15 21 23
split_gain=689.995 1232.4 1004.05 2960.32 2913.64 3564.7 2995.79 5156.52 5024.79 5209.71 4148.15 4825 4744.9 6381.04 5257.99 4141.76 3775.33 3679.79 3062.3 3008.19 4165.78 4182.42 3113.42 3909.53 2625.28 2408.13 2269.79 3969.18 3726.97 3376.76
threshold=31.345376272086877 84.202548926411296 36.931727232633968 34.452304778204827 138.89494433857678 90.961057273279224 79.365173526287009 36.481662974930373 61.298969853793231 2.9762867845145484 78.386522996293209 -0.83363154999601197 82.111514836858987 67.095610888318291 75.475953203519751 84.143650986307634 74.408245268127828 3.7059520094534153 40.707787485931313 87.036329624767461 6.5000000000000009 80.19703493229521 45.369562000646077 70.194501358482299 65.292578333378543 52.682150242125594 38.060003377471233 90.738632539959255 44.436090419358244 37.892482257350373
decision_type=2 2 2 2 2 2 2 2 2 2 2 2 2 2 2 2 2 2 2 2 2 2 2 2 2 2 2 2 2 2
left_child=1 -1 3 4 5 6 8 10 9 16 11 -8 -12 -14 -15 -9 -2 -16 25 20 -10 22 -22 -24 -13 -11 27 28 -4 -29
right_child=2 -3 26 -5 -6 -7 7 15 19 18 12 24 13 14 17 -17 -18 -19 -20 -21 21 -23 23 -25 -26 -27 -28 29 -30 -31
leaf_value=0.47224947544080875 -0.87328801393508915 -0.069441924066770647 -0.093059786234764352 0.54201124787330623 -0.57453054019383021 -0.57584702641733232 -0.065573064506053921 0.0018070224672555924 0.17566568329930307 0.12158069495231874 0.6529065813731264 1.1934935212135316 -0.60294792659580709 -0.54840014690444583 -0.034403896704316143 -0.9018750837871008 0.056862898046771686 0.67309812404215341 -0.19803606023391088 -0.8978371942043305 0.26849249576528872 -0.86878958344459534 0.076821661219000817 -0.86971587265531225 0.45768927749660282 0.70556780565075761 -0.0070488728770227499 0.21937101631026185 0.44985461078192063 0.85187619855770702
leaf_weight=21 20 21 188 20 28 31 25 32 42 31 27 22 40 21 34 21 24 40 24 20 24 34 20 24 27 41 2320 112 38 26
leaf_count=21 20 21 188 20 28 31 25 32 42 31 27 22 40 21 34 21 24 40 24 20 24 34 20 24 27 41 2320 112 38 26
internal_value=5.27473e-10 0.201404 -0.00252055 -0.0571773 -0.0755573 -0.0531675 -0.0258436 0.0894185 -0.135418 0.0845955 0.189506 0.499664 0.0478293 -0.0731861 0.149871 -0.356256 -0.365933 0.34803 0.291088 -0.323235 -0.243429 -0.415998 -0.189602 -0.439472 0.78805 0.454129 0.011164 0.127246 -0.00177329 0.338539
internal_weight=3398 42 3356 672 652 624 593 289 304 140 236 74 162 135 95 53 44 74 96 164 144 102 68 44 49 72 2684 364 226 138
internal_count=3398 42 3356 672 652 624 593 289 304 140 236 74 162 135 95 53 44 74 96 164 144 102 68 44 49 72 2684 364 226 138
is_linear=0
shrinkage=0.05


Tree=153
num_leaves=31
num_cat=0
split_feature=16 14 14 2 16 12 0 23 21 23 22 11 1 1 11 23 10 3 16 13 19 0 12 4 20 2 9 12 0 10
split_gain=701.817 3622.36 2585.43 3950.59 1568.59 4309.82 5571.88 3673.83 2898.67 2791.33 4531.16 3962.01 5739.34 4236.88 3447.78 3011.12 2563.14 2303.03 2291.07 4090.97 3651.73 3605.21 2577.17 3824.55 5094.47 5326.86 3143.24 2962.81 2850.43 5936.16
threshold=15.004261114134408 107.15340763226307 72.119089428298267 61.441275449542502 29.772025261057077 103.9546452428179 68.920722217008517 44.385134951492184 42.651302301572393 41.651233431982867 76.844883429581913 -0.7551135145405915 30.945910599633084 22.34004094015744 1.9254893526315786 38.088158002354376 0.81097455550764597 4.4004495059317223 35.177546672818195 77.184148151192389 44.52718761079533 99.618550592697105 19.055015499581817 123.51500319175778 61.723618083186182 57.76149430576519 0.25881904510252057 20.897841839220526 218.94200893551314 2.5288426113673013
decision_type=2 2 2 2 2 2 2 2 2 2 2 2 2 2 2 2 2 2 2 2 2 2 2 2 2 2 2 2 2 2
left_child=1 2 3 -1 5 7 -7 9 16 11 -11 13 14 -2 15 -13 -8 -15 19 21 -21 -6 23 26 -25 -26 -20 -24 -29 -30
right_child=4 -3 -4 -5 18 6 8 -9 -10 10 -12 12 -14 17 -16 -17 -18 -19 22 20 -22 -23 27 24 25 -27 -28 28 29 -31
leaf_value=-0.46168770027511263 -0.33237933516502383 0.34368740804493431 -0.655218194325765 0.32552321155865993 -0.38373731517791754 -0.3830637477693104 1.0297972260099468 -0.46667050585934994 0.18595210627123054 0.7917957548300425 -0.063536205235868698 0.11222955226898193 -0.91880707244078319 0.20778820979595186 0.37192452227877038 -0.74500827537406067 0.3422072423662505 0.92763699173927316 0.201298621822806 -0.78884642723947762 -0.018517718732357025 0.3978521991107199 -0.47502915683914637 0.55596678112492415 0.29008897108000681 -0.49169736088446858 0.93984140315651887 -0.025970064054213766 0.24425356971972645 -0.24783162653446197
leaf_weight=34 21 32 30 30 25 21 33 38 39 30 32 20 24 25 31 21 23 20 34 40 25 36 34 33 37 53 25 2210 262 80
leaf_count=34 21 32 30 30 25 21 33 38 39 30 32 20 24 25 31 21 23 20 34 40 25 36 34 33 37 53 25 2210 262 80
internal_value=-5.49452e-10 -0.115796 -0.272215 -0.0926826 0.00445912 0.100249 0.353982 -0.01209 0.516907 0.0650263 0.350334 -0.0441655 -0.249191 0.254053 -0.025985 -0.326843 0.747394 0.527721 -0.00805254 -0.216568 -0.492566 0.0775286 0.00143912 0.183299 0.0245548 -0.170296 0.51424 -0.01136 -0.00518258 0.129146
internal_weight=3398 126 94 64 3272 378 116 262 95 224 62 162 96 66 72 41 56 45 2894 126 65 61 2768 182 123 90 59 2586 2552 342
internal_count=3398 126 94 64 3272 378 116 262 95 224 62 162 96 66 72 41 56 45 2894 126 65 61 2768 182 123 90 59 2586 2552 342
is_linear=0
shrinkage=0.05


Tree=154
num_leaves=31
num_cat=0
split_feature=20 8 21 0 23 22 13 20 4 19 17 0 16 13 14 18 23 21 0 16 23 10 0 4 4 23 3 23 5 10
split_gain=698.395 2760.46 3589.7 4233.64 3443.15 3139.45 1410.49 5572.6 7656.02 3871.35 3535.53 4259 3533.72 3443.25 3876.64 3793.25 4493.78 4107.09 3210.34 2855.46 2277.82 2019.29 3777.21 1890.06 3578.88 3245.56 3361.01 3121.07 4053.81 5267.25
threshold=51.683498445510985 -0.91597561503675329 27.170866080622186 65.438313228012831 38.592037513304867 71.47698297264175 29.33400198750244 69.106518763912419 279.84693400717106 29.796385695978202 106.65706486221337 200.45842710040577 120.04435264552585 12.9265694426068 134.92383941755062 79.990510217228305 40.424464421728096 45.426731569059022 109.37922043597477 71.60845260950795 37.220137319112759 6.8921187337173873 115.44772913027494 15.7222326145798 26.977660370441267 39.616336989849778 4.4772930711036922 35.938227579851407 7.5000000000000009 -0.38795597896271528
decision_type=2 2 2 2 2 2 2 2 2 2 2 2 2 2 2 2 2 2 2 2 2 2 2 2 2 2 2 2 2 2
left_child=1 -1 4 -4 -3 -5 7 8 10 -9 11 18 13 -11 15 16 17 20 -2 -18 -15 23 -23 27 25 26 -25 -8 -29 -30
right_child=6 2 3 5 -6 -7 21 9 -10 12 -12 -13 -14 14 -16 -17 19 -19 -20 -21 -22 22 -24 24 -26 -27 -28 28 29 -31
leaf_value=-0.52546709458674157 -0.17750022719438013 -0.11568528127670288 0.42436326757073406 -0.72632314137050091 0.68502527434250404 -0.016003210629735674 0.32156761894002561 -0.65967150619253523 0.96235516369342811 -0.42854038962611452 0.59215510459616783 -0.66391169428825381 -0.4267003789926187 -0.2294834840155783 -0.3935383667945862 0.82745102781515856 -0.6206395575533743 1.0148857923224568 0.47265822789989986 0.17614096863703296 0.45428050612581194 -0.78632793996645056 0.14116005635864678 0.42078382730750108 -0.0036520277321958686 0.70567844790570877 -0.42787139058113105 -0.68138499079748649 -0.47701409291476016 0.47125419312053263
leaf_weight=31 37 25 20 35 29 28 24 24 36 27 32 20 39 21 25 26 23 20 39 22 29 23 21 28 2558 34 20 43 32 27
leaf_count=31 37 25 20 35 29 28 24 24 36 27 32 20 39 21 25 26 23 20 39 22 29 23 21 28 2558 34 20 43 32 27
internal_value=-5.93776e-10 -0.0993929 -0.002982 -0.209423 0.314326 -0.410625 0.00516966 0.0906334 0.318181 -0.0551393 0.137007 -0.0147091 0.0073985 0.095118 0.180291 0.282034 0.158723 0.409324 0.156134 -0.231102 0.1671 -0.00760427 -0.343663 -0.00225843 0.0067711 0.331922 0.0671775 -0.191449 -0.312158 -0.0430608
internal_weight=3398 168 137 83 54 63 3230 420 164 256 128 96 232 193 166 141 115 70 76 45 50 2810 44 2766 2640 82 48 126 102 59
internal_count=3398 168 137 83 54 63 3230 420 164 256 128 96 232 193 166 141 115 70 76 45 50 2810 44 2766 2640 82 48 126 102 59
is_linear=0
shrinkage=0.05


Tree=155
num_leaves=31
num_cat=0
split_feature=4 21 1 9 16 21 14 9 4 14 2 14 12 2 18 9 14 18 0 2 18 23 23 23 3 5 8 13 23 21
split_gain=726.14 3845.14 3673.93 2621.48 5336.86 3733.83 3887.9 3323.86 2553.4 4486.53 3728.61 2304.02 1963.03 1739.16 1337.01 3068.24 3620.53 2454.94 2821.47 4179.02 2475.17 1852.25 5772.35 7087.67 4068.78 3725.91 4069.56 4623.34 5203.14 7264.08
threshold=334.12517467582995 26.04693257653285 31.95561821471426 -0.5 69.189736788127064 36.342697760603507 88.027123146226288 0.25881904510252057 322.19814031776963 55.192103235068068 63.995018157682559 105.36208323869768 83.298509628892447 89.108580366826331 33.131354916977891 0.60355339059327384 25.303793614545494 37.917917049936683 93.099931244243663 59.385328277313505 41.494455222506367 39.616336989849778 39.813515312856104 39.979348296686901 5.4583769759429996 16.500000000000004 -0.98296291314453399 99.848989906574033 42.884011336478046 41.862030971723208
decision_type=2 2 2 2 2 2 2 2 2 2 2 2 2 2 2 2 2 2 2 2 2 2 2 2 2 2 2 2 2 2
left_child=8 -2 3 11 7 -6 -7 -5 13 -10 12 -3 -11 14 15 16 -1 18 -16 -20 -19 -22 24 -24 -23 -25 -27 28 -28 -30
right_child=1 2 -4 4 5 6 -8 -9 9 10 -12 -13 -14 -15 17 -17 -18 20 19 -21 21 22 23 25 -26 26 27 -29 29 -31
leaf_value=-0.022046685372960978 -0.61270457903544118 0.044319456412985521 -0.50793784987181423 0.27697566579217497 1.0062904833392663 -0.10497634831596823 0.7164035343229771 -0.50602964203466072 0.838075379371643 0.67748283885774163 -0.44558763910705851 -0.58471089005470278 -0.006175705293814341 0.38421666889355105 0.76545587642626334 0.31702119886875152 -0.83460001670397244 -0.35866765817817381 0.54201976277611474 -0.45661184370517732 -0.040833848324333524 0.10681828221967143 -0.59849018394947062 -0.013183604071367603 0.91691419693731491 -0.25568631808273495 0.60082605200803885 0.017309048521692735 -0.565959927971874 0.48407973842229696
leaf_weight=29 30 37 32 23 22 34 25 33 25 21 24 24 21 29 22 20 26 49 22 20 1410 31 45 942 31 48 118 137 28 40
leaf_count=29 30 37 32 23 22 34 25 33 25 21 24 24 21 29 22 20 26 49 22 20 1410 31 45 942 31 48 118 137 28 40
internal_value=1.94514e-10 -0.0802986 -0.0108544 0.0694823 0.190881 0.450362 0.243066 -0.184438 0.00665317 0.26764 0.0515659 -0.203168 0.335654 -0.00114131 -0.00484422 -0.213314 -0.406163 0.000468454 0.306754 0.0664809 -0.00634025 -0.000239877 0.0400682 0.0185281 0.511866 0.039675 0.173887 0.237725 0.400074 0.0517105
internal_weight=3398 260 230 198 137 81 59 56 3138 91 66 61 42 3047 3018 75 55 2943 64 42 2879 2830 1420 1358 62 1313 371 323 186 68
internal_count=3398 260 230 198 137 81 59 56 3138 91 66 61 42 3047 3018 75 55 2943 64 42 2879 2830 1420 1358 62 1313 371 323 186 68
is_linear=0
shrinkage=0.05


Tree=156
num_leaves=31
num_cat=0
split_feature=12 1 0 12 4 5 10 3 21 2 20 20 22 6 3 3 1 21 15 21 14 9 4 4 5 17 21 0 17 21
split_gain=672.085 3810.3 4870.66 1557.44 1277.44 2724.46 1282.41 1273.87 1262.71 1302.08 1180.57 4780.36 4639.98 4106.73 2894.09 2718.34 3597.05 3030.43 2583.25 1517.35 6178.69 1797.7 1675.45 4290.27 5102.54 2383.89 2251.76 6719.46 7392.11 6301.75
threshold=145.06666813632307 22.278556845810765 136.94748067698251 143.91015314733696 353.96099755850804 16.500000000000004 7.183079745877003 5.2990000542916071 58.933068563743262 89.54894986458838 102.68087418520399 101.99083059141846 80.457919314637238 2.5000000000000004 2.7035313369826586 5.7485949642408007 27.341429659028297 28.482059206521605 119.39196735204904 19.449787866365877 82.165996798492728 0.60355339059327384 3.7868482779300221 13.245539054340847 9.5000000000000018 79.360796356425439 31.610883354524283 189.5571684692575 27.916973084034485 30.543269444640114
decision_type=2 2 2 2 2 2 2 2 2 2 2 2 2 2 2 2 2 2 2 2 2 2 2 2 2 2 2 2 2 2
left_child=3 -2 -3 4 6 7 8 -6 9 10 11 19 13 -12 18 17 -17 -16 -14 20 21 -1 -21 24 -24 -26 27 28 -25 -30
right_child=1 2 -4 -5 5 -7 -8 -9 -10 -11 12 -13 14 -15 15 16 -18 -19 -20 22 -22 -23 23 26 25 -27 -28 -29 29 -31
leaf_value=-0.3809854879975319 0.30910680381690758 0.10556211706363794 -0.72995467475942666 0.38940091745283167 -0.71713499982248663 0.24291813515481497 -0.35885298910240332 -0.16577955603599548 -0.37841857898802989 0.39390200552615257 0.087658330110403207 -0.68870166742801675 -0.77946879327297214 0.97634033148105337 -0.011950955925316647 -0.47679834498558193 0.35372861190275717 0.70483365376790363 0.0056791549971835185 0.34379076174327305 0.95319599963369839 0.22484444952011109 -0.7954473770953514 -0.55561020234409642 -0.33050514327792024 0.38574702853248238 0.028219259874340458 -0.40505414375857945 0.19661938094844422 -0.41343693035840989
leaf_weight=24 34 33 37 26 22 21 24 20 21 22 26 25 20 26 29 32 22 30 22 35 21 25 37 49 26 21 2216 126 276 50
leaf_count=24 34 33 37 26 22 21 24 20 21 22 26 25 20 26 29 32 22 30 22 35 21 25 37 49 26 21 2216 126 276 50
internal_value=2.87756e-10 -0.125146 -0.336068 0.00395117 0.000884553 -0.222084 0.00526739 -0.454585 0.00801461 0.0105827 0.00789529 -0.000254871 0.123297 0.531999 -0.0138163 0.117902 -0.138436 0.352516 -0.368201 0.00566776 0.235637 -0.0718886 -8.48446e-06 -0.00430444 -0.356238 -0.0104776 0.0065761 -0.0891549 0.0169872 0.103052
internal_weight=3398 104 70 3294 3268 63 3205 42 3181 3160 3138 2931 207 52 155 113 54 59 42 2906 70 49 2836 2801 84 47 2717 501 375 326
internal_count=3398 104 70 3294 3268 63 3205 42 3181 3160 3138 2931 207 52 155 113 54 59 42 2906 70 49 2836 2801 84 47 2717 501 375 326
is_linear=0
shrinkage=0.05


Tree=157
num_leaves=31
num_cat=0
split_feature=3 3 16 14 13 1 10 20 12 13 3 3 0 13 10 16 5 3 15 22 15 11 21 5 23 1 10 10 14 11
split_gain=688.253 5662.21 5287.7 3983.16 5655.92 6632.26 5895.58 5421.12 5449.55 5241.58 4575.17 3999.7 3850.27 3415.59 4632.57 2714.03 2280.14 1751.2 4320.65 5625.4 5451.1 10096.7 5239.05 5537.59 4952.43 6886.21 6680.43 4438.95 4929.81 4310.66
threshold=1.4632107668130252 1.3915415962670818 140.7376399029155 70.150463211239426 63.805139169551119 18.66867358834606 0.31074140057609928 74.151808598494441 25.636061059062943 41.72853958950828 0.93208155391589553 0.8894931176259373 128.78949659679657 104.314473945129 -0.066561036299157564 82.343160571222981 10.500000000000002 3.3720559808140735 65.21368733013918 87.529158015256243 78.425681467293785 -0.31088168083715101 34.504135081865343 10.500000000000002 43.520607649066015 21.511947298709821 1.7286919671246814 1.659313404469102 77.591732431035055 -1.0127687585227647
decision_type=2 2 2 2 2 2 2 2 2 2 2 2 2 2 2 2 2 2 2 2 2 2 2 2 2 2 2 2 2 2
left_child=1 2 3 7 5 -5 10 8 -1 -10 -7 -9 -3 15 -15 -6 -11 18 19 24 21 -20 -22 27 25 -2 29 28 -24 -27
right_child=17 12 -4 4 13 6 -8 11 9 16 -12 -13 -14 14 -16 -17 -18 -19 20 -21 22 -23 23 -25 -26 26 -28 -29 -30 -31
leaf_value=0.54980981038964316 -0.31456865321637856 0.13181899871144975 0.71877353700498747 0.91140239000320433 -0.38600929483319774 0.043258685157412574 0.4580556186261 0.89630105918453595 0.33574904441833497 -0.25944531641223212 -0.98852058311352842 0.13099460758660969 1.0892797491380148 0.3184256042752947 -0.56222277358174322 -1.0690706651944379 -0.95738634133338929 0.015277569107859421 -1.1958840780398425 0.70887738504717435 -0.34782091402345233 -0.048680380630222238 -0.2387727343655647 -0.16637842436986311 -0.41842925172103079 0.78714975562750134 -0.34342036868135134 0.85069330169094926 0.48541466333764671 0.21292728590113774
leaf_weight=23 72 21 24 20 33 21 27 31 20 22 22 38 21 28 32 26 25 2138 34 31 135 44 47 154 57 51 36 27 47 91
leaf_count=23 72 21 24 20 33 21 27 31 20 22 22 38 21 28 32 26 25 2138 34 31 135 44 47 154 57 51 36 27 47 91
internal_value=8.83818e-10 0.0588067 -0.00030863 -0.0472053 -0.190683 0.108406 -0.121022 0.141392 -0.114243 -0.342201 -0.484628 0.474828 0.610549 -0.416885 -0.151254 -0.687019 -0.630691 -0.00861069 -0.0704425 0.0669635 -0.165613 -0.548744 -0.0927249 0.032504 0.00214488 0.0980358 0.264932 0.285627 0.123321 0.419162
internal_weight=3398 434 392 368 209 90 70 159 90 67 43 69 42 119 60 59 47 2964 826 338 488 78 410 275 307 250 178 121 94 142
internal_count=3398 434 392 368 209 90 70 159 90 67 43 69 42 119 60 59 47 2964 826 338 488 78 410 275 307 250 178 121 94 142
is_linear=0
shrinkage=0.05


Tree=158
num_leaves=31
num_cat=0
split_feature=23 23 13 15 13 17 2 13 5 6 4 19 16 17 1 21 1 10 8 8 11 13 14 15 8 19 12 4 10 12
split_gain=695.767 2571.41 2097.37 2720 2448.71 2909.37 1883.42 1825.1 1784.29 1353.11 3705.8 3252.26 2883.2 2784.39 4077.74 4042.34 4943.73 4488.52 3525.22 4795.82 2958.16 2866.67 2542.65 2617.43 2260.91 2246.63 1898.38 5079.73 3647.32 3444.59
threshold=45.814108510011316 45.514448701989615 142.0295877546524 20.356947506387623 82.571425848834068 94.463860024374597 70.126118231200522 33.985281148219677 14.500000000000002 1.0000000180025095e-35 305.86376366124574 50.378948701808504 102.09024329741213 80.510847114741765 29.810873022618384 42.92945979427968 24.16130258448371 -1.4165429864847761 0.12940952255126045 0.78656609248549325 1.1853517619031633 67.307166137203907 46.816400781785156 78.425681467293785 0.12940952255126045 26.774776713273752 19.055015499581817 123.51500319175778 -2.2272597266577883 20.897841839220526
decision_type=2 2 2 2 2 2 2 2 2 2 2 2 2 2 2 2 2 2 2 2 2 2 2 2 2 2 2 2 2 2
left_child=1 9 3 -2 6 8 7 -5 -6 10 11 13 24 14 15 16 17 -1 21 -20 -16 -15 -13 -24 -12 -23 27 28 -11 -28
right_child=2 -3 -4 4 5 -7 -8 -9 -10 26 12 22 -14 18 20 -17 -18 -19 19 -21 -22 25 23 -25 -26 -27 29 -29 -30 -31
leaf_value=0.73353372311050247 -0.48357954458756885 -0.40910103259942476 0.57675490438938137 0.20196096985428424 -0.044020538812591915 0.28122482556721262 -0.010216928682019635 0.80121438403924317 -0.6958117445309957 0.21557134594236105 0.31280662850900132 0.12915995794793833 -0.026526211137356967 -0.64506474959127835 0.24961761778593061 0.53928581480594251 -0.611886046009679 -0.16831890123116006 0.6370239174727238 -0.19204901722637382 1.0445828914642334 0.25820809326001576 -0.87160394936800012 -0.097117778360843662 1.0381189134858904 -0.38102034197913276 -0.50401486150316288 -0.042946722339361143 1.0371495441956955 -0.018011372269324536
leaf_weight=22 22 39 20 27 21 29 31 24 21 35 22 23 23 33 25 34 31 37 33 37 22 28 24 20 21 27 37 117 22 2491
leaf_count=22 22 39 20 27 21 29 31 24 21 35 22 23 23 33 25 34 31 37 33 37 22 28 24 20 21 27 37 117 22 2491
internal_value=2.41629e-10 -0.0055825 0.0916962 0.0362609 0.111009 -0.103957 0.297139 0.483963 -0.369916 -0.000608665 0.0784665 0.0206551 0.425335 0.0853179 0.225137 0.0748161 -0.10065 0.167965 -0.0660056 0.1988 0.621729 -0.276646 -0.296868 -0.519565 0.667029 -0.055595 -0.0141293 0.145618 0.532672 -0.0251246
internal_weight=3398 3203 195 175 153 71 82 51 42 3164 462 396 66 329 171 124 90 59 158 70 47 88 67 44 43 55 2702 174 57 2528
internal_count=3398 3203 195 175 153 71 82 51 42 3164 462 396 66 329 171 124 90 59 158 70 47 88 67 44 43 55 2702 174 57 2528
is_linear=0
shrinkage=0.05


Tree=159
num_leaves=31
num_cat=0
split_feature=4 11 14 23 15 11 22 16 19 15 2 2 13 14 0 4 5 18 18 19 5 13 17 16 17 17 13 3 1 5
split_gain=676.279 3406.07 4886.79 3646.64 5544.72 3343.64 3614.73 3547.65 4419.39 4482.33 4242.81 3668.3 3634.07 3646.88 4401.28 3926.59 4534.91 3577.74 4269.45 6062.2 4143.95 4326.12 5391.74 5358.93 4107.84 3877.11 3876.92 5911.01 3555.18 3549.82
threshold=241.72930496714898 1.2411718186077547 39.564740003145019 42.438171186669017 67.764045981914492 0.96389117423385684 94.32852799147831 96.731762999498741 11.014700350035373 43.205883458139418 72.645621560457926 85.988460116945873 24.42760658036487 112.85651917622071 149.87502871076052 319.68586663641844 5.5000000000000009 107.13701914144038 75.274189974801615 54.568596553155565 1.5000000000000002 60.023865804833058 97.365946565160669 54.33839173000036 82.972801542337393 63.957302431167911 128.82151793764109 3.8114783229117455 21.21087067476763 1.5000000000000002
decision_type=2 2 2 2 2 2 2 2 2 2 2 2 2 2 2 2 2 2 2 2 2 2 2 2 2 2 2 2 2 2
left_child=-1 5 -3 4 -4 6 7 17 -9 10 -10 12 -11 15 -15 16 -14 18 19 29 -20 -22 24 -24 25 26 27 -23 -19 -2
right_child=1 2 3 -5 -6 -7 -8 8 9 11 -12 -13 13 14 -16 -17 -18 28 20 -21 21 22 23 -25 -26 -27 -28 -29 -30 -31
leaf_value=-0.016164294575947993 0.64952445543992032 1.0115316146612168 -0.19149304628372193 -0.40949447453022003 0.82460964496793432 -0.59109355159427812 0.63825129264074831 0.58472502714111696 -0.079330629928678773 0.43753706216812138 0.68345874547958374 -0.86876767148142275 0.035343883718763083 0.29529503218981684 -0.49974052111307787 -0.059650278270244599 -0.80104747942425836 0.23592891458954132 -0.31894803217479162 -0.62231513824727802 0.70549855139433293 0.22963144083417233 0.11537675905872036 0.96074695132280652 -0.65054259538650516 0.70426662836385812 0.5658531761169433 -0.78230266405476467 -0.45012273634302202 0.010755899365477523
leaf_weight=2228 24 20 25 22 29 23 23 21 61 20 26 23 21 49 27 50 71 28 28 36 57 31 37 38 20 23 20 27 58 232
leaf_count=2228 24 20 25 22 29 23 23 21 61 20 26 23 21 49 27 50 71 28 28 36 57 31 37 38 20 23 20 27 58 232
internal_value=1.89115e-10 0.0307812 0.316126 0.133125 0.354192 0.00527555 0.0183264 0.00445653 -0.119672 -0.162179 0.148629 -0.265782 -0.20751 -0.266689 0.0128482 -0.4163 -0.610132 0.0739612 0.119095 -0.0147924 0.258224 0.322101 0.210602 0.543698 0.0041384 0.133778 -0.0344427 -0.241441 -0.226757 0.0706405
internal_weight=3398 1170 96 76 54 1074 1051 1028 369 348 87 261 238 218 76 142 92 659 573 292 281 253 196 75 121 101 78 58 86 256
internal_count=3398 1170 96 76 54 1074 1051 1028 369 348 87 261 238 218 76 142 92 659 573 292 281 253 196 75 121 101 78 58 86 256
is_linear=0
shrinkage=0.05


Tree=160
num_leaves=31
num_cat=0
split_feature=4 21 1 9 16 21 14 9 22 4 15 23 0 22 19 18 20 20 1 12 21 14 14 21 0 22 1 13 5 2
split_gain=686.186 3326.97 3195.85 2229.5 4680.14 3360.15 3486.13 2940.03 2140.95 2128.57 4011.96 5759.26 1646.67 1279.41 6335.42 3215.07 2110.09 3567.77 3462.04 3348.04 3808.49 3291.59 2909.66 1724.47 1527.33 6559.15 2988.24 5680.83 2850.88 2777.2
threshold=334.12517467582995 26.04693257653285 31.95561821471426 -0.5 69.189736788127064 36.342697760603507 88.027123146226288 0.25881904510252057 73.867487298310692 322.19814031776963 72.425668004102889 39.739716847599446 21.927796765929944 93.411443618277261 29.431135591924285 113.80226788894383 102.68087418520399 101.99083059141846 32.415718780430637 136.82238461257802 29.952938950661505 105.36208323869768 101.23041363574085 37.714196386873205 86.135047532881103 89.305327565247779 33.921568554860542 74.935602080642369 1.0000000180025095e-35 34.110182373991101
decision_type=2 2 2 2 2 2 2 2 2 2 2 2 2 2 2 2 2 2 2 2 2 2 2 2 2 2 2 2 2 2
left_child=9 -2 3 8 7 -6 -7 -5 -3 12 -11 -12 -1 16 15 -15 17 24 19 20 21 -18 -22 -24 25 28 -26 -28 -14 -30
right_child=1 2 -4 4 5 6 -8 -9 -10 10 11 -13 13 14 -16 -17 18 -19 -20 -21 22 -23 23 -25 26 -27 27 -29 29 -31
leaf_value=0.4034740940332413 -0.57329330762227382 0.21884023923249474 -0.47707688193768266 0.2559066995330479 0.9437893746928735 -0.10980567954042381 0.66797663235664373 -0.48050268134384444 -0.40460489589720966 0.62810708730338283 0.48344363146103347 -0.56895839824126326 -0.54768572506996305 0.6368792735394978 -0.72636061913587835 -0.23804579164300646 -0.4580460286140442 -0.6438826131888411 -0.39413672089576723 -0.18981120095533485 1.085748143087734 0.35485725005467739 0.68936725351214412 0.10209071445465089 0.0034872887224189318 -0.75447600682576499 0.64466791284393599 -0.071451312586151325 -0.37343285479396582 0.013358688448489451
leaf_weight=25 30 21 32 23 22 34 25 33 40 39 26 26 26 21 33 21 20 22 24 34 22 33 25 25 1876 33 53 58 50 646
leaf_count=25 30 21 32 23 22 34 25 33 40 39 26 26 26 21 33 21 20 22 24 34 22 33 25 25 1876 33 53 58 50 646
internal_value=-2.89826e-10 -0.0780583 -0.0134624 0.0614652 0.173421 0.416412 0.219763 -0.178049 -0.189976 0.00646754 0.244756 -0.0427574 -0.000649044 -0.00399222 -0.207925 0.199417 0.0011978 -0.00968868 0.165625 0.250118 0.369778 0.0481013 0.606568 0.395729 -0.00460032 -0.0651384 0.0184023 0.270479 -0.0336312 -0.0144281
internal_weight=3398 260 230 198 137 81 59 56 61 3138 91 52 3047 3022 75 42 2947 2764 183 159 125 53 72 50 2742 755 1987 111 722 696
internal_count=3398 260 230 198 137 81 59 56 61 3138 91 52 3047 3022 75 42 2947 2764 183 159 125 53 72 50 2742 755 1987 111 722 696
is_linear=0
shrinkage=0.05


Tree=161
num_leaves=31
num_cat=0
split_feature=22 18 3 15 9 1 15 16 4 4 23 16 16 2 16 5 1 9 21 12 8 4 4 3 8 17 21 1 3 4
split_gain=700.221 3415.64 2770.2 3297.64 4268.62 4645.96 3786.53 3844.74 3558.15 3393.04 3335.77 3166.29 3638.13 3088.56 2784.39 2488.95 2468.09 3064.35 2664.65 2440.19 2426.88 1755.99 3018.84 2013.64 5590.28 3810.93 3368.96 3020.96 2212.28 2082.23
threshold=86.019581198893988 57.441431512711205 0.96810808727253506 93.954649257461526 0.78656609248549303 23.396117136959337 117.04201002294258 135.69987635959038 129.87372924993974 278.80272986256915 37.088543608734547 86.020878392422802 61.919403865628233 56.553849577370933 82.039882886243404 8.5000000000000018 21.798641529266266 -0.37940952255126015 40.76857214905538 77.210647820793284 0.25881904510252091 3.7868482779300221 6.8358342562826699 0.93208155391589553 -0.37940952255126059 77.936081062080419 36.342697760603507 20.700772154114677 0.73180261465573104 347.76246209068535
decision_type=2 2 2 2 2 2 2 2 2 2 2 2 2 2 2 2 2 2 2 2 2 2 2 2 2 2 2 2 2 2
left_child=21 -2 -3 4 5 10 13 9 -6 16 -4 12 -7 20 -11 -13 -8 -18 -19 -12 -5 -1 -23 24 27 26 -26 -24 -27 -25
right_child=1 2 3 6 8 11 7 -9 -10 14 19 15 -14 -15 -16 -17 17 18 -20 -21 -22 22 23 29 25 28 -28 -29 -30 -31
leaf_value=0.32738592424675039 0.50847255807173874 -0.43320015072822571 0.85684830779614662 -0.40987890720367431 0.080936070531606674 -0.26614200746019684 -0.52475824724225439 0.6989867516926358 0.87137486560004107 0.76409630732876921 0.58033828854560854 -0.85599722683429713 0.63501438753945494 -0.58773472756147382 -0.060236236378550537 -0.16689215718131317 0.36726361061296159 -0.70454586107283834 0.10186691592846597 -0.11199287286826543 0.35113477435978979 -0.62689735211431985 0.25172500729560854 -0.012219338992070762 1.0339177090674638 -0.36967516422271729 0.29329744411961123 -0.51470137900776336 0.35691281177780848 -0.24948926377110184
leaf_weight=38 38 32 23 20 24 24 34 21 35 21 20 20 21 52 20 38 31 20 21 35 22 20 20 2512 28 20 34 36 22 96
leaf_count=38 38 32 23 20 24 24 34 21 35 21 20 20 21 52 20 38 31 20 21 35 22 20 20 2512 28 20 34 36 22 96
internal_value=-1.56774e-10 0.0504503 0.017857 0.0466096 0.180505 0.0601137 -0.0760424 0.0661411 0.54984 -0.0242655 0.351212 -0.16033 0.154398 -0.330158 0.361983 -0.404515 -0.173663 -0.00786861 -0.291505 0.139764 -0.0112527 -0.0102115 -0.0148129 -0.0103903 0.161785 0.378658 0.627771 -0.240978 0.0109185 -0.0209532
internal_weight=3398 572 534 502 240 181 262 168 59 147 78 103 45 94 41 58 106 72 41 55 42 2826 2788 2768 160 104 62 56 42 2608
internal_count=3398 572 534 502 240 181 262 168 59 147 78 103 45 94 41 58 106 72 41 55 42 2826 2788 2768 160 104 62 56 42 2608
is_linear=0
shrinkage=0.05


Tree=162
num_leaves=31
num_cat=0
split_feature=12 12 1 18 12 4 5 3 3 23 18 1 10 11 3 18 3 15 21 3 1 23 13 22 4 3 22 10 10 14
split_gain=709.042 2545.8 4734.55 4198.3 1422.67 1098.93 2359.38 1186.62 1174.56 2647.68 2693.1 2788.13 2836.14 1639.54 3077.68 1525.93 1230.13 5236.4 5415.36 2796.29 2620.52 2404.64 1528.58 1285.88 6930.89 3331.53 1781.37 1614.51 5993.61 3726.33
threshold=148.06147113934676 145.06666813632307 22.683140372541789 96.687370548268163 143.91015314733696 353.96099755850804 16.500000000000004 5.2990000542916071 7.6875829376374174 36.133103626804882 96.687370548268163 31.04613987934643 1.2596551693218343 6.6254760247680045 7.3310735430265099 65.285857353037173 7.2579871242097207 79.04973200589599 42.92945979427968 7.1696404304322572 27.117190176265336 40.33081610636912 77.184148151192389 64.098083662725074 77.079980167041853 4.5681935405031933 65.034838425050395 1.2357458416233917 1.2889713109921102 148.06147113934676
decision_type=2 2 2 2 2 2 2 2 2 2 2 2 2 2 2 2 2 2 2 2 2 2 2 2 2 2 2 2 2 2
left_child=1 4 -3 -4 5 8 7 -7 13 -10 11 12 15 16 -15 -11 19 20 22 23 21 -18 -19 24 -1 -26 -25 29 -29 -28
right_child=-2 2 3 -5 -6 6 -8 -9 9 10 -12 -13 -14 14 -16 -17 17 18 -20 -21 -22 -23 -24 26 25 -27 27 28 -30 -31
leaf_value=0.46659102016879672 0.21196645956773025 0.22744215440750126 -0.13744819447398188 -1.1619361084699631 0.37204874255336251 -0.67584372101859613 0.22664595530146647 -0.14370539732277396 -0.6154047102356951 0.1723862373828888 -0.49511187088489533 -0.42599785864353185 -0.17790687274932862 0.63948352847780499 -0.17261472553014756 0.76954883427723597 -0.035775804271300636 0.49027576721631566 -0.083346858713775882 -0.45163850648438236 0.21851176866169633 -0.751217720568504 1.0498553577972496 0.42312127833182994 -0.71128043005632802 -0.048967166902387844 -0.029297026236838386 0.85731603645760091 0.040124857737347974 0.62555025639859119
leaf_weight=31 39 25 20 20 26 22 21 20 24 20 25 20 25 28 20 23 24 26 32 34 29 23 23 26 43 34 1732 23 918 22
leaf_count=31 39 25 20 20 26 22 21 20 24 20 25 20 25 28 20 23 24 26 32 34 29 23 23 26 43 34 1732 23 918 22
internal_value=5.07568e-10 -0.00246106 -0.312333 -0.649692 0.0036536 0.000722667 -0.206081 -0.422445 0.00478776 -0.138451 -0.0371511 0.0929514 0.245583 0.011184 0.301109 0.491799 0.00657594 0.142847 0.422552 -0.000896833 -0.15526 -0.385886 0.752936 0.00452035 -0.164682 -0.41883 0.0112362 0.00726254 0.0600987 -0.0210834
internal_weight=3398 3359 65 40 3294 3268 63 42 3205 137 113 88 68 3068 48 43 3020 157 81 2863 76 47 49 2829 108 77 2721 2695 941 1754
internal_count=3398 3359 65 40 3294 3268 63 42 3205 137 113 88 68 3068 48 43 3020 157 81 2863 76 47 49 2829 108 77 2721 2695 941 1754
is_linear=0
shrinkage=0.05


Tree=163
num_leaves=31
num_cat=0
split_feature=23 0 23 23 23 11 15 12 14 14 16 13 21 19 6 0 14 9 12 14 23 18 3 16 15 1 16 2 8 22
split_gain=650.078 1099.58 903.492 4093.09 2757.4 4122.46 2483.07 1824.14 1250.33 5583.21 3545.83 4863.04 3946.37 8927.36 4754.1 4510.55 5754.46 5178.24 4513.5 4428.31 4066.58 8023.97 5772.04 5838.97 5414 4774.99 4310.87 4006.37 3956.77 4520.63
threshold=31.345376272086877 160.74005342577775 34.23702838303619 33.791356283841452 33.210696112923785 -0.031986289429580671 69.980478726852269 77.896767253492342 66.431351007957559 67.833002698266228 140.7376399029155 50.727938971387339 37.043572765288957 48.076300028148175 4.5000000000000009 133.53647206386813 27.435464916961671 0.60355339059327384 63.022473975577576 25.303793614545494 40.02015987156171 52.024880621456241 1.6914989993966054 107.80036075967583 88.000152051844353 26.432462772577509 59.227993301199355 65.710180564581322 0.91597561503675362 76.235124328506046
decision_type=2 2 2 2 2 2 2 2 2 2 2 2 2 2 2 2 2 2 2 2 2 2 2 2 2 2 2 2 2 2
left_child=1 -1 3 4 6 -6 -2 -5 10 -10 12 -12 13 14 19 16 -16 18 -17 -4 21 27 24 25 -23 26 -24 -14 29 -21
right_child=2 -3 8 7 5 -7 -8 -9 9 -11 11 -13 20 -15 15 17 -18 -19 -20 28 -22 22 23 -25 -26 -27 -28 -29 -30 -31
leaf_value=0.43941934799606153 0.13434255090024735 -0.072829581648111347 -0.32666037914000062 -0.22750250304287134 0.87693438529968271 -0.11491685618053785 -0.46148834916598658 -0.88727998867630964 0.62948945884249718 0.01716964731946604 0.28321490556001666 -0.63671119972771295 0.5359028111112879 1.0226964449882507 0.23558765500783921 -0.82589168548583991 -0.77387727995713551 0.57045806013047695 0.14380507469177248 0.62601337461936768 0.019664998523750865 -0.30754376678572348 -0.69634434889222296 0.062711424851904105 0.80632708907127393 -0.81675239078114537 -0.038091938778505488 -0.21141349994416894 -0.23569479772022794 0.14352491317989946
leaf_weight=22 36 20 38 22 20 22 34 20 38 1832 20 51 47 25 20 20 48 32 30 82 452 24 43 49 20 89 59 29 35 119
leaf_count=22 36 20 38 22 20 22 34 20 38 1832 20 51 47 25 20 20 48 32 30 82 452 24 43 49 20 89 59 29 35 119
internal_value=4.55712e-10 0.195491 -0.00244655 -0.120743 0.0371093 0.357393 -0.155061 -0.541682 0.0032429 0.0296125 -0.0337775 -0.377577 -0.01442 0.10453 0.0503933 -0.175889 -0.476976 0.0737924 -0.244074 0.174271 -0.0801944 -0.205573 -0.327686 -0.424201 0.198761 -0.549116 -0.315591 0.250743 0.254929 0.340361
internal_weight=3398 42 3356 154 112 42 70 42 3202 1870 1332 71 1261 449 424 150 68 82 50 274 812 360 284 240 44 191 102 76 236 201
internal_count=3398 42 3356 154 112 42 70 42 3202 1870 1332 71 1261 449 424 150 68 82 50 274 812 360 284 240 44 191 102 76 236 201
is_linear=0
shrinkage=0.05


Tree=164
num_leaves=31
num_cat=0
split_feature=1 1 0 21 0 11 19 0 23 19 19 11 20 17 15 14 14 14 22 11 10 14 17 17 2 2 9 10 18 3
split_gain=647.019 3607.03 2994.51 3666.74 4473.32 4018.29 4030.86 4721.29 3776.53 3110.62 2878.38 2223.4 2056.93 1365.82 3524.25 1560.95 1561.22 4071.91 3640.89 5454.82 7357.89 2247.15 4243.58 1797.38 3407.85 7933.19 5861.64 4449.94 5503.97 4871.55
threshold=32.895248511743709 32.667821894083275 81.39391406627098 34.851538704449212 185.3476620765546 -3.6250350863913705 49.431873299437818 185.3476620765546 44.114762827731816 24.925948679422515 26.774776713273752 1.799998295795979 77.4649927588098 12.895455419497763 72.720435004107657 11.238442564756813 18.516249388623095 17.235518497166733 70.818207362645623 0.27625417872244423 0.76788305688432079 21.258055310232422 81.975037002569834 36.970326775740226 63.667777848965521 72.081361557546941 -0.60355339059327384 0.81097455550764597 70.773255459907531 5.4583769759429996
decision_type=2 2 2 2 2 2 2 2 2 2 2 2 2 2 2 2 2 2 2 2 2 2 2 2 2 2 2 2 2 2
left_child=1 13 10 4 9 -5 8 -8 11 -4 -2 -7 -12 14 -1 -15 17 18 -17 -20 -21 22 -18 24 -23 26 -26 28 -27 -29
right_child=2 -3 3 5 -6 6 7 -9 -10 -11 12 -13 -14 15 -16 16 21 -19 19 20 -22 23 -24 -25 25 27 -28 29 -30 -31
leaf_value=0.5634954030173166 0.20091008235668315 -0.48531004236294673 0.49444153532385826 -0.32995163003603617 -0.54920132834878232 0.92572467719413809 -0.44958929380884877 0.4419428798285398 -0.035043960100128536 -0.21424468937485172 -0.058399722498396173 0.373355643965047 -0.68246827240913144 0.42324492165020539 -0.18909845344190088 0.40773189365863804 -0.026547057565414547 -0.77754655195319133 -0.54709448114865367 -0.39728683471679688 0.85647227764129641 0.01811983323423192 0.89645363569259651 0.012317706897858393 -0.092442264727183754 0.26132984738796949 -1.0100084661141686 0.75843135615189872 -0.58176683570657461 -0.22113401537591759
leaf_weight=35 29 39 32 24 36 49 27 33 21 30 23 29 31 21 28 32 33 23 54 25 22 288 20 2207 28 32 46 30 49 22
leaf_count=35 29 39 32 24 36 49 27 33 21 30 23 29 31 21 28 32 33 23 54 25 22 288 20 2207 28 32 46 30 49 22
internal_value=-1.55523e-10 -0.00755718 0.0629904 0.140932 -0.105882 0.273105 0.364133 0.0407534 0.56012 0.151529 -0.200883 0.720357 -0.416661 -0.00133603 0.229009 -0.00628546 -0.0093841 -0.163263 -0.0570335 -0.204286 0.189579 -0.000670813 0.321755 -0.00699523 -0.0931036 -0.247849 -0.662821 -0.0169626 -0.248692 0.344
internal_weight=3398 3034 364 281 98 183 159 60 99 62 83 78 54 2995 63 2932 2911 156 133 101 47 2755 53 2702 495 207 74 133 81 52
internal_count=3398 3034 364 281 98 183 159 60 99 62 83 78 54 2995 63 2932 2911 156 133 101 47 2755 53 2702 495 207 74 133 81 52
is_linear=0
shrinkage=0.05


Tree=165
num_leaves=31
num_cat=0
split_feature=23 23 15 15 12 22 1 11 18 2 6 14 2 13 22 22 14 3 5 8 15 15 16 10 5 10 3 4 8 4
split_gain=651.141 2303.69 1901.44 2385.52 2275.06 3471.82 3291.58 2138.31 1263.14 3987.56 3471.61 3109.85 2641.28 2099.04 1366.24 3539.01 4030.46 3413.19 3434.39 3140.9 3364.32 2971.74 3290.68 4152.12 3778.56 4098.8 3731.76 3042.58 2905.32 2628.67
threshold=45.814108510011316 45.514448701989615 18.516249388623095 140.22632612911266 87.642856753914046 79.947092606055207 29.175763205192457 0.31158477453455513 117.23196394411288 38.935669959395945 1.0000000180025095e-35 117.56061236323403 74.426058466269794 122.63525306884601 88.536085002722658 86.019581198893988 68.852196212347835 3.7873833077882613 11.500000000000002 0.60355339059327384 109.23328698101436 138.19785340808167 114.11694708693317 -3.145818862340362 15.500000000000002 0.96019168883047945 6.4513929271504713 259.85444983502651 0.37940952255126054 3.7868482779300221
decision_type=2 2 2 2 2 2 2 2 2 2 2 2 2 2 2 2 2 2 2 2 2 2 2 2 2 2 2 2 2 2
left_child=1 8 -2 4 6 -6 7 -4 14 -10 -11 -12 13 -13 15 29 19 18 -18 20 -17 22 23 -16 25 -24 27 -25 -19 -1
right_child=2 -3 3 -5 5 -7 -8 -9 9 10 11 12 -14 -15 21 16 17 28 -20 -21 -22 -23 24 26 -26 -27 -28 -29 -30 -31
leaf_value=0.41652793439105151 -0.37314002692699433 -0.38733519193453669 0.87551987504120921 -0.32155838112036389 0.32126168395791738 -0.36406488382455077 -0.12463772140798116 0.24347560975862589 -0.41749170376704292 0.81776069065798884 -0.24186021293912618 0.94999127924442295 -0.10468323950966199 0.2255877148360014 0.19878339283168317 1.0618027315057557 0.16310453363866717 0.44768774135495132 -0.59727659261587895 0.063935571524404711 0.27031061649322513 0.3813978871813527 -0.53111808020621543 -0.50024606696196972 0.52994039972623186 0.3554435280236331 -1.0475399374961853 0.088281936850398784 -0.25956598609685899 -0.019809762222915889
leaf_weight=35 20 39 32 24 42 33 21 23 26 23 35 20 21 20 32 29 27 53 33 31 25 27 32 70 30 22 21 32 20 2500
leaf_count=35 20 39 32 24 42 33 21 23 26 23 35 20 21 20 32 29 27 53 33 31 25 27 32 70 30 22 21 32 20 2500
internal_value=9.82027e-11 -0.00540051 0.0887068 0.141489 0.215086 0.019718 0.407884 0.61121 -0.000692717 0.143461 0.266022 0.133835 0.349397 0.587789 -0.00761629 0.00283906 0.196155 0.0242844 -0.255105 0.465083 0.695371 -0.115825 -0.171997 -0.308577 0.0800261 -0.169926 -0.440574 -0.31561 0.25392 -0.0137854
internal_weight=3398 3203 195 175 151 75 76 55 3164 145 119 96 61 40 3019 2753 218 133 60 85 54 266 239 155 84 54 123 102 73 2535
internal_count=3398 3203 195 175 151 75 76 55 3164 145 119 96 61 40 3019 2753 218 133 60 85 54 266 239 155 84 54 123 102 73 2535
is_linear=0
shrinkage=0.05


Tree=166
num_leaves=31
num_cat=0
split_feature=19 15 23 15 12 15 18 4 15 8 6 21 11 17 18 19 0 6 21 6 13 5 22 19 9 22 22 0 0 0
split_gain=662.692 3035.88 4199.22 3451.65 5548.38 5302.89 3699.18 6986.71 3527.52 3063.87 6174.97 3983.33 3007.36 3763.89 2669.77 2605.07 8681.78 4042.65 4667.15 3405.87 3324.53 3484.29 4696.62 2539.4 4553.19 2692.38 3252.36 3481.94 3510.97 3588.07
threshold=44.274933116388105 26.750944883744555 39.520942154826265 38.312788750483946 80.393303651438885 32.838749226433642 102.9026378701344 252.75255161301442 41.693040783592046 0.91597561503675362 4.5000000000000009 45.426731569059022 2.2400606082936645 93.663365494446495 79.590854654661598 41.353912676005713 193.73673439819643 1.0000000180025095e-35 35.469298443053738 2.5000000000000004 120.73507690993189 14.500000000000002 78.333004234999933 40.554278905514401 0.25881904510252057 84.806287978457718 84.432781295780487 243.66283374257739 240.41415037504234 217.24732363653047
decision_type=2 2 2 2 2 2 2 2 2 2 2 2 2 2 2 2 2 2 2 2 2 2 2 2 2 2 2 2 2 2
left_child=15 2 -2 4 -3 -6 8 -8 -5 -10 11 -11 13 14 -4 23 17 -17 -19 -18 21 22 -20 25 -25 26 27 28 29 -1
right_child=1 3 12 6 5 -7 7 -9 9 10 -12 -13 -14 -15 -16 16 19 18 20 -21 -22 -23 -24 24 -26 -27 -28 -29 -30 -31
leaf_value=-0.054859722296054875 -0.65072806659672 0.76903778896775365 -0.09584601836072075 -0.51381650452430427 -0.60982131390344529 0.44125853095735823 -0.77682973676257672 0.38872890301048757 0.039351645151817098 0.42645127981116898 0.88343195520779672 -0.30749776760737102 0.45362486255168916 0.26168377130262316 -0.82062257509678604 0.61515619391980381 -1.14178588626763 -0.60104448965617596 0.14874792255220876 -0.3470636230494295 0.61171464750712579 0.40840213184173291 -0.72883104324340831 -0.038067307130944347 0.91547302972702749 0.10500768134546168 -0.53581441268324859 0.45265485008020656 -0.66531675200570717 0.20375519561387551
leaf_weight=1343 36 43 27 26 21 28 36 20 693 38 34 36 25 31 24 23 26 35 31 28 22 26 30 31 21 424 32 37 22 149
leaf_count=1343 36 43 27 26 21 28 36 20 693 38 34 36 25 31 24 23 26 35 31 28 22 26 30 31 21 424 32 37 22 149
internal_value=-7.14341e-10 0.0315327 -0.18361 0.0630869 0.354539 -0.00920426 0.0327204 -0.360559 0.0593511 0.0779558 0.325666 0.069395 -0.0264483 -0.172812 -0.436917 -0.0154621 -0.178596 -0.000392411 -0.0987092 -0.729708 0.0625911 -0.0762677 -0.282848 0.0020477 0.347016 -0.0068902 -0.0368616 -0.0265673 -0.0382788 -0.0290329
internal_weight=3398 1118 143 975 92 49 883 56 827 801 108 74 107 82 51 2280 221 167 144 54 109 87 61 2059 52 2007 1583 1551 1514 1492
internal_count=3398 1118 143 975 92 49 883 56 827 801 108 74 107 82 51 2280 221 167 144 54 109 87 61 2059 52 2007 1583 1551 1514 1492
is_linear=0
shrinkage=0.05


Tree=167
num_leaves=31
num_cat=0
split_feature=12 12 1 18 12 10 21 2 4 5 3 15 13 11 2 23 13 8 21 1 20 13 20 11 14 19 16 19 18 22
split_gain=659.926 2265.43 4184.87 3703.04 1362.62 1067.58 1030.02 1084.01 1001.81 2103.21 1099.76 1074.14 1179.52 3086.04 3144.38 8079.13 3013.29 7865.82 7289.35 4452.5 6714.94 3461.39 3411.86 3236.3 5607.9 4509.25 6040.04 3940.39 4080.5 5075.32
threshold=148.06147113934676 145.06666813632307 22.683140372541789 96.687370548268163 143.91015314733696 7.183079745877003 58.933068563743262 89.54894986458838 353.96099755850804 16.500000000000004 5.2990000542916071 11.238442564756813 83.829066191876379 6.6254760247680045 87.988872494543003 40.424464421728096 93.239235316693424 -0.37940952255126059 45.270870762439792 19.785398469072998 84.364873849193728 89.828285085346025 75.459346092962747 -0.85977807164910602 24.42760658036487 55.760231438786896 98.568748705615278 15.174784474887991 81.930328240132624 78.557765205185532
decision_type=2 2 2 2 2 2 2 2 2 2 2 2 2 2 2 2 2 2 2 2 2 2 2 2 2 2 2 2 2 2
left_child=1 4 -3 -4 5 6 7 8 11 10 -10 -1 13 14 -13 -16 17 22 19 -19 21 -21 -14 24 -18 -25 -27 -26 -29 -30
right_child=-2 2 3 -5 -6 -7 -8 -9 9 -11 -12 12 16 -15 15 -17 23 18 -20 20 -22 -23 -24 25 27 26 -28 28 29 -31
leaf_value=0.34725602055778326 0.20449315447073718 0.21278860658407212 -0.13077491223812104 -1.0929395371675492 0.36393033197292918 -0.33172318562865261 -0.34605462579500107 0.35503269691358913 -0.64278800516304646 0.21400006640525093 -0.13049647718667987 -0.024897350953137276 0.94051837989262177 0.36664188224442151 -1.1876175951957701 0.2165519635592188 -0.47188095450401307 -0.48555141389369966 -0.87739439701492139 -0.42012463558104729 0.79553775819572248 0.4235682845115662 0.32304033810092558 -0.11107359722162498 -0.31011324308812621 -0.016180196229690386 0.75487873087058199 -0.045886898609724919 0.61001248466341129 0.15785614862809136
leaf_weight=23 39 25 20 20 26 24 21 22 22 21 20 1581 35 49 20 21 38 24 22 31 37 20 62 633 40 81 37 110 95 179
leaf_count=23 39 25 20 20 26 24 21 22 22 21 20 1581 35 49 20 21 38 24 22 31 37 20 62 633 40 81 37 110 95 179
internal_value=5.95815e-10 -0.00237429 -0.294686 -0.611857 0.00339385 0.000525445 0.00298351 0.00525773 0.00285378 -0.19456 -0.39884 0.00681715 0.00430347 -0.024298 -0.0361082 -0.468409 0.0374012 0.202914 -0.0453247 0.118118 0.282755 -0.0892647 0.545842 0.00588145 0.110008 -0.0581753 0.225593 0.162159 0.211354 0.314626
internal_weight=3398 3359 65 40 3294 3268 3244 3223 3201 63 42 3138 3115 1671 1622 41 1444 231 134 112 88 51 97 1213 462 751 118 424 384 274
internal_count=3398 3359 65 40 3294 3268 3244 3223 3201 63 42 3138 3115 1671 1622 41 1444 231 134 112 88 51 97 1213 462 751 118 424 384 274
is_linear=0
shrinkage=0.05


Tree=168
num_leaves=31
num_cat=0
split_feature=2 18 2 10 21 17 21 2 21 14 13 21 22 15 12 6 3 15 13 15 5 11 19 21 1 23 5 23 11 10
split_gain=634.528 2096.76 969.305 4971.46 3458.03 3270.5 2582.96 1200.95 4029.47 5035.79 3600.69 4612.96 4757.44 4684.1 4122.94 3489.25 6161.58 2714.48 4408.08 4025.09 5984.33 2244.3 1843.7 3218.4 4245.59 3839.16 3584.49 3440.66 5145.4 3658.81
threshold=30.711573643183716 77.87976764182504 33.565554877934439 -1.0492986086265075 35.715964308654563 76.474485732202965 41.702936052482805 40.804583742333584 25.617084095845513 133.84371407731365 55.648262548207022 40.547324791629045 74.366874027103236 77.831396204010119 104.83493904075586 4.5000000000000009 3.1188788730907557 97.465157920079818 95.63808615457539 37.331506565391912 16.500000000000004 1.7470529548592511 44.274933116388105 37.112668491334297 25.843885463848029 36.931727232633968 7.5000000000000009 37.838319683230758 1.2411718186077547 3.9634152459902197
decision_type=2 2 2 2 2 2 2 2 2 2 2 2 2 2 2 2 2 2 2 2 2 2 2 2 2 2 2 2 2 2
left_child=1 -1 3 6 -5 -6 -2 8 -4 10 11 13 -13 -10 -14 17 -17 19 -19 -12 -21 -11 -9 24 -24 26 -25 28 -27 -29
right_child=2 -3 7 4 5 -7 -8 22 9 21 15 12 14 -15 -16 16 -18 18 -20 20 -22 -23 23 25 -26 27 -28 29 -30 -31
leaf_value=-0.17738436989486217 -0.16040391811618099 0.52997857284816829 0.57356574080492329 0.46670061913696498 -0.45070484906042885 0.20528990296941055 -0.84581186111484252 -0.036387438345822261 0.95528788607696014 0.73929129870552002 0.2369444830738234 -0.72017499066534496 0.64128669537603855 0.010974369943141937 -0.30633636130528019 0.19707879168646678 -0.87010830460410371 -0.20439512143874994 0.66739225382434908 -0.82695290822731826 0.22477285727148966 0.068052986264228829 0.024895403604462463 0.17298511099070313 0.69355089054551244 0.8993585464145456 -0.57284789961211535 -0.023191304269320367 -0.15068181633949282 0.31147416139903822
leaf_weight=20 27 22 38 37 38 38 28 1874 29 33 33 21 24 24 22 21 38 29 29 38 21 20 53 24 43 28 49 582 20 95
leaf_count=20 27 22 38 37 38 38 28 1874 29 33 33 21 24 24 22 21 38 29 29 38 21 20 53 24 43 28 49 582 20 95
internal_value=5.45823e-10 0.193139 -0.00241712 -0.119473 0.0702846 -0.122707 -0.509339 0.00375146 0.0825342 0.0336881 -0.0391757 0.179121 -0.0965999 0.527674 0.188076 -0.164514 -0.490262 -0.036386 0.231499 -0.20527 -0.45261 0.485994 -0.00820257 0.0508785 0.324397 0.0179739 -0.327643 0.0527739 0.461842 0.0237706
internal_weight=3398 42 3356 168 113 76 55 3188 420 382 329 120 67 53 46 209 59 150 58 92 59 53 2768 894 96 798 73 725 48 677
internal_count=3398 42 3356 168 113 76 55 3188 420 382 329 120 67 53 46 209 59 150 58 92 59 53 2768 894 96 798 73 725 48 677
is_linear=0
shrinkage=0.05


Tree=169
num_leaves=31
num_cat=0
split_feature=17 0 9 13 22 17 19 20 10 0 20 21 6 21 20 0 1 8 22 14 12 5 6 5 17 0 22 23 1 4
split_gain=644.989 3196.88 4639.76 5647.81 3337.74 3149.8 3275.48 2668.12 3496.05 2699.03 3756.02 2625.76 3412.96 3753.66 5281.55 3491.96 3493.41 3389.51 4488.29 3383.98 2971.22 2521.75 3489.45 2325.37 2278.2 7889.7 3233.22 4964.48 3822.74 6362.46
threshold=122.35553130305776 89.410540603103371 -0.37940952255126015 89.072634185579929 77.482491086464861 128.12910691636105 52.062069061044816 61.91419174579773 2.9857598595292765 39.340758663745596 83.471982062229557 24.913672909899542 1.5000000000000002 33.255853809499861 84.364873849193728 185.3476620765546 29.921210582260525 0.60355339059327384 85.337479202904944 97.892584601291404 99.367656582606102 9.5000000000000018 2.5000000000000004 10.500000000000002 101.06304571652402 50.099372711545676 80.457919314637238 37.478889211719093 27.900095533016955 120.45264376486456
decision_type=2 2 2 2 2 2 2 2 2 2 2 2 2 2 2 2 2 2 2 2 2 2 2 2 2 2 2 2 2 2
left_child=24 2 3 -2 5 -3 21 -4 9 -9 -11 -6 20 14 -14 17 -17 18 19 -15 -13 -7 -23 -22 -1 -26 28 -28 -27 -30
right_child=1 4 7 -5 11 6 -8 8 -10 10 -12 12 13 15 -16 16 -18 -19 -20 -21 23 22 -24 -25 25 26 27 -29 29 -31
leaf_value=-0.010759842079173644 -0.67388012446463108 -0.80883693397045142 0.79574184318383534 0.27306419880159444 0.49874307431957937 -0.38299749809152939 -0.7176652229701479 0.45659844900170965 0.78209971249103549 0.25939357497475368 -0.66453335393558854 -0.65915174667651844 -0.81547016391047722 -0.89145880341529848 0.25654919922351838 0.74232800304889679 -0.049384597214785497 0.3564657607556958 0.34224012364511908 -0.03809004908516294 0.33539948463439945 0.66321292292504086 -0.19615177710851034 -0.42705878950655463 -0.48123879117124224 0.45385231831669809 0.34190639225875635 -0.14384095393445182 0.76008050322532661 -0.29511155831813812
leaf_weight=2280 32 27 24 31 22 34 24 24 20 22 22 39 27 26 20 38 22 38 23 21 20 21 27 20 51 150 85 138 20 50
leaf_count=2280 32 27 24 31 22 34 24 24 20 22 22 39 27 26 20 38 22 38 23 21 20 21 27 20 51 150 85 138 20 50
internal_value=-2.08328e-10 -0.0459299 0.135348 -0.207923 -0.116584 -0.326715 -0.20391 0.328438 0.200992 0.0300778 -0.20257 -0.0281426 -0.0675694 0.0356963 -0.359292 0.146199 0.452033 -0.0237092 -0.23009 -0.510166 -0.348609 -0.0535432 0.17982 -0.0458297 0.0103317 0.107678 0.175476 0.0413094 0.311472 0.00637189
internal_weight=3398 624 175 63 449 133 106 112 88 68 44 316 294 215 47 168 60 108 70 47 79 82 48 40 2774 494 443 223 220 70
internal_count=3398 624 175 63 449 133 106 112 88 68 44 316 294 215 47 168 60 108 70 47 79 82 48 40 2774 494 443 223 220 70
is_linear=0
shrinkage=0.05


Tree=170
num_leaves=31
num_cat=0
split_feature=1 1 1 21 13 3 21 4 19 11 19 22 23 2 23 16 17 14 14 14 14 22 11 10 14 17 14 17 2 2
split_gain=619.165 1017.27 3230.42 2791.22 4660.46 4023.22 3013.16 2855.07 2794.39 4808.77 4315.17 2786.58 2443.17 3598.76 1987.09 1750.59 1252.82 3392.17 1421.86 1329.67 3637.41 3296.26 4806.5 6441.38 2009.58 3709.18 1660.31 1634.22 2760.71 5338.83
threshold=34.874102459881584 32.895248511743709 32.667821894083275 34.851538704449212 101.23041363574085 3.1188788730907557 39.505184431432433 222.44420041953853 24.925948679422515 0.15508876952882025 13.398525580055475 77.660364266603182 41.079175554738846 58.389833081014423 39.226347158491372 83.58324715364752 12.895455419497763 75.729041930711318 11.238442564756813 18.516249388623095 17.235518497166733 70.818207362645623 0.27625417872244423 0.76788305688432079 21.258055310232422 81.975037002569834 22.348059136631896 36.970326775740226 85.988460116945873 63.667777848965521
decision_type=2 2 2 2 2 2 2 2 2 2 2 2 2 2 2 2 2 2 2 2 2 2 2 2 2 2 2 2 2 2
left_child=1 2 16 8 5 7 -7 -5 10 14 -3 -8 15 -14 -10 -6 17 -1 -18 20 21 -20 -23 -24 25 -21 -26 28 29 -28
right_child=-2 3 -4 4 12 6 11 -9 9 -11 -12 -13 13 -15 -16 -17 18 -19 19 24 -22 22 23 -25 26 -27 27 -29 -30 -31
leaf_value=-0.15355584138343414 -0.24306289261350267 -0.40393181870812955 -0.45941624610851978 1.0765920961541791 -0.69220519930124291 0.65921739864755757 0.36659733851750698 0.29441489458084108 -0.99785004534891675 0.25818129859187383 0.46378561634766435 -0.35623310645421347 0.63634313236583362 -0.2489940325419108 -0.30147115506231786 -0.058820358663797381 0.40380150015865057 0.58032063990831373 0.3915113737806678 -0.02178815341357029 -0.73169736525286799 -0.51261335815544484 -0.37020248317718507 0.80287631750106814 -0.42106265276670457 0.84114109635353085 0.013837465976173455 0.015198609982817439 0.34903888071284578 -0.33909121542646176
leaf_weight=31 26 23 39 28 20 22 24 20 21 22 38 30 22 24 20 24 21 32 32 33 23 54 25 22 24 20 287 2186 34 171
leaf_count=31 26 23 39 28 20 22 24 20 21 22 38 30 22 24 20 24 21 32 32 33 23 54 25 22 24 20 287 2186 34 171
internal_value=-7.0422e-10 0.00187415 -0.00729216 0.084154 0.193528 0.392315 0.165975 0.750685 -0.104604 -0.338163 0.136613 -0.0349751 -0.0803567 0.174428 -0.658153 -0.346723 -0.00140473 0.219207 -0.00614502 -0.00910238 -0.151113 -0.0507108 -0.190821 0.178898 -0.00106114 0.303846 -0.00704192 -0.0033315 -0.0856624 -0.117933
internal_weight=3398 3372 3034 338 214 124 76 48 124 63 61 54 90 46 41 44 2995 63 2932 2911 156 133 101 47 2755 53 2702 2678 492 458
internal_count=3398 3372 3034 338 214 124 76 48 124 63 61 54 90 46 41 44 2995 63 2932 2911 156 133 101 47 2755 53 2702 2678 492 458
is_linear=0
shrinkage=0.05


Tree=171
num_leaves=31
num_cat=0
split_feature=3 3 16 21 19 12 9 0 0 0 1 5 11 4 16 23 14 9 19 0 15 20 14 14 18 23 18 11 21 1
split_gain=606.921 4685.16 4357.42 3592.57 4030.45 4570.29 3908.97 4126.25 4778.22 5659.14 3801.7 3408.03 3048.72 2945 3230.49 2724.7 2017.79 1808.19 1491.54 1514.58 4639.43 4571.58 4521.41 5723.68 3855.34 6439.14 5134.2 7801.47 5659.95 5305.97
threshold=1.4632107668130252 1.3915415962670818 140.7376399029155 47.584941125430909 49.921259569010871 131.13903498164964 0.91597561503675351 221.06032488487929 112.28067031922428 80.775776376795477 28.301798262012902 12.500000000000002 0.11752841577300956 193.40344761930649 59.227993301199355 41.61948862584449 63.022473975577576 -0.5 4.0717699163529675 185.3476620765546 15.646616760360628 54.468486805738046 36.139368504388656 29.963400135127042 60.443036103323756 37.478889211719093 78.394919443369076 1.5626863312455355 42.651302301572393 20.027266162687983
decision_type=2 2 2 2 2 2 2 2 2 2 2 2 2 2 2 2 2 2 2 2 2 2 2 2 2 2 2 2 2 2
left_child=1 2 3 4 5 6 7 8 9 10 -1 -3 -6 16 -15 -5 -10 -18 -2 -20 -21 -22 23 -23 25 -24 27 -26 -29 -28
right_child=18 11 -4 15 12 -7 -8 -9 13 -11 -12 -13 -14 14 -16 -17 17 -19 19 20 21 22 24 -25 26 -27 29 28 -30 -31
leaf_value=-0.66316547027001027 -0.39265862166881565 0.98654765811833467 0.65421853661537177 0.77788394916625259 0.73476801177729734 -0.88740106310163225 0.40601322804727868 0.38416399507334942 -0.25466062784194948 0.7353946971795744 0.20038365799188618 0.084727182388305677 -0.10931260645389558 -0.65596279159188275 0.17605182932955879 0.057473419223512928 -0.48063431143760682 -1.0943991581598917 0.017627066055333027 0.55899253672566906 -0.59903960140740009 0.053288451266976504 0.93492053503339945 0.90991259415944425 -0.62887641164033037 -0.050973713175574344 -0.3993054225347763 0.4583811146584717 -0.54043869272522305 0.049902742230550363
leaf_weight=26 25 22 24 21 23 21 31 27 20 21 25 20 20 20 28 35 20 30 2113 29 41 104 22 24 114 67 86 37 23 279
leaf_count=26 25 22 24 21 23 21 31 27 20 21 25 20 20 20 28 35 20 30 2113 29 41 104 22 24 114 67 86 37 23 279
internal_value=-1.37339e-09 0.0552228 0.00144925 -0.0411227 -0.107309 -0.179159 -0.119187 -0.194215 -0.276406 0.0445914 -0.239857 0.557109 0.342172 -0.472268 -0.170621 0.327627 -0.679112 -0.848893 -0.00808593 -0.00481464 -0.062223 -0.0848269 -0.0569397 0.213905 -0.112144 0.19273 -0.162485 -0.385988 0.0755002 -0.0559381
internal_weight=3398 434 392 368 312 269 248 217 190 72 51 42 43 118 48 56 70 50 2964 2939 826 797 756 128 628 89 539 174 60 365
internal_count=3398 434 392 368 312 269 248 217 190 72 51 42 43 118 48 56 70 50 2964 2939 826 797 756 128 628 89 539 174 60 365
is_linear=0
shrinkage=0.05


Tree=172
num_leaves=31
num_cat=0
split_feature=2 18 2 10 20 22 22 15 2 14 21 15 5 16 10 21 21 19 6 12 17 2 11 1 13 22 13 23 1 18
split_gain=611.101 1875.87 910.564 4398.02 3321.37 3379.78 3980.02 2426.26 1043.96 3569.2 4671.11 3822.56 3066.2 4642.91 3011.46 4650.83 2951 4025.44 2841.79 7104.1 4333.2 2923.81 1957.38 1857.17 3594.31 1954.88 1752.42 4081.22 4509.06 6487.76
threshold=30.711573643183716 77.87976764182504 33.565554877934439 -1.0492986086265075 97.850190237618946 77.660364266603182 71.643034795741968 64.941488074137695 40.804583742333584 133.84371407731365 21.661287309936686 19.676506446144355 9.5000000000000018 41.956553092475268 0.34047293363253273 41.208922484430929 41.772808687962147 36.465657148860622 3.5000000000000004 117.09715996278619 91.699879138573195 36.926732923618189 1.7470529548592511 15.564365483332418 67.892987900864298 79.741222181040243 111.74474783850091 38.025921082046175 17.756660772890921 103.58861691880776
decision_type=2 2 2 2 2 2 2 2 2 2 2 2 2 2 2 2 2 2 2 2 2 2 2 2 2 2 2 2 2 2
left_child=1 -1 3 7 5 6 -5 -2 9 10 -4 -12 14 -14 16 -16 17 -13 19 21 -20 -15 -11 24 -10 -26 -25 -28 29 -29
right_child=2 -3 8 4 -6 -7 -8 -9 23 22 11 12 13 18 15 -17 -18 -19 20 -21 -22 -23 -24 26 25 -27 27 28 -30 -31
leaf_value=-0.16092370671220124 -0.92183371841907502 0.50814360786568036 0.72674770788712939 0.47113916363034936 -0.44592866718769075 0.57093116113462972 -0.42634677852193514 -0.23148036164896829 0.61184221718992504 0.67802739296640668 0.62878940332503552 -0.67977324879687773 -0.40503481044325718 0.25398725779219106 -0.35665242676623166 0.60095691496417647 -0.88680624387882379 0.27770651862734841 -0.41287795124869603 -0.44854074375970027 0.43470638799667366 0.89730410317057052 0.057958360910415653 -0.038961328576500677 -0.40147387676618318 0.21079216822981836 0.26540479506665504 -0.80726644740654874 0.037285203006969574 0.26657093763351442
leaf_weight=20 20 22 22 21 25 37 30 35 35 35 21 23 43 33 32 21 27 21 38 21 25 38 20 1983 22 32 171 39 464 22
leaf_count=20 20 22 22 21 25 37 30 35 35 35 21 23 43 33 32 21 27 21 38 21 25 38 20 1983 22 32 171 39 464 22
internal_value=-3.81245e-10 0.18954 -0.00237208 -0.115826 0.0626527 0.207136 -0.0567937 -0.482518 0.00360666 0.0770601 0.0204797 -0.0248202 -0.067447 0.0546544 -0.262415 0.0227777 -0.475306 -0.222794 0.182181 0.359345 -0.076535 0.598298 0.452548 -0.00753872 0.217162 -0.0386496 -0.0150036 0.0532553 -0.0158448 -0.419981
internal_weight=3398 42 3356 168 113 88 51 55 3188 420 365 343 322 198 124 53 71 44 155 92 63 71 55 2768 89 54 2679 696 525 61
internal_count=3398 42 3356 168 113 88 51 55 3188 420 365 343 322 198 124 53 71 44 155 92 63 71 55 2768 89 54 2679 696 525 61
is_linear=0
shrinkage=0.05


Tree=173
num_leaves=31
num_cat=0
split_feature=12 12 1 18 12 10 4 5 3 21 23 23 23 5 2 9 15 19 2 23 13 23 9 1 3 12 3 12 6 23
split_gain=607.153 1935.05 3868.33 3362.3 1318.04 1012.26 944.762 1795.99 1004.13 933.779 951.836 2807.92 6568.99 4426.21 4301.29 6066.93 4039.27 3764.29 3559.46 3165.62 4299.04 3319.97 4255.47 3357.23 3092.4 2720.76 3096.89 2505.69 6489.36 4300.59
threshold=148.06147113934676 145.06666813632307 22.683140372541789 96.687370548268163 143.91015314733696 7.183079745877003 353.96099755850804 16.500000000000004 5.2990000542916071 58.933068563743262 39.376908094438669 39.813515312856104 39.979348296686901 7.5000000000000009 57.529068082457165 -0.60355339059327384 96.337249182496109 37.16007554476294 88.648866425841263 40.251615493637139 86.583133989900901 40.577520766628346 0.37940952255126048 27.193548784632494 4.5309804710011585 51.272458402545915 4.9981465894532588 132.3292303444581 1.5000000000000002 37.452657066057867
decision_type=2 2 2 2 2 2 2 2 2 2 2 2 2 2 2 2 2 2 2 2 2 2 2 2 2 2 2 2 2 2
left_child=1 4 -3 -4 5 6 9 8 -8 10 27 13 24 16 17 -16 -12 -15 19 20 -14 22 25 -24 -13 -21 -27 -1 -29 -30
right_child=-2 2 3 -5 -6 -7 7 -9 -10 -11 11 12 18 14 15 -17 -18 -19 -20 21 -22 -23 23 -25 -26 26 -28 28 29 -31
leaf_value=-0.0048968163244081809 0.19614628767355896 0.21547078000009062 -0.11896028220653534 -1.0357896304130554 0.35764343715631047 -0.32329361513257027 -0.61098137294704269 0.18843339866115935 -0.12147003337740898 -0.3258872445140566 0.20872484913750278 -0.14778138494491577 0.0066867446645777276 1.0698160500237435 0.79872465543448934 -0.29875649713418068 -0.63506080585977309 0.20049991965293887 0.61225878000259404 -0.98214909949085938 0.73278411068798355 0.028021783960244784 0.36867677450180053 -0.40895922909612237 -0.92661759624114404 0.1500617875158787 -0.72983752906322485 -0.96070017623901371 0.55284730006348004 -0.34432790875434877
leaf_weight=1406 39 25 20 20 26 24 22 21 20 21 37 25 47 33 20 34 23 20 26 22 36 1226 35 23 26 20 20 25 22 34
leaf_count=1406 39 25 20 20 26 24 22 21 20 21 37 25 47 33 20 34 23 20 26 22 36 1226 35 23 26 20 20 25 22 34
internal_value=6.0462e-11 -0.00227738 -0.272434 -0.577375 0.00305359 0.000232495 0.00262603 -0.189109 -0.377881 0.00642337 0.00863176 0.0345029 0.0129324 0.229025 0.421782 0.107718 -0.114726 0.741772 0.032483 0.0219342 0.321621 0.00345434 -0.247543 0.0603039 -0.544835 -0.535529 -0.289888 -0.0204754 -0.290889 0.00813378
internal_weight=3398 3359 65 40 3294 3268 3244 63 42 3181 3160 1673 1506 167 107 54 60 53 1455 1429 83 1346 120 58 51 62 40 1487 81 56
internal_count=3398 3359 65 40 3294 3268 3244 63 42 3181 3160 1673 1506 167 107 54 60 53 1455 1429 83 1346 120 58 51 62 40 1487 81 56
is_linear=0
shrinkage=0.05


Tree=174
num_leaves=31
num_cat=0
split_feature=17 0 9 13 17 8 10 14 13 2 0 13 19 6 20 2 23 3 20 10 0 20 17 0 22 23 19 18 10 5
split_gain=600.545 2765.57 4279.86 5165.68 3031.19 3672.66 2715.46 4292.58 3232.32 5235.69 4896.9 4507.1 4114.01 3640.19 4030.37 3504.83 3213.55 2415.1 2371.53 3133.71 2380.73 3273.29 1900.84 7151.73 3532.14 4589.11 4338.12 3835.64 4633.57 3932.38
threshold=122.35553130305776 89.410540603103371 -0.37940952255126015 63.047182387911313 128.12910691636105 0.60355339059327384 -6.0150895446492862 131.14765144169723 77.184148151192389 48.004990766852153 205.99899305645417 41.72853958950828 21.521322213798271 1.5000000000000002 78.029145762737869 56.553849577370933 41.687598981309158 4.6989517512390604 61.91419174579773 2.9857598595292765 39.340758663745596 83.471982062229557 102.07722343045744 50.099372711545676 80.457919314637238 37.478889211719093 38.513184397049358 62.917326980061937 -0.73627900986868033 9.5000000000000018
decision_type=2 2 2 2 2 2 2 2 2 2 2 2 2 2 2 2 2 2 2 2 2 2 2 2 2 2 2 2 2 2
left_child=22 2 3 -2 5 17 -6 8 9 -8 11 16 -10 -14 15 -15 -11 -3 -4 20 -20 -22 -1 -24 27 26 -26 28 -25 -30
right_child=1 4 18 -5 6 -7 7 -9 12 10 -12 -13 13 14 -16 -17 -18 -19 19 -21 21 -23 23 24 25 -27 -28 -29 29 -31
leaf_value=-0.0086764730959977224 -0.80247735321197833 -0.82220692666801254 0.75030356148878741 0.13791707485914231 0.52357734650373455 0.16202295017242432 -0.70018845101197558 -0.54247113043052519 0.67715132514635723 0.57031788771802727 0.60925045204162598 -0.6161711987427303 -0.47674606016704013 -0.64829602071217129 0.46581458697238798 0.2765532669425011 -0.29440239497593473 -0.23845790464650182 0.42834979320565864 0.73975365996360787 0.24052565314553004 -0.621987683935599 -0.45705768764019017 0.52720479392088382 0.64629990163957707 -0.14515410821585759 -0.11177861513569952 0.47210870214244899 0.16556084692478179 -0.82595081567764295
leaf_weight=2306 23 37 24 40 20 25 36 43 30 22 25 35 28 21 52 20 21 34 24 20 22 22 51 26 46 137 32 136 20 20
leaf_count=2306 23 37 24 40 20 25 36 43 30 22 25 35 28 21 52 20 21 34 24 20 22 22 51 26 46 137 32 136 20 20
internal_value=7.27209e-10 -0.0443192 0.124287 -0.205402 -0.110034 -0.359153 -0.0422856 -0.0762714 -0.00714522 -0.181129 0.000289443 -0.19489 0.153012 0.0230605 0.17354 -0.19715 0.148013 -0.542665 0.309737 0.189583 0.0277681 -0.190731 0.00996943 0.101844 0.170199 0.0291478 0.335293 0.320328 0.00756856 -0.330195
internal_weight=3398 624 175 63 449 96 353 333 290 139 103 78 151 121 93 41 43 71 112 88 68 44 2774 468 417 215 78 202 66 40
internal_count=3398 624 175 63 449 96 353 333 290 139 103 78 151 121 93 41 43 71 112 88 68 44 2774 468 417 215 78 202 66 40
is_linear=0
shrinkage=0.05


Tree=175
num_leaves=31
num_cat=0
split_feature=1 1 1 17 5 15 21 17 3 21 13 10 3 21 19 17 1 16 16 14 21 8 20 3 13 17 13 3 16 8
split_gain=585.95 940.8 2849.73 2687.61 4664.35 4914.13 4327.67 4322.07 4304.43 3119.88 4586.87 3082.41 2957.45 3533.2 2631.4 1144.89 3171.93 1317.28 3368.84 7703.87 3771.37 3939.68 3969.09 3538.88 5151.95 6003.31 5948.6 3461.54 3305.22 3295.2
threshold=34.874102459881584 32.895248511743709 32.667821894083275 44.937386097653231 5.5000000000000009 115.29954755549967 33.974274568943564 23.866308480894677 3.6458447705024031 41.428100657716051 102.39820263285498 0.37225957934629622 3.1188788730907557 40.917745489421215 40.554278905514401 12.895455419497763 21.871753277394273 58.766802542413778 76.546043715801815 28.041007331303021 46.521000872876378 -0.70710678118654735 67.897746618893436 6.7987327217732121 77.184148151192389 87.394901305331459 123.23001652827155 6.4513929271504713 77.975385626775321 -0.70710678118654735
decision_type=2 2 2 2 2 2 2 2 2 2 2 2 2 2 2 2 2 2 2 2 2 2 2 2 2 2 2 2 2 2
left_child=1 2 15 7 12 6 8 -3 -6 -8 -11 -9 -5 -14 -7 16 -1 -17 19 -19 23 -22 -23 27 25 -25 -26 28 -20 -21
right_child=-2 3 -4 4 5 14 9 11 -10 10 -12 -13 13 -15 -16 17 -18 18 20 29 21 22 -24 24 26 -27 -28 -29 -30 -31
leaf_value=-0.18722630877579963 -0.23645354126794982 -0.11511051346515787 -0.43164093509698526 0.083191830873489386 -0.51168503077434646 0.054687809824943548 0.87498512340314472 1.1068677947634744 0.35030499537785853 0.71629765691428349 -0.16555222908655803 0.2501838559196109 -1.064583118057566 -0.15787549073045903 -0.67828201986849312 -0.051433821015297969 0.52675861869539531 -0.34718831236545861 -0.69035442010277803 -0.018422950926948997 0.4535728984673818 0.46561343875196243 -0.0529505537995478 -0.57510871814518438 0.6330460536857726 0.26129616525438099 -0.2388792395039841 -0.46183256124456729 -0.05594916725490684 0.3438514013557385
leaf_weight=28 26 29 39 25 28 25 33 21 30 29 30 21 21 22 24 1033 35 65 21 85 75 45 205 41 71 45 27 60 919 240
leaf_count=28 26 29 39 25 28 25 33 21 30 29 30 21 21 22 24 1033 35 65 21 85 75 45 205 41 71 45 27 60 919 240
internal_value=4.63047e-10 0.00182319 -0.00699187 0.0809501 0.00824442 0.130407 0.272417 0.354365 -0.0658281 0.485658 0.267899 0.678526 -0.34926 -0.600686 -0.304318 -0.00146222 0.209432 -0.00599371 0.0187244 0.149721 -0.0151316 0.135741 0.040391 -0.056545 0.144975 -0.137455 0.392822 -0.0936247 -0.0701221 0.249103
internal_weight=3398 3372 3034 338 267 199 150 71 58 92 59 42 68 43 49 2995 63 2932 1899 390 1509 325 250 1184 184 86 98 1000 940 325
internal_count=3398 3372 3034 338 267 199 150 71 58 92 59 42 68 43 49 2995 63 2932 1899 390 1509 325 250 1184 184 86 98 1000 940 325
is_linear=0
shrinkage=0.05


Tree=176
num_leaves=31
num_cat=0
split_feature=12 12 1 18 12 10 21 2 16 8 19 23 14 1 22 16 2 14 1 22 14 11 18 19 22 16 2 17 17 11
split_gain=549.526 1700.29 3453.95 3026.68 1212.07 913.346 854.939 948.278 854.215 4728.98 3939.42 4306.76 4263.83 7614.65 4322.18 4908.7 3966.61 3919.8 3511.84 3480.09 3462.93 3015.11 2795.02 2545.44 4489.79 2491.21 5997.35 4375.92 2989.85 2340.63
threshold=148.06147113934676 145.06666813632307 22.683140372541789 96.687370548268163 143.91015314733696 7.183079745877003 58.933068563743262 89.54894986458838 126.88516171936989 -0.98296291314453399 21.247769706650633 36.226203617058907 105.83333767769422 22.014293648650959 83.908337150386998 140.17494027465131 47.288728799457097 131.71918164507287 29.00584627769685 77.282390632462992 79.692941894057057 3.3868793200696667 56.735734315556236 49.431873299437818 78.460082373518773 122.01606841293651 73.153796777477055 86.39963586511405 54.868313825512324 6.1931471024500082
decision_type=2 2 2 2 2 2 2 2 2 2 2 2 2 2 2 2 2 2 2 2 2 2 2 2 2 2 2 2 2 2
left_child=1 4 -3 -4 5 6 7 8 25 -10 11 -11 13 16 15 19 -12 -16 -13 -14 21 22 -15 24 -24 29 27 28 -27 -1
right_child=-2 2 3 -5 -6 -7 -8 -9 9 10 12 18 14 20 17 -17 -18 -19 -20 -21 -22 -23 23 -25 -26 26 -28 -29 -30 -31
leaf_value=-0.005812591898410953 0.18660574234448946 0.20562571892142298 -0.10861766815185547 -0.97848508715629579 0.34286708619732126 -0.30718811564147475 -0.3155941676525843 0.33161496337164537 -0.75830356349115791 -0.40390786698886327 -0.15033424964972908 0.62016490261102541 -0.38114970525105796 0.49366275015331457 0.15490433400677098 0.9899721974911897 -0.89101215367223707 -0.71776044720953169 -0.046187315384546922 0.47706162620473791 -0.43722172889571925 0.61981123115705417 0.21361102104187013 0.24326200022433817 -0.75353590289751693 0.055808885159114231 0.86312464871283245 0.43266984514287998 -0.7573440635204316 0.2509792100476182
leaf_weight=2503 39 25 20 20 26 24 21 22 23 21 28 58 21 21 31 23 51 22 30 27 39 23 20 26 30 26 29 37 20 92
leaf_count=2503 39 25 20 20 26 24 21 22 23 21 28 58 21 21 31 23 51 22 30 27 39 23 20 26 30 26 29 37 20 92
internal_value=-1.11824e-10 -0.0021666 -0.255406 -0.543551 0.00283054 0.000125228 0.00239882 0.00447075 0.00222234 -0.0582409 -0.0240553 0.239467 -0.103403 -0.227265 0.134332 0.389379 -0.628493 -0.207334 0.392999 0.101594 -0.0279127 0.105113 -0.0169291 -0.158014 -0.366677 0.0132563 0.244139 0.0278667 -0.297736 0.00329139
internal_weight=3398 3359 65 40 3294 3268 3244 3223 3201 494 471 109 362 238 124 71 79 53 88 48 159 120 97 76 50 2707 112 83 46 2595
internal_count=3398 3359 65 40 3294 3268 3244 3223 3201 494 471 109 362 238 124 71 79 53 88 48 159 120 97 76 50 2707 112 83 46 2595
is_linear=0
shrinkage=0.05


Tree=177
num_leaves=31
num_cat=0
split_feature=3 23 22 22 13 1 20 0 21 13 18 19 2 1 20 12 13 23 12 10 10 17 17 17 1 22 21 22 2 10
split_gain=575.124 2727.15 1933.75 2250.21 2100.8 1112.46 2526.42 3354 4105.44 3489.31 3141.69 2689.06 2808.08 2440.17 2382.94 3412.42 2360.45 2265.29 2262.07 1378.72 5876.04 2951.78 2960.92 6427.78 4713.9 4432.72 4265.92 3660.51 4329.7 5783.7
threshold=7.6875829376374174 36.133103626804882 71.392754612187929 81.857473170565626 66.976958112407047 32.895248511743709 94.337834005623805 88.316448266189269 34.982377046827956 60.514972185753066 106.12614169944619 23.365384868771212 48.678243840946699 32.667821894083275 76.153327032052729 100.85988108521452 102.39820263285498 39.307139382216739 34.849526593551722 1.2357458416233917 1.2889713109921102 144.54899774941177 95.931650397931449 107.23612040587027 30.883389198364561 77.216869945352698 41.140524492696805 69.441547689018478 70.368153388831445 3.6946353281483391
decision_type=2 2 2 2 2 2 2 2 2 2 2 2 2 2 2 2 2 2 2 2 2 2 2 2 2 2 2 2 2 2
left_child=5 -2 -3 4 -4 13 7 9 11 -7 -8 -9 -13 19 15 18 -11 -16 -10 -1 -21 22 24 26 27 -26 -24 -22 -29 -30
right_child=1 2 3 -5 -6 6 10 8 14 16 -12 12 -14 -15 17 -17 -18 -19 -20 20 21 -23 23 -25 25 -27 -28 28 29 -31
leaf_value=-0.025923487638332989 -0.58435094257195785 0.42314443263140594 -0.66043517693229348 0.21059934424387441 -0.05191790429321496 -0.62908591851592066 -0.47878866394360858 0.33859037661552432 0.070298258282921536 0.41687344621728972 0.18408186976995433 0.096485179662704479 -0.74138082563877106 -0.40925936368671628 0.27456679791212085 -0.23661830302041312 -0.29979671284556392 0.90168632401360405 0.7289165075868369 0.87436640964200107 0.24353793188929559 -0.47691455770816121 0.86972455175026608 0.042630058895139135 -0.050240874662995344 0.76396401826824467 0.11798122301697732 -0.2231939018344038 0.427314346483056 -0.20650238451892383
leaf_weight=1871 24 22 23 37 37 24 39 25 22 27 33 20 20 37 24 26 20 36 32 21 80 28 46 255 32 35 32 326 71 73
leaf_count=1871 24 22 23 37 37 24 39 25 22 27 33 20 20 37 24 26 20 36 32 21 80 28 46 255 32 35 32 326 71 73
internal_value=-1.63404e-10 -0.0981401 -8.08258e-05 -0.0960701 -0.285183 0.00431153 0.0887945 0.157603 0.26018 -0.138569 -0.174973 -0.0682024 -0.322448 -0.00580202 0.412644 0.233998 0.111907 0.650839 0.460591 -0.00060065 0.0468258 0.0290565 0.0439694 0.164124 -0.0208793 0.37509 0.561317 -0.0691155 -0.122333 0.106004
internal_weight=3398 143 119 97 60 3255 348 276 205 71 72 65 40 2907 140 80 47 60 54 2870 999 978 950 333 617 67 78 550 470 144
internal_count=3398 143 119 97 60 3255 348 276 205 71 72 65 40 2907 140 80 47 60 54 2870 999 978 950 333 617 67 78 550 470 144
is_linear=0
shrinkage=0.05


Tree=178
num_leaves=31
num_cat=0
split_feature=23 0 23 23 15 22 13 12 3 1 16 9 0 5 12 19 22 1 10 15 12 11 0 3 17 17 10 1 12 4
split_gain=568.139 1047.25 787.942 3469.84 2434.2 2691.1 2359.87 1454.76 1079.73 4793.89 3289.73 3363.74 4504.44 5687.02 4334.95 5242.61 4196.55 3483.44 3584.39 5022.9 3370.15 3366.62 2914.79 1529.17 4339.76 6848.8 7602.84 4996.33 4600.6 5883.8
threshold=31.345376272086877 160.74005342577775 34.23702838303619 33.791356283841452 68.814136410949999 77.160067520401299 88.039154252347913 77.896767253492342 1.4632107668130252 16.234898431729075 140.7376399029155 0.91597561503675351 221.06032488487929 20.500000000000004 52.102681942434259 49.246492797605448 79.545942477220265 31.553435507818435 0.73201441560564817 89.029426154589714 83.298509628892447 -0.11478112066009015 159.02835569877587 3.3426446747456704 65.055167784531633 103.28534866978227 1.7286919671246814 32.979010199424714 43.205883458139418 231.0409832003306
decision_type=2 2 2 2 2 2 2 2 2 2 2 2 2 2 2 2 2 2 2 2 2 2 2 2 2 2 2 2 2 2
left_child=1 -1 3 4 6 -6 -2 -5 9 -4 11 12 13 14 16 17 -11 18 19 -16 -14 -13 -21 24 -10 26 27 28 -26 -30
right_child=2 -3 8 7 5 -7 -8 -9 23 10 -12 21 20 -15 15 -17 -18 -19 -20 22 -22 -23 -24 -25 25 -27 -28 -29 29 -31
leaf_value=0.42080907415259966 -0.037880445902164168 -0.079102095067501071 0.79713738834146752 -0.21975705894556913 -0.60570181385998656 0.076220514071293377 0.64967359652121859 -0.80895790278911583 0.074755396579693753 0.028195713996887209 0.64646465125538066 0.89068440437316898 0.010224890619516374 -0.85116411447525031 -0.97103316181235844 0.3548195130484445 0.88516522288322452 0.20556865000724792 0.046411622162642226 0.22611472077667713 0.86942461558750694 0.020345845222473145 -0.60789713371883747 0.01458614050448636 -1.1752912856638431 0.0077886500516005097 0.21339492263893287 0.19593381166458132 -0.29260480745011064 -1.1814912843207519
leaf_weight=22 26 20 22 22 23 39 24 20 312 50 21 20 25 25 45 35 20 25 28 20 21 25 22 2037 32 248 42 20 83 24
leaf_count=22 26 20 22 22 23 39 24 20 312 50 21 20 25 25 45 35 20 25 28 20 21 25 22 2037 32 248 42 20 83 24
internal_value=-7.85594e-10 0.182756 -0.00228718 -0.11276 0.032578 -0.176751 0.292145 -0.500329 0.00302602 0.079436 0.0381024 0.00271288 -0.0548829 -0.132802 -0.0594997 -0.192517 0.273044 -0.329351 -0.445638 -0.603999 0.402468 0.407163 -0.210749 -0.00800672 -0.068482 -0.168014 -0.384926 -0.542973 -0.64929 -0.491981
internal_weight=3398 42 3356 154 112 62 50 42 3202 404 382 361 316 270 245 175 70 140 115 87 46 45 42 2798 761 449 201 159 139 107
internal_count=3398 42 3356 154 112 62 50 42 3202 404 382 361 316 270 245 175 70 140 115 87 46 45 42 2798 761 449 201 159 139 107
is_linear=0
shrinkage=0.05


Tree=179
num_leaves=31
num_cat=0
split_feature=2 18 2 0 13 10 4 14 0 12 15 15 21 16 12 15 22 13 17 9 17 23 23 16 14 3 6 16 13 11
split_gain=558.112 1594.1 742.847 4152.02 3113.31 3094.01 2084.81 1436.38 1018.65 3492.16 4491.41 4205.96 5613.66 3591.26 2985.6 4120.06 3791.1 4811.91 8280.08 5083.12 5959.14 4624.79 5359.01 3791.85 3510.92 3468.56 3125.92 3268.08 3072.98 2974.54
threshold=30.711573643183716 78.816078013478275 33.565554877934439 181.09469211010466 115.31984159289239 -1.0492986086265075 245.30719821569858 90.80204152461657 185.3476620765546 104.37551140125491 92.858153874499564 51.264525604601893 43.344934487376527 67.561610788792819 39.510100006939247 55.550391430365359 77.074675133517175 73.268375503539716 53.639149121205371 -0.37940952255126015 71.190647005306076 35.539590149980178 44.068980002862688 81.098139781662482 73.225410920065954 4.4478909748751132 3.5000000000000004 44.567113370265709 118.05921051018105 0.026694922455808769
decision_type=2 2 2 2 2 2 2 2 2 2 2 2 2 2 2 2 2 2 2 2 2 2 2 2 2 2 2 2 2 2
left_child=1 -1 3 5 -5 7 -7 -2 -4 14 11 12 -11 -14 15 29 21 18 -18 28 -21 -16 23 26 -22 -25 27 -23 -19 -10
right_child=2 -3 8 4 -6 6 -8 -9 9 10 -12 -13 13 -15 16 -17 17 19 -20 20 24 22 -24 25 -26 -27 -28 -29 -30 -31
leaf_value=-0.11256560046564451 -0.31329833865165713 0.50420834288001071 0.0210242661694965 0.57184670045971875 -0.21164514592715672 0.23635695845850055 -0.30701430300023502 -0.891418946873058 0.69894855363028396 -0.56682242905864355 -0.11414918023510837 0.56189155231599941 0.83886593835694456 0.0072445112116196579 0.33079090175174536 -0.0964801114664149 1.0345384753268698 -0.19206837982900682 -0.030937460098754279 -0.94745346464608859 -0.67799313863118493 -1.0873649311065674 0.24006457821182581 -1.2797737385692267 0.11702128932243441 -0.46717216869195299 0.070886865589353781 -0.23721898702474742 0.55299475717544555 -0.023765200376510622
leaf_weight=22 21 20 2276 32 21 31 41 22 35 26 128 73 21 34 21 134 23 31 88 38 21 20 23 29 41 24 27 26 25 24
leaf_count=22 21 20 2276 32 21 31 41 22 35 26 128 73 21 34 21 134 23 31 88 38 21 20 23 29 41 24 27 26 25 24
internal_value=-8.68284e-11 0.181136 -0.0022669 -0.104741 0.261407 -0.273487 -0.0730628 -0.609081 0.00313323 -0.0415159 0.104724 0.286644 0.0385817 0.324773 -0.106976 0.0568109 -0.179311 -0.0617999 0.189837 -0.240849 -0.454432 -0.363874 -0.461779 -0.589894 -0.152258 -0.911803 -0.356179 -0.606848 0.140549 0.404963
internal_weight=3398 42 3356 168 53 115 72 43 3188 912 282 154 81 55 630 193 437 267 111 156 100 170 149 126 62 53 73 46 56 59
internal_count=3398 42 3356 168 53 115 72 43 3188 912 282 154 81 55 630 193 437 267 111 156 100 170 149 126 62 53 73 46 56 59
is_linear=0
shrinkage=0.05


Tree=180
num_leaves=31
num_cat=0
split_feature=17 9 23 4 20 13 10 6 8 17 20 12 12 2 3 16 17 0 19 10 19 11 9 13 18 23 22 1 3 15
split_gain=569.5 2606.02 3596.89 5241.57 2840.99 3850.22 4397.87 2658.52 5145.94 2040.83 3181.12 2627.67 2253.93 1810.07 1789.1 4858.16 1746.56 5869.9 3006.75 4865.8 4803.83 3883.63 5774.37 3230.89 4818.89 3137.45 4633 3011.84 2263.74 4267.31
threshold=122.35553130305776 -0.9159756150367534 42.33781989644919 242.8742154160681 99.866108973896345 136.82238461257802 -5.8483951977725166 1.0000000180025095e-35 -0.5 128.12910691636105 70.915434943701015 25.636061059062943 91.500145043057273 69.686008341427467 7.8685866643210067 80.54091485182262 102.07722343045744 50.099372711545676 38.513184397049358 -3.9797669057319691 40.699040702126332 3.0367356265033165 -0.60355339059327384 70.511121604874617 52.898479775769097 36.5342938582409 80.457919314637238 30.883389198364561 7.2579871242097207 74.672225919691286
decision_type=2 2 2 2 2 2 2 2 2 2 2 2 2 2 2 2 2 2 2 2 2 2 2 2 2 2 2 2 2 2
left_child=14 2 3 -2 5 6 -3 8 -8 10 -9 -11 -12 -6 16 -16 28 -18 19 -19 -20 22 -22 24 -21 -25 -27 -24 -1 -30
right_child=1 4 -4 -5 13 -7 7 9 -10 11 12 -13 -14 -15 15 -17 17 18 20 23 21 -23 27 25 -26 26 -28 -29 29 -31
leaf_value=-0.017514646462703443 -0.18223045974969865 0.71026137442815873 0.18223797215355769 -1.1735907581448555 0.58194412048906086 -0.48639200057157067 0.2751330377872695 -0.68742879653970412 -0.681232174161153 0.50006308609789074 0.42239280283451086 0.0256886147161423 -0.27792096005545724 -0.0072089959951964298 0.20618300485610963 -0.77953135657310491 -0.41257649112720884 -0.41583332649686122 -0.67619731819087814 0.18289110989947069 0.89565834769835839 -0.40230192224184674 0.21221225825540815 0.62638368702703906 0.94009414879565556 0.49086570481167124 -0.26263887426432442 -0.41559553647041325 -0.077303619169526633 0.40825837137034304
leaf_weight=2087 40 21 27 20 32 44 22 24 39 33 20 253 27 22 25 25 49 22 22 38 26 30 81 31 47 34 51 25 90 91
leaf_count=2087 40 21 27 20 32 44 22 24 39 33 20 253 27 22 25 25 49 22 22 38 26 30 81 31 47 34 51 25 90 91
internal_value=1.02484e-09 -0.0431585 -0.297018 -0.512684 -0.0020303 -0.0404842 0.00420811 -0.0312635 -0.336314 0.0208599 -0.219075 0.0804241 0.0200849 0.341919 0.00970832 -0.286674 0.0151485 0.104437 0.166682 0.290129 0.0170708 0.111218 0.227927 0.367398 0.60158 0.1958 0.038763 0.0641444 -0.00280374 0.166819
internal_weight=3398 624 87 60 537 483 439 418 61 357 71 286 47 54 2774 50 2724 456 407 223 184 162 132 201 85 116 85 106 2268 181
internal_count=3398 624 87 60 537 483 439 418 61 357 71 286 47 54 2774 50 2724 456 407 223 184 162 132 201 85 116 85 106 2268 181
is_linear=0
shrinkage=0.05


Tree=181
num_leaves=31
num_cat=0
split_feature=1 1 20 5 10 5 5 0 18 16 13 22 5 21 16 18 19 18 14 17 19 23 2 16 1 6 17 16 14 11
split_gain=562.427 771.976 3336.71 4289.97 4464.43 2921.15 3318.95 974.651 4234.36 4355.5 2795.62 1989.71 2676.34 1600.9 1372.22 1308.26 3400.24 6443.99 3932.02 3521.55 3555.1 4144.22 3619.19 3889.04 6071.22 5071.54 7453.4 4279.95 4771.16 6181.51
threshold=34.874102459881584 33.921568554860542 94.337834005623805 18.500000000000004 3.3766708219996917 5.5000000000000009 12.500000000000002 32.535192029820202 55.364453450778079 41.392884765203867 122.63525306884601 84.000453964694671 13.500000000000002 39.977641887746096 147.95255410460524 90.480457417261206 21.247769706650633 95.523980282156728 92.865150172338602 129.04818676945368 32.482100790326967 35.293426604813895 35.671584159031511 86.39963586511405 28.573574117483002 2.5000000000000004 50.002074900397268 78.75524631983815 131.14765144169723 2.752397651958137
decision_type=2 2 2 2 2 2 2 2 2 2 2 2 2 2 2 2 2 2 2 2 2 2 2 2 2 2 2 2 2 2
left_child=1 7 3 4 5 -3 -7 8 -1 -10 11 12 13 -11 15 -9 17 -17 -19 20 21 -18 -22 27 25 -25 -27 28 29 -24
right_child=-2 2 -4 -5 -6 6 -8 14 9 10 -12 -13 -14 -15 -16 16 19 18 -20 -21 22 -23 23 24 -26 26 -28 -29 -30 -31
leaf_value=-0.43932079772154498 -0.23165857052573791 -0.48066429831087593 -0.34479105453938247 0.82819809233769781 0.71286046667532488 0.56404762640595441 -0.26748593250910441 0.015191231145995455 -0.27691253042883346 0.88879232505957284 -0.082972957450768048 0.9209410095214845 0.012512803450226784 0.28309191286563878 -0.33608411191962662 -0.72124867098672052 0.26895391164403976 0.81439255994299187 0.12034435342812078 -0.39720505488816132 -0.43510373376309874 -0.34547082935831303 0.5201237684095299 -0.26492377985589982 -0.60238644739855896 -0.26573418608078592 0.8389292134223757 0.8706695209849965 -0.24678065464423415 -0.27003086507320406
leaf_weight=30 26 30 32 24 22 24 24 2068 36 24 29 20 32 20 32 21 33 23 181 93 40 163 91 58 46 26 37 22 57 34
leaf_count=30 26 30 32 24 22 24 24 2068 36 24 29 20 32 20 32 21 33 23 181 93 40 163 91 58 46 26 37 22 57 34
internal_value=-4.96879e-10 0.00178622 0.11041 0.227881 0.0838048 -0.0936211 0.148281 -0.00348284 0.10606 0.207683 0.347247 0.477209 0.360438 0.613474 -0.0103994 -0.00691731 -0.0563448 0.112743 0.198595 -0.110694 -0.0667974 -0.242022 0.0167646 0.0654835 -0.113438 0.0724439 0.383036 0.211953 0.132328 0.305202
internal_weight=3398 3372 156 124 100 78 48 3216 191 161 125 96 76 44 3025 2993 925 225 204 700 607 196 411 371 167 121 63 204 182 125
internal_count=3398 3372 156 124 100 78 48 3216 191 161 125 96 76 44 3025 2993 925 225 204 700 607 196 411 371 167 121 63 204 182 125
is_linear=0
shrinkage=0.05


Tree=182
num_leaves=31
num_cat=0
split_feature=16 12 16 18 13 6 1 13 20 12 4 16 18 16 16 0 0 18 14 1 1 15 0 4 2 14 0 18 18 10
split_gain=562.487 3346.6 2728.37 4246.9 2637.7 2027.62 4536.87 3991.08 3074.5 3810.85 2810.11 2375.2 2838.04 3383.64 1920.41 3224.96 4473.85 2744.91 1997.44 1903.82 1862.82 2714.07 1806.61 1793.11 1707.21 1675.38 1726.72 5537.83 5256.42 4744.22
threshold=29.772025261057077 17.235518497166733 26.031845050567529 95.748542936471253 19.676506446144355 2.5000000000000004 31.675348083587725 61.724463054192022 71.234131129143705 60.879337553711323 187.2991162699187 24.721701196198861 99.566681966516128 20.212134792281489 35.177546672818195 207.65898173210473 87.072873729932823 71.000955603806247 11.238442564756813 23.000500759041589 24.512088106912778 96.772013735650049 165.35347016597248 213.13774598505799 58.389833081014423 13.949326120542567 34.804138423329412 55.364453450778079 74.115525244106536 0.65034509264922202
decision_type=2 2 2 2 2 2 2 2 2 2 2 2 2 2 2 2 2 2 2 2 2 2 2 2 2 2 2 2 2 2
left_child=1 -1 4 19 -3 6 7 -6 -9 -10 -11 12 13 20 15 16 -2 -18 -16 -4 22 -22 -7 -14 -19 -20 27 -27 -29 -30
right_child=14 2 3 -5 5 11 -8 8 9 10 -12 -13 23 -15 18 -17 17 24 25 -21 21 -23 -24 -25 -26 26 -28 28 29 -31
leaf_value=-0.51522126698493964 -0.55359787204686339 -0.45243597643242944 -0.25472910205523175 0.95530925024123425 0.48574335217475895 0.15743992297813811 -0.54342916737764313 -0.61375700909158459 0.62969544813036915 0.20347836155444388 -0.63469025347381836 -0.28542437599255494 0.18730681866407395 0.73341682847393186 0.49807152092456825 -0.74938076409426602 0.54062872257221628 -0.44045552343130112 -0.28453294216440272 0.3384803048089931 -0.31579938344657421 0.37950218057632451 0.77515217065811159 -0.48222923755645752 0.19118313258108888 -0.55318932558099432 -0.0086080066152079658 0.76478173167277608 0.38770397324715894 -0.25989674573334365
leaf_weight=25 34 27 21 21 40 29 39 23 20 20 20 26 20 38 20 22 27 20 52 38 32 25 20 20 23 24 2519 39 62 52
leaf_count=25 34 27 21 21 40 29 39 23 20 20 20 26 20 38 20 22 27 20 52 38 32 25 20 20 23 24 2519 39 62 52
internal_value=4.59083e-10 0.0487471 0.0781817 0.34468 0.0247484 0.0593828 -0.0735231 0.0754715 -0.12225 0.0661612 -0.215606 0.16191 0.22512 0.328615 -0.00848947 -0.199394 -0.0830505 0.145501 0.000200545 0.127338 0.183498 -0.0108426 0.409567 -0.147461 -0.102602 -0.00342297 0.00199903 0.152955 0.263722 0.0923072
internal_weight=3398 504 479 80 399 372 162 123 83 60 40 210 184 144 2894 126 104 70 2768 59 106 57 49 40 43 2748 2696 177 153 114
internal_count=3398 504 479 80 399 372 162 123 83 60 40 210 184 144 2894 126 104 70 2768 59 106 57 49 40 43 2748 2696 177 153 114
is_linear=0
shrinkage=0.05


Tree=183
num_leaves=31
num_cat=0
split_feature=18 2 10 20 0 18 20 4 19 15 18 14 11 14 21 19 19 19 22 20 18 2 2 20 15 20 18 0 13 20
split_gain=531.999 3633.98 3945.21 3318.72 3117.15 3175.63 1845.25 3092.62 2678.42 2414.68 1533.9 998.48 2205.18 1757.31 991.303 1317.37 3963.05 2843.39 2704.97 2872 2702.37 2398.37 5320.54 2922.76 3016.5 3410.56 6401.69 4434.04 4212.99 3954.65
threshold=43.51670530887295 59.385328277313505 -1.6189310465200999 54.10183862966084 188.2074646060104 37.052620867593092 69.106518763912419 262.17895897328543 21.247769706650633 83.81454506021349 45.195533917291861 12.9265694426068 -0.90547274831840585 14.558943934575842 14.207181748329194 21.521322213798271 21.860532421826679 21.026540393602115 89.581888163797785 77.4649927588098 113.3199589512531 82.321586611833936 86.278027353911241 55.936028514391779 41.693040783592046 79.154297830138816 95.523980282156728 149.87502871076052 123.23001652827155 101.99083059141846
decision_type=2 2 2 2 2 2 2 2 2 2 2 2 2 2 2 2 2 2 2 2 2 2 2 2 2 2 2 2 2 2
left_child=1 2 3 -1 5 -4 7 8 9 -3 -2 12 -12 -13 -15 17 -17 21 -18 -20 -21 23 -23 -16 -25 -26 27 -27 29 -28
right_child=10 6 4 -5 -6 -7 -8 -9 -10 -11 11 13 -14 14 15 16 18 -19 19 20 -22 22 -24 24 25 26 28 -29 -30 -31
leaf_value=0.018623900413513184 0.37402356745941301 -0.78616850942824834 0.39303477891853883 0.88274843001365666 -0.61025058314913805 -0.39676529288291934 -0.63879089736938477 0.27882503517742813 0.12486039296440457 -0.10031710806347074 0.17700021088123322 0.36873121243534668 -0.51041370579706768 -0.34896618910133842 -0.48389270192100886 -0.71215262681245806 0.0093558700292439081 0.63187784010713755 0.20224048710755402 -0.37762991793006662 0.24834397807717323 -0.66323050470913159 0.25033112684885661 -0.12516158981267941 0.45262874649776208 0.1284695819616318 0.83100993844370041 -0.53098237285247218 -0.03835061439928019 0.15316423170077498
leaf_weight=20 28 33 35 25 21 20 25 29 23 21 20 33 28 20 21 20 2278 22 37 125 20 34 30 97 91 50 48 52 53 39
leaf_count=20 28 33 35 25 21 20 25 29 23 21 20 33 28 20 21 20 2278 22 37 125 20 34 30 97 91 50 48 52 53 39
internal_value=1.05998e-09 -0.0699025 0.12766 0.498693 -0.0920309 0.105835 -0.252384 -0.16125 -0.326993 -0.519449 0.00559931 0.00229082 -0.223991 0.00582878 0.00188549 0.00421132 -0.011163 0.075214 -0.00546394 -0.190956 -0.291289 0.0514341 -0.234998 0.0920809 0.12021 0.191684 0.0935607 -0.207722 0.313066 0.527148
internal_weight=3398 252 121 45 76 55 131 106 77 54 3146 3118 48 3070 3037 3017 2480 537 2460 182 145 515 64 451 430 333 242 102 140 87
internal_count=3398 252 121 45 76 55 131 106 77 54 3146 3118 48 3070 3037 3017 2480 537 2460 182 145 515 64 451 430 333 242 102 140 87
is_linear=0
shrinkage=0.05


Tree=184
num_leaves=31
num_cat=0
split_feature=22 11 2 1 22 11 16 4 16 12 9 11 10 1 11 4 12 12 12 16 10 1 0 10 23 9 22 1 6 0
split_gain=532.432 2684.15 3529.92 2752.69 4663.42 5894.89 4195 4121.57 3761.81 3705.09 4342.52 6877.29 8135.14 3639.15 3405.31 3312.43 3058.29 4183.91 4882.73 4765.52 3690.61 3300.22 3163.67 3112.62 3037.77 2970.16 2891.26 3564 2772.25 2589.63
threshold=74.425085011410047 -5.2117220238196404 69.349270665770504 23.901303277275908 71.47698297264175 -0.42621179589109831 60.615554637277192 39.394717413007108 109.00705969218016 126.61266056832905 0.60355339059327384 0.86976329095181781 -1.457471121213852 25.08147862289427 1.5260506605409614 306.47733681564392 54.724720434813555 80.90995217672068 90.334872235714414 30.770557670499858 3.899709510085303 32.059869570408281 75.408211595458255 2.3971686791822511 39.739716847599446 -0.37940952255126015 71.643034795741968 29.175763205192457 2.5000000000000004 146.93217384352036
decision_type=2 2 2 2 2 2 2 2 2 2 2 2 2 2 2 2 2 2 2 2 2 2 2 2 2 2 2 2 2 2
left_child=1 2 -1 4 9 -6 -7 -5 -8 10 11 12 -3 -9 -12 16 20 23 -19 -20 21 22 -15 -18 -24 -17 27 -21 -23 -27
right_child=-2 3 -4 7 5 6 8 13 -10 -11 14 -13 -14 15 -16 25 17 18 19 26 -22 28 24 -25 -26 29 -28 -29 -30 -31
leaf_value=0.58071672804653651 -0.012347544706940577 -0.16878364332434204 -0.091048587091041341 -0.61204115766467471 -0.047117583826184278 0.11815508114440101 1.215990797430277 -0.49526435809257707 0.35475588866642549 -0.66023218103107961 -0.52777724059609077 -0.28859215790033338 0.77342809027149562 0.049102436579190771 0.1918691982626915 0.15089158557710194 0.7826145535423642 -0.60578861286242802 0.78897946238517758 0.77449848428368573 0.46996929869055748 0.56976989984512327 -0.20293210347493493 0.03707806922140576 -0.957638632853826 -0.98573685884475715 -0.32287291194263257 -0.076346101239323616 -0.19019809653361641 -0.18112046584486963
leaf_weight=48 2446 36 33 33 58 28 32 39 21 21 48 50 63 26 25 21 42 24 25 20 24 20 24 21 30 20 38 32 30 20
leaf_count=48 2446 36 33 33 58 28 32 39 21 21 48 50 63 26 25 21 42 24 25 20 24 20 24 21 30 20 38 32 30 20
internal_value=-2.41464e-10 0.0317249 0.307035 0.00612204 0.106691 0.337677 0.613209 -0.0724407 0.874747 -0.0254375 0.0346107 0.189397 0.430806 -0.0333907 -0.281323 0.00980615 0.0681393 0.196098 0.0429013 0.17828 -0.0997023 -0.204872 -0.404036 0.534102 -0.622214 -0.33063 0.00864138 0.250902 0.113789 -0.583429
internal_weight=3398 952 81 871 382 139 81 489 53 243 222 149 99 456 73 417 356 202 139 115 154 130 80 63 54 61 90 52 50 40
internal_count=3398 952 81 871 382 139 81 489 53 243 222 149 99 456 73 417 356 202 139 115 154 130 80 63 54 61 90 52 50 40
is_linear=0
shrinkage=0.05


Tree=185
num_leaves=31
num_cat=0
split_feature=15 5 16 17 11 13 5 17 17 16 14 18 17 18 2 15 12 0 3 15 15 16 3 3 3 22 15 2 13 22
split_gain=541.68 2788.81 3840.43 5448.15 3325.13 3045.84 3643.69 3060.21 3573.86 4287.67 3065.01 2821.18 2783.05 5180.59 4288.02 2763.44 2700.27 3736.23 4188.17 4314.55 4197.43 3469.77 2897.1 4805.93 3170.96 3979.53 2596.96 4534.77 2185.72 2042
threshold=113.78659163858912 2.5000000000000004 35.177546672818195 113.21107899781529 5.638804333049614 41.090628370842744 18.500000000000004 29.301230206303433 46.516021358822279 65.434826714865039 138.19785340808167 95.523980282156728 78.720500876013048 52.024880621456241 63.667777848965521 132.3292303444581 42.258804224141151 113.01285031860661 5.1507463090953394 126.50470665591781 126.50470665591781 37.035413048201562 3.6246683498007601 1.8746308620812786 5.6990938379417164 84.278223586983572 110.13701543474569 52.944217233411464 105.36208323869768 76.353465024051175
decision_type=2 2 2 2 2 2 2 2 2 2 2 2 2 2 2 2 2 2 2 2 2 2 2 2 2 2 2 2 2 2
left_child=26 2 -2 28 5 6 12 11 9 -9 16 15 13 -3 -14 -7 21 18 20 -20 -18 -10 23 -19 25 -24 -1 -28 -4 -23
right_child=1 4 3 -5 -6 7 -8 8 10 -11 -12 -13 14 -15 -16 -17 17 22 19 -21 -22 29 24 -25 -26 -27 27 -29 -30 -31
leaf_value=-0.0024611590541081304 0.33176699516673885 -0.2173320163851199 -0.92277820208109917 0.30584417372941974 0.48976112021641294 -0.13770705616992454 0.73941701691726169 -0.036640635629494982 -0.29100465409457688 0.80186171473995338 -0.53600576950444123 0.085273879971997493 -0.48586559874670848 0.73825576200678544 0.28615677677396989 -0.89009627482065801 -0.072225172108127955 0.020748040368480068 0.3896744938123794 -0.55841006391814785 0.82684530935743283 0.06378205880522729 -0.16576646689710947 -0.81330673855084656 -0.29523329191040576 0.68611959585776694 0.17397229979115147 -0.6050776605910444 -0.26629910355522518 0.68795473405012963
leaf_weight=2488 24 23 32 20 44 23 29 30 20 31 27 29 35 37 37 26 21 31 21 28 34 20 29 39 57 26 31 47 21 38
leaf_count=2488 24 23 32 20 44 23 29 30 20 31 27 29 35 37 37 26 21 31 21 28 34 20 29 39 57 26 31 47 21 38
internal_value=-5.16321e-10 0.0350587 -0.216927 -0.397319 0.068314 0.041478 0.231941 -0.0163795 0.0335302 0.389484 -0.0220021 -0.3056 0.120449 0.371947 -0.0891319 -0.536934 0.0161245 -0.0549947 0.184074 -0.152088 0.483564 0.276895 -0.191605 -0.44394 -0.0338966 0.236943 -0.0113674 -0.295455 -0.662664 0.472723
internal_weight=3398 832 97 73 735 691 161 530 452 61 391 78 132 60 72 49 364 286 104 49 55 78 182 70 112 55 2566 78 53 58
internal_count=3398 832 97 73 735 691 161 530 452 61 391 78 132 60 72 49 364 286 104 49 55 78 182 70 112 55 2566 78 53 58
is_linear=0
shrinkage=0.05


Tree=186
num_leaves=31
num_cat=0
split_feature=1 1 2 2 18 20 2 15 10 21 17 6 5 9 15 2 21 5 17 10 11 23 12 18 13 2 11 19 21 11
split_gain=534.125 700.688 3077.89 2734.27 2264.88 2903.75 1438.55 984.832 4362.85 5042.8 4379.58 4238.19 3625.53 2903.64 2479.01 4123.99 3631.52 1911.92 1928.41 1538.11 1471.02 3075.71 4459.2 3792.25 3482.03 3100.59 3199.38 2863.77 2262.74 1896.69
threshold=34.874102459881584 33.921568554860542 81.461685244447992 70.209128765309615 88.235475990118815 78.713143801305037 51.132980208644177 137.23657890065491 -5.1662926476303443 51.66564034274699 31.827187139251738 1.0000000180025095e-35 3.5000000000000004 0.37940952255126048 134.38986420792185 52.247708438272902 44.070858011737307 14.500000000000002 102.76980120046859 7.183079745877003 4.8601227063599142 39.103348316480286 102.47989932870972 79.011944593220122 46.816400781785156 79.186534635425048 5.7967844807375029 43.703800056772472 41.023819893442841 4.257846585734649
decision_type=2 2 2 2 2 2 2 2 2 2 2 2 2 2 2 2 2 2 2 2 2 2 2 2 2 2 2 2 2 2
left_child=1 7 3 4 5 6 -3 14 -9 10 -10 -12 -13 17 19 -16 -17 18 -14 20 29 22 23 24 -22 26 27 -23 -28 -1
right_child=-2 2 -4 -5 -6 -7 -8 8 9 -11 11 12 13 -15 15 16 -18 -19 -20 -21 21 25 -24 -25 -26 -27 28 -29 -30 -31
leaf_value=0.0025163107977410459 -0.22575478783020608 0.50680532947182655 0.62608045538266499 -0.40022913900113877 0.46173979682581767 -0.52130520457313179 -0.062117974281311043 -0.55128440757592523 -0.23667657557460997 -0.36207167967580833 0.97170974540710453 -0.23222137792357087 0.7614909462630749 0.84615262125929203 -0.88977364117190949 -0.45913141454969142 0.36149452993502984 -0.04414200814384403 0.096714110970497147 -0.4113034100636192 -0.3725715902718631 -0.38882523143992709 0.58572698966149361 -0.71648762345314032 0.46801241210528782 0.22124154448509215 -0.54090588510036475 -1.1428430438041688 0.13308398068854305 0.25438851841858456
leaf_weight=2551 26 20 24 31 35 21 25 24 36 39 25 29 24 27 21 28 26 33 20 23 22 34 31 20 28 25 20 20 33 77
leaf_count=2551 26 20 24 31 35 21 25 24 36 39 25 29 24 27 21 28 26 33 20 23 22 34 31 20 28 25 20 20 33 77
internal_value=-7.67608e-10 0.00174069 0.105227 0.0105268 0.1366 -0.035822 0.190737 -0.00327918 0.0906064 0.156724 0.261018 0.374417 0.262143 0.399995 -0.0114335 -0.295228 -0.0640152 0.24355 0.45932 -0.00405327 -0.000779324 -0.121187 0.0864907 -0.1346 0.0981555 -0.280093 -0.397227 -0.668091 -0.121252 0.00989613
internal_weight=3398 3372 156 132 101 66 45 3216 257 233 194 158 133 104 2959 75 54 77 44 2884 2861 233 101 70 50 132 107 54 53 2628
internal_count=3398 3372 156 132 101 66 45 3216 257 233 194 158 133 104 2959 75 54 77 44 2884 2861 233 101 70 50 132 107 54 53 2628
is_linear=0
shrinkage=0.05


Tree=187
num_leaves=31
num_cat=0
split_feature=23 11 19 19 22 9 22 3 3 17 15 4 0 21 0 18 8 14 0 12 3 23 14 0 22 10 23 19 21 18
split_gain=530.205 2357.6 2325.13 3010.44 2843.39 2830.39 3239.67 3868.32 4252.45 3401.15 3119.97 3043.96 3186.3 4044 3403.6 3331.69 3079.44 4960.07 2829.33 2562.18 2544.44 2448.1 2733.79 2428.02 2119.36 1866.35 1766.56 2090.76 1766.11 1736.69
threshold=36.931727232633968 -6.3017648622806233 50.938133322079167 53.756648595868938 81.390604848643292 -0.70710678118654757 89.581888163797785 3.5463297247861512 4.5309804710011585 94.463860024374597 32.008205028839974 322.19814031776963 95.056660772834022 32.024938806630537 145.8882754944876 97.47269984536392 -0.37940952255126059 71.508329310207898 163.98150586007264 80.90995217672068 3.4463024810180269 35.729656131609531 76.175140918830508 63.116250810182912 75.004149975990558 -0.47424705453400456 37.088543608734547 31.373580757988559 31.168216072413532 74.560121027134812
decision_type=2 2 2 2 2 2 2 2 2 2 2 2 2 2 2 2 2 2 2 2 2 2 2 2 2 2 2 2 2 2
left_child=1 -1 5 -4 -5 6 7 28 -9 -10 20 12 13 23 15 24 17 -16 -18 29 -7 22 -15 -12 -14 -21 27 -2 -3 -20
right_child=26 2 3 4 -6 10 -8 8 9 -11 11 -13 14 21 16 -17 18 -19 19 25 -22 -23 -24 -25 -26 -27 -28 -29 -30 -31
leaf_value=-0.54785624512217257 -0.0044458341869440948 0.30594183184482437 -0.81848873376846321 0.30317326950962131 -0.51198858618736265 -0.08472341525554658 -0.40149996615014971 1.1524038016796112 0.63378796969850859 -0.19586694183803741 0.30866002749513699 0.3451259310756411 -0.048364423854010449 0.042109349653834394 0.061420353289161414 -0.3623395943641663 -0.47910531711578375 -0.81561108325657095 0.076924997568130496 0.21772796690464019 0.58849925259128211 -0.97340681285217967 -0.75545513765378436 -0.41819549903273584 0.5538721340397994 -0.43626375198364259 0.0050723300650409153 0.70190516471862796 -0.22590432746990308 0.72795046000253594
leaf_weight=22 22 27 20 23 20 25 20 20 30 21 27 35 21 21 28 20 25 38 20 20 32 27 22 20 48 24 2642 20 37 21
leaf_count=22 22 27 20 23 20 25 20 20 30 21 27 35 21 21 28 20 25 38 20 20 32 27 22 20 48 24 2642 20 37 21
internal_value=7.39748e-10 -0.0382933 -0.0220933 -0.311691 -0.0759718 0.00691258 0.19239 0.280374 0.534486 0.292165 -0.0537394 -0.101166 -0.142057 -0.359383 -0.0461056 0.205881 -0.173531 -0.443537 -0.0115268 0.125996 0.293226 -0.600253 -0.365947 -0.000640197 0.370583 -0.138995 0.0101868 0.331912 -0.00153173 0.410377
internal_weight=3398 714 692 63 43 629 155 135 71 51 474 417 382 117 265 89 176 66 110 85 57 70 43 47 69 44 2684 42 64 41
internal_count=3398 714 692 63 43 629 155 135 71 51 474 417 382 117 265 89 176 66 110 85 57 70 43 47 69 44 2684 42 64 41
is_linear=0
shrinkage=0.05


Tree=188
num_leaves=31
num_cat=0
split_feature=22 0 9 0 18 2 2 17 11 17 17 15 10 14 1 12 9 1 4 23 1 3 17 23 14 14 4 22 14 17
split_gain=524.903 2679.31 4299.6 3474.2 3302.31 2934.14 2822.87 2814.43 5205.28 3615.53 4990.98 4304.78 2943.19 2608.59 2456.42 2176.12 2072.38 1635.34 1392.77 1372.34 1343.42 1340.7 4301.97 4477.38 4005.43 6736.19 1762.1 1730.43 3225.06 4791.59
threshold=86.019581198893988 81.39391406627098 -0.60355339059327384 32.535192029820202 57.441431512711205 85.649200273097023 34.964540883781588 50.002074900397268 1.0000000180025095e-35 105.5950376577395 137.53050060047482 66.39112821131539 0.54528130967722632 79.692941894057057 26.503019515350207 116.11316038976568 0.1294095225512602 24.085397647398064 150.58594796201791 38.003739097254844 29.432031263521814 0.93208155391589553 77.936081062080419 38.025921082046175 75.297738784815905 97.495915774877929 3.7868482779300221 74.425085011410047 61.664762173837865 19.055015499581817
decision_type=2 2 2 2 2 2 2 2 2 2 2 2 2 2 2 2 2 2 2 2 2 2 2 2 2 2 2 2 2 2
left_child=21 2 -2 -4 -3 6 -6 8 -8 11 12 14 13 -11 -9 18 -12 -5 -13 -14 -19 22 24 -24 -1 -26 -23 -28 29 -29
right_child=1 4 3 17 5 -7 7 9 -10 10 16 15 19 -15 -16 -17 -18 20 -20 -21 -22 26 23 -25 25 -27 27 28 -30 -31
leaf_value=0.73588393267530661 0.28338259687790507 0.59999884636171408 0.20302750375121834 -0.19562024164199832 -0.31050050274745838 -0.38731212597904785 0.25019162242349829 1.2392077779769899 -0.63084539142747731 0.52996723692525516 0.86463961771556319 -0.29039586430246178 -0.1361586229875684 -0.14787282437086105 0.45555971145629881 0.52578640869435145 0.17022705023938961 -1.0046802859008312 0.24122763531216021 -0.69695691863695786 -0.44982231731216116 0.33504386965717592 -0.76103563958948317 0.10621808093527091 -0.66102257013320931 0.47791184573560153 0.034897466633459384 -0.77119074772144192 -0.00126863881030684 -0.11256115664389617
leaf_weight=39 39 31 22 25 37 33 38 20 30 22 21 22 20 40 20 34 22 20 28 24 24 35 22 46 20 37 884 29 1136 578
leaf_count=39 39 31 22 25 37 33 38 20 30 22 21 22 20 40 20 34 22 20 28 24 24 35 22 46 20 37 884 29 1136 578
internal_value=4.66504e-10 0.0436803 -0.155856 -0.344102 0.102368 0.0648334 0.104306 0.149315 -0.138501 0.221005 0.0550111 0.420466 -0.1293 0.0926511 0.847384 0.217171 0.509359 -0.518549 0.0073133 -0.442049 -0.70203 -0.00884117 0.129909 -0.174364 0.345435 0.0782857 -0.0173892 -0.0220848 -0.0509845 -0.144028
internal_weight=3398 572 130 91 442 411 378 341 68 273 149 124 106 62 40 84 43 69 50 44 44 2826 164 68 96 57 2662 2627 1743 607
internal_count=3398 572 130 91 442 411 378 341 68 273 149 124 106 62 40 84 43 69 50 44 44 2826 164 68 96 57 2662 2627 1743 607
is_linear=0
shrinkage=0.05


Tree=189
num_leaves=31
num_cat=0
split_feature=23 0 23 23 12 12 16 0 22 14 14 18 21 20 16 13 18 0 0 16 21 19 6 9 16 14 10 1 23 18
split_gain=529.427 850.464 780.048 3012.54 2652.52 3625.29 3462.18 1468.51 976.305 923.057 4617.59 3004.5 3400.01 3087.42 2958.49 3668.37 2872 2892.55 5370.33 4071.91 2859.14 4639.4 3650.52 4797.11 5123.5 4039.49 3856.38 3555.65 3491.61 6215.98
threshold=31.345376272086877 160.74005342577775 34.23702838303619 33.8904173212538 70.538109033335559 100.42856146201957 71.60845260950795 118.52232350599415 57.308494947558721 66.431351007957559 67.833002698266228 52.390916543865792 42.313619880816503 55.450888722883818 140.7376399029155 50.727938971387339 56.412754297690036 183.71385648156334 190.89900013959718 75.102283192060284 36.833369267397309 48.076300028148175 4.5000000000000009 0.60355339059327384 107.30558357705105 25.303793614545494 0.41053723426671029 27.974248893301709 40.054569420295827 52.024880621456241
decision_type=2 2 2 2 2 2 2 2 2 2 2 2 2 2 2 2 2 2 2 2 2 2 2 2 2 2 2 2 2 2
left_child=1 -1 3 4 6 7 -2 -6 -4 14 -11 12 -12 -13 20 -16 -15 -18 19 -19 21 22 25 24 26 -10 27 -24 29 -22
right_child=2 -3 8 -5 5 -7 -8 -9 9 10 11 13 -14 16 15 -17 17 18 -20 -21 28 -23 23 -25 -26 -27 -28 -29 -30 -31
leaf_value=0.39094441316344519 0.068520270713738035 -0.059557118117809296 -0.34516828663647181 -0.58124436012336189 0.74825719594955453 -0.22102634983532354 -0.78076625324430926 0.16994709258987792 -0.33166036844253544 0.57347036160920795 -0.62138063356672468 0.44729402287061826 0.12064930292276235 0.52058295384049413 0.23325475960969927 -0.56572434785319314 0.051030357312349596 -0.18978600325407807 -0.038186524546417959 -1.1181066747222628 0.21826632225360629 0.8028325603766876 0.063109943866729731 0.29893776102121489 0.27513443414981548 0.24525173029049482 -1.0319097547576976 -0.79756496012210842 0.029473313104682725 -0.28454214116044602
leaf_weight=22 28 20 20 28 23 33 21 21 35 38 38 43 26 28 20 51 1212 27 428 21 78 22 30 43 26 228 26 20 452 290
leaf_count=22 28 20 20 28 23 33 21 21 35 38 38 43 26 28 20 51 1212 27 428 21 78 22 30 43 26 228 26 20 452 290
internal_value=-2.27555e-10 0.17642 -0.00220788 -0.112126 -0.00787769 0.175129 -0.29546 0.472246 0.00307864 0.00526749 0.0279563 0.0165852 -0.319931 0.0288291 -0.0266961 -0.34066 0.0183431 0.0100121 -0.0944292 -0.595926 -0.008863 0.0955622 0.0574251 -0.143999 -0.330727 0.168476 -0.537995 -0.28116 -0.0636226 -0.177969
internal_weight=3398 42 3356 154 126 77 49 44 3202 3182 1861 1823 64 1759 1321 71 1716 1688 476 48 1250 430 408 145 102 263 76 50 820 368
internal_count=3398 42 3356 154 126 77 49 44 3202 3182 1861 1823 64 1759 1321 71 1716 1688 476 48 1250 430 408 145 102 263 76 50 820 368
is_linear=0
shrinkage=0.05


Tree=190
num_leaves=31
num_cat=0
split_feature=15 16 16 21 11 0 19 17 21 17 9 2 15 14 6 18 18 5 22 14 14 13 2 15 22 22 15 2 19 4
split_gain=522.486 2422.47 4139.13 4754.49 3328.62 3825.02 3189.46 3043.93 3176.57 3535.07 3011.46 3834.13 2996.98 2962.81 3497.59 3238.98 3505.82 2948.61 2855.46 3227.51 4774.37 2746.91 2728.67 2693.89 2532.05 2947.71 2279.72 3896.91 2268.66 2170
threshold=113.78659163858912 130.09873134634168 116.33211010040013 44.702617429525503 5.638804333049614 74.118917389619142 35.544923387769536 114.63599133119989 40.812332805780592 59.589384129811485 -0.78656609248549325 63.667777848965521 120.25807366121275 42.277111086156161 3.5000000000000004 64.596308343223299 71.267845116764477 16.500000000000004 77.603878906202809 63.794391967260928 111.05220779604555 99.848989906574033 46.262310877785261 131.13903498164964 77.482491086464861 74.861102955455664 110.13701543474569 52.944217233411464 35.160623797026695 278.80272986256915
decision_type=2 2 2 2 2 2 2 2 2 2 2 2 2 2 2 2 2 2 2 2 2 2 2 2 2 2 2 2 2 2
left_child=26 2 4 6 5 18 -4 8 -3 -10 11 22 21 14 -14 17 -17 -15 23 -20 -21 -12 -7 -2 25 -18 -1 -28 -13 -26
right_child=1 7 3 -5 -6 10 -8 -9 9 -11 12 28 13 15 -16 16 24 -19 19 20 -22 -23 -24 -25 29 -27 27 -29 -30 -31
leaf_value=-0.0028196621113595289 0.90391456994872821 0.51285828230902553 -0.27682183928349441 0.24258806055784224 0.475207316733542 0.30783663463592531 -1.0391863659672116 0.79852245421636681 0.33040824299273286 -0.51313612011295784 0.46580892644430466 0.19434297852218152 -0.78294960558414461 -0.064972175635171658 -0.034276852871362978 -0.8113486995299658 -0.18166954575673394 0.6823219898072157 -0.42703810593356262 0.57759905450565874 -0.2913179500102997 -0.16841731797302925 -0.40497235511911334 0.13205669522285463 -0.36658673074924286 0.64831094086170205 0.15782748191587387 -0.56435666515472094 0.94744620263576518 0.11846743264505942
leaf_weight=2488 26 32 34 25 42 25 23 21 23 27 38 20 39 33 26 21 23 22 23 43 25 31 29 20 90 20 31 47 20 31
leaf_count=2488 26 32 34 25 42 25 23 21 23 27 38 20 39 33 26 21 23 22 23 43 25 31 29 20 90 20 31 47 20 31
internal_value=2.79938e-10 0.034432 0.00236252 -0.332299 0.0447771 0.014896 -0.584443 0.261409 0.123856 -0.125106 -0.0531255 0.199867 -0.116712 -0.184033 -0.483481 -0.102933 -0.203086 0.233945 0.247262 0.0849663 0.258144 0.180867 -0.0749682 0.568324 -0.125198 0.204368 -0.0111642 -0.277335 0.570895 -0.242317
internal_weight=3398 832 729 82 647 605 57 103 82 50 468 94 374 305 65 240 185 55 137 91 68 69 54 46 164 43 2566 78 40 121
internal_count=3398 832 729 82 647 605 57 103 82 50 468 94 374 305 65 240 185 55 137 91 68 69 54 46 164 43 2566 78 40 121
is_linear=0
shrinkage=0.05


Tree=191
num_leaves=31
num_cat=0
split_feature=3 21 5 15 2 14 1 0 20 21 4 19 11 11 1 11 19 20 11 10 10 14 14 2 5 2 16 21 1 10
split_gain=516.703 2460.49 1927.93 1747.36 3189.22 1842.25 922.181 2181.38 2923.23 2675.63 2941.55 2319.17 3384.49 2282.52 2100.18 2011.16 2814.89 3346.78 1646.66 1169.1 5103.31 2802.45 5704.05 2630.18 2545.09 4293.28 2749.03 4758.8 4304.5 4049.61
threshold=7.6875829376374174 35.559336706625011 13.500000000000002 87.08189459004619 71.135561471550247 65.879508315841576 32.895248511743709 83.291238011679596 95.422472973284343 34.851538704449212 250.73362300623043 39.584077777623541 -0.12569585727224847 -1.3690618705890218 32.667821894083275 -2.7687105338147213 45.829110582935805 75.300705621153057 0.062506358567680789 1.2357458416233917 1.2889713109921102 146.83445490526017 144.60957462720924 30.711573643183716 21.500000000000004 57.76149430576519 65.434826714865039 41.428100657716051 16.81579636352475 4.7220844461041418
decision_type=2 2 2 2 2 2 2 2 2 2 2 2 2 2 2 2 2 2 2 2 2 2 2 2 2 2 2 2 2 2
left_child=6 2 -2 4 -3 -5 14 11 9 10 -9 12 -8 -10 19 -11 18 -18 -17 21 -21 22 23 -1 26 -26 -22 28 -28 -29
right_child=1 3 -4 5 -6 -7 7 8 13 15 -12 -13 -14 -15 -16 16 17 -19 -20 20 24 -23 -24 -25 25 -27 27 29 -30 -31
leaf_value=0.48784920525550846 -0.7729608324170113 -0.056926416128109662 -0.07871104985475541 0.12793329443250384 0.70734224092392695 -0.52679020437327295 -0.29871322917938231 0.23865778471867088 0.20593562602996826 -0.053319052778757536 -0.43677745099282927 -0.43737199745468192 0.56231150400070917 -0.49342955308301112 -0.37941813259511381 0.91903478724341248 -0.1907170601685842 0.56936097975288125 0.41862192633960932 0.81458699362618592 -0.045813490595858902 0.40138820896023203 -0.74059943599360334 -0.028592605190299287 0.15349210222416065 -0.61520323906189356 -0.56547300388415656 0.45214519895055671 0.066321021548815459 -0.064944207666478321
leaf_weight=25 20 39 20 21 21 22 25 40 20 26 27 37 21 28 37 31 30 28 35 21 411 38 28 1780 34 39 30 147 266 51
leaf_count=25 20 39 20 21 21 22 25 40 20 26 27 37 21 28 37 31 30 28 35 21 411 38 28 1780 34 39 30 147 266 51
internal_value=1.53601e-10 -0.0930221 -0.425836 0.0362259 0.210568 -0.207042 0.00408669 0.081006 0.151065 0.229168 -0.0335325 -0.142675 0.0943633 -0.202027 -0.00512141 0.346508 0.430342 0.176217 0.653664 -0.000295979 0.0433766 -0.0236145 -0.0324252 -0.0214397 0.0268168 -0.257181 0.0497249 0.129211 0.00228784 0.318956
internal_weight=3398 143 40 103 60 43 3255 348 265 217 67 83 46 48 2907 150 124 58 66 2870 999 1871 1833 1805 978 73 905 494 296 198
internal_count=3398 143 40 103 60 43 3255 348 265 217 67 83 46 48 2907 150 124 58 66 2870 999 1871 1833 1805 978 73 905 494 296 198
is_linear=0
shrinkage=0.05


Tree=192
num_leaves=31
num_cat=0
split_feature=15 6 10 11 11 15 21 8 21 3 21 3 16 16 11 18 5 19 18 4 6 15 8 1 10 0 19 22 11 3
split_gain=520.358 3456.56 3354.38 4278.98 3805.61 2948.12 3625.34 3572.78 3895.79 3721.73 3414.01 2878.95 2278.23 2921.41 3065.28 2438.87 1478.26 1285.98 3157.4 5558.7 3481.39 3633.45 5654.51 4337.77 3302.07 2985.79 2572.62 3441.38 4837.77 4717.12
threshold=28.487106036837627 4.5000000000000009 -0.68305778352314106 -2.8968885571045102 -0.31088168083715101 21.634916392971682 45.00318517516731 0.25881904510252091 41.347263719700415 4.9481600488072042 37.714196386873205 5.5323305261104334 131.45747619033003 99.164140170321716 0.31158477453455513 75.274189974801615 11.500000000000002 44.274933116388105 102.9026378701344 255.66025395740022 3.5000000000000004 38.312788750483946 -0.60355339059327362 20.6010144545217 -1.903571916061368 33.769420541338064 27.814447046585531 83.648077301841241 -5.8913476298262184 1.361819560307665
decision_type=2 2 2 2 2 2 2 2 2 2 2 2 2 2 2 2 2 2 2 2 2 2 2 2 2 2 2 2 2 2
left_child=1 2 3 -1 -5 7 10 9 -9 -4 -7 -6 13 14 16 -16 -3 26 20 -20 -19 -22 23 -23 -25 -24 -2 28 -28 -29
right_child=17 12 5 4 11 6 -8 8 -10 -11 -12 -13 -14 -15 15 -17 -18 18 19 -21 21 22 25 24 -26 -27 27 29 -30 -31
leaf_value=-0.62844294275556301 0.042701675957979884 -0.93233804523944852 0.80933000670468569 0.53358832821249969 -0.45681280478453029 0.09248881850923811 0.31898949251455422 0.49247170753777025 -0.44377274656295773 0.089050128953210239 -0.78928147341003241 0.20771510287054948 -0.74462397128343583 0.27074868345055086 -0.48701876061303279 0.19099822839101155 -0.34457617998123169 -0.0057263965764835882 -0.66001514105714465 0.35361910377229966 0.72103354891141258 -0.79736413115804849 -0.27440201886322185 0.55098691225051888 -0.20301415785303656 0.32251188637411343 0.46947551835328344 -0.49770885784819258 -0.1597266382336042 0.14645958703055273
leaf_weight=35 966 20 47 26 39 21 34 20 25 29 23 28 20 29 21 36 23 522 38 21 30 22 23 20 53 235 32 32 674 254
leaf_count=35 966 20 47 26 39 21 34 20 25 29 23 28 20 29 21 36 23 522 38 21 30 22 23 20 53 235 32 32 674 254
internal_value=7.05132e-10 -0.0484782 0.0424729 -0.157202 0.0201465 0.170907 -0.0687893 0.325422 -0.0276641 0.534486 -0.368437 -0.1791 -0.248082 -0.171099 -0.299235 -0.0587975 -0.617954 0.0078972 0.0551704 -0.29923 0.078275 0.192762 0.147867 -0.181916 0.00356148 0.269299 -0.0153773 -0.071934 -0.131208 0.0743848
internal_weight=3398 476 327 128 93 199 78 121 45 76 44 67 149 129 100 57 43 2922 964 59 905 383 353 95 73 258 1958 992 706 286
internal_count=3398 476 327 128 93 199 78 121 45 76 44 67 149 129 100 57 43 2922 964 59 905 383 353 95 73 258 1958 992 706 286
is_linear=0
shrinkage=0.05


Tree=193
num_leaves=31
num_cat=0
split_feature=4 21 1 16 16 17 0 19 17 4 18 1 2 10 1 17 17 5 1 15 21 4 21 13 19 15 4 6 21 3
split_gain=546.09 2553.72 2365.7 3636.29 3148.9 4205.68 3298.5 2630.55 2459.62 1743.78 1655.38 1085.86 1297.1 3438.14 1079.48 3184.22 4348.08 3792.88 4064.95 4063.74 3932.56 3712.8 3232.74 4542.95 2279.92 1391.57 1671.32 4790.95 5259.06 3780.25
threshold=334.12517467582995 26.04693257653285 30.261532676383499 65.434826714865039 69.189736788127064 50.857981772717721 192.91241116729256 36.049673321768317 54.301873295395531 329.84105841708305 83.978208314927869 34.874102459881584 88.648866425841263 -1.1984171993680899 32.895248511743709 44.370480406840365 23.866308480894677 5.5000000000000009 34.128174980225261 115.29954755549967 33.974274568943564 250.73362300623043 41.428100657716051 102.39820263285498 40.554278905514401 11.238442564756813 291.46136070215266 5.5000000000000009 37.330353060538862 6.273029690531839
decision_type=2 2 2 2 2 2 2 2 2 2 2 2 2 2 2 2 2 2 2 2 2 2 2 2 2 2 2 2 2 2
left_child=9 -2 4 -4 8 -6 7 -7 -3 11 -10 12 14 -14 25 16 -16 18 -17 20 21 -19 -22 -24 -21 -1 -27 28 -28 -30
right_child=1 2 3 -5 5 6 -8 -9 10 -11 -12 -13 13 -15 15 17 -18 19 -20 24 22 -23 23 -25 -26 26 27 -29 29 -31
leaf_value=0.40607440911233428 -0.50351899623870844 0.19793445497494322 0.22590282503515483 -0.62850557348944935 -0.19200883630444021 -0.17168543279170989 1.0285645917057991 0.5910446192782659 -0.67891074332098178 0.41354664140022718 -0.09165388469894728 -0.33991786889407949 0.76742629289627073 -0.063375866300228872 -0.073358354965845737 0.0028981515230276644 0.76601605580912702 0.24236777587370439 -0.8042167526025038 0.065139964900233535 0.88304872234662379 -0.62098174571990972 0.68042703661425363 -0.21246430001088551 -0.65469580265608707 -0.027011574787819282 0.41737736532048991 -0.40389637430863723 -0.17384687539255411 0.36313414332335414
leaf_weight=20 30 29 20 33 34 20 20 26 24 26 24 23 20 33 27 39 36 33 26 22 30 20 29 28 22 2381 121 42 114 46
leaf_count=20 30 29 20 33 34 20 20 26 24 26 24 23 20 33 27 39 36 33 26 22 30 20 29 28 22 2381 121 42 114 46
internal_value=-3.88182e-11 -0.0696354 -0.0130419 -0.306087 0.0747062 0.259764 0.492496 0.259423 -0.165629 0.00576966 -0.385282 0.00236279 0.00491133 0.250134 0.000630429 0.0887257 0.406284 0.00837956 -0.319948 0.124365 0.256095 -0.0834245 0.462929 0.241814 -0.294778 -0.00945978 -0.0125333 0.0941939 0.168642 -0.0194648
internal_weight=3398 260 230 53 177 100 66 46 77 3138 48 3112 3089 53 3036 312 63 249 65 184 140 53 87 57 44 2724 2704 323 281 160
internal_count=3398 260 230 53 177 100 66 46 77 3138 48 3112 3089 53 3036 312 63 249 65 184 140 53 87 57 44 2724 2704 323 281 160
is_linear=0
shrinkage=0.05


Tree=194
num_leaves=31
num_cat=0
split_feature=23 23 15 1 2 14 3 15 17 13 19 4 22 13 10 11 3 1 14 13 21 1 17 0 3 5 1 6 23 22
split_gain=514.737 2123.92 1774.88 1681.75 1556.57 1629.47 1501.16 1903.75 1960.51 1020.81 3084.52 2570.18 1445.33 1132.44 3592.43 5269.71 4150.54 4302.15 4140.39 5411.77 5930.37 4560.66 4081.18 3997.98 3009.44 2871.79 3031.96 3251.94 3773.79 3725.07
threshold=45.814108510011316 45.514448701989615 18.516249388623095 32.2190852961768 80.052402790281647 131.14765144169723 6.0471471178604039 125.3328836058259 99.549735575467551 144.59883289535705 60.550408661308232 263.40541117111445 80.382037013184672 116.08107104797585 0.65034509264922202 4.9520640070280519 1.5334262947756419 31.95561821471426 59.524871543796756 122.1627202960225 38.148358617335141 30.171515501317483 89.675842171106353 171.30157563538438 4.8504909039961488 6.5000000000000009 28.060645880366547 4.5000000000000009 38.817240894331675 79.630701569397004
decision_type=2 2 2 2 2 2 2 2 2 2 2 2 2 2 2 2 2 2 2 2 2 2 2 2 2 2 2 2 2 2
left_child=1 9 -2 4 5 6 7 8 -4 13 11 12 -11 -1 18 16 -16 25 21 22 23 -15 -20 -21 -22 -18 27 28 -27 -30
right_child=2 -3 3 -5 -6 -7 -8 -9 -10 10 -12 -13 -14 14 15 -17 17 -19 19 20 24 -23 -24 -25 -26 26 -28 -29 29 -31
leaf_value=-0.010233045871813191 -0.3673415315151215 -0.37153148628198185 0.63796074688434601 -0.22528380155563354 0.60751161992549907 -0.18909814526637397 0.53374626402711056 -0.23215103092101905 -0.04603490829467774 -0.2121513917669654 0.26022582121433752 0.11139084579931065 -0.7646590261623778 0.095195151669094757 -0.69506185770034801 -0.81263608011332433 -0.38873244784772398 0.58392929737315036 1.1046131016746645 0.13419990155257677 0.62069874799810354 -0.66638034021854409 0.27941415104372752 -0.63793395658334096 0.042440603425105417 0.46844636702444409 -0.35111242008931715 0.65045458345577645 0.24751340175668399 -0.5882205068568388
leaf_weight=2454 20 39 22 28 20 30 29 26 20 20 31 22 29 92 20 22 44 33 31 38 60 25 29 30 36 32 33 29 24 30
leaf_count=2454 20 39 22 28 20 30 29 26 20 20 31 22 29 92 20 22 44 33 31 38 60 25 29 30 36 32 33 29 24 30
internal_value=-4.12949e-10 -0.00480164 0.0788701 0.129866 0.197513 0.132947 0.232548 0.104096 0.312249 -0.00028127 -0.155888 -0.337571 -0.539146 0.00490222 0.0659909 -0.0713608 -0.00479728 0.0565596 0.173536 0.299453 0.150801 -0.0675347 0.705767 -0.206447 0.403852 -0.0340821 0.0713545 0.192584 0.0381859 -0.216783
internal_weight=3398 3203 195 175 147 127 97 68 42 3164 102 71 49 3062 608 267 245 225 341 224 164 117 60 68 96 192 148 115 86 54
internal_count=3398 3203 195 175 147 127 97 68 42 3164 102 71 49 3062 608 267 245 225 341 224 164 117 60 68 96 192 148 115 86 54
is_linear=0
shrinkage=0.05


Tree=195
num_leaves=31
num_cat=0
split_feature=4 21 1 20 9 14 9 15 4 23 1 2 10 2 17 9 3 0 13 18 0 4 2 15 14 11 23 10 18 10
split_gain=510.592 2331.19 2162.56 1813.43 3051.68 3447.37 2692.42 2065.17 1537.47 1526.73 945.951 1168.12 3062.6 1069.28 1244.84 3381.98 3896.58 3065.69 3177.25 4501.51 3066.23 3550.68 3033.54 5683.35 4636.72 3502.38 3033.49 3020.86 3705.41 6193.88
threshold=334.12517467582995 26.04693257653285 31.95561821471426 68.694065608889247 -0.5 98.37788894511867 -0.12940952255126037 85.617786991115111 329.84105841708305 39.019290645514438 34.874102459881584 88.648866425841263 -1.1984171993680899 88.138509365591958 92.414140370004063 -0.9159756150367534 1.6596097492935 213.28818797005383 32.008205028839974 96.880465639537945 231.12073238302938 141.98952280310615 59.385328277313505 85.617786991115111 76.175140918830508 1.4947928089848246 39.226347158491372 2.5664934968270128 76.947341161748042 5.4391013593190243
decision_type=2 2 2 2 2 2 2 2 2 2 2 2 2 2 2 2 2 2 2 2 2 2 2 2 2 2 2 2 2 2
left_child=8 -2 3 6 7 9 -3 -5 10 -6 11 13 -13 14 -1 16 -16 27 -19 20 21 -20 23 24 -18 -24 -22 -17 29 -29
right_child=1 2 -4 4 5 -7 -8 -9 -10 -11 -12 12 -14 -15 15 17 22 18 19 -21 26 -23 25 -25 -26 -27 -28 28 -30 -31
leaf_value=-0.022722923333220554 -0.48188234051068629 0.68931742977971844 -0.3946337070548907 -0.71713610757952162 0.22705994162708523 0.49113458109063074 -0.0066938076958511818 -0.047099392180857458 0.38847409395071181 -0.31264731382068839 -0.31708954831828245 0.72569431245326999 -0.058423556342269437 -0.33172292510668439 0.45836843479247324 -0.012137441958357172 -0.34195829987525944 -0.26062325909733774 0.37107541243235276 -0.15110193355516954 0.68321286099297662 1.1403474124272666 -0.87254402181681456 -0.62275717874368031 0.64088630477587394 -0.038682537276763469 -0.10586109017503674 0.26652778250272158 0.41315638614552364 -0.61097118506828951
leaf_weight=1817 30 24 32 23 20 37 33 23 26 38 23 20 33 24 21 677 20 24 30 33 21 30 34 30 30 20 29 61 105 30
leaf_count=1817 30 24 32 23 20 37 33 23 26 38 23 20 33 24 21 677 20 24 30 33 21 30 34 30 30 20 29 61 105 30
internal_value=4.96714e-10 -0.0673341 -0.0132626 0.0483732 -0.0478357 0.114027 0.286364 -0.382118 0.00557899 -0.126541 0.00237999 0.00475869 0.23747 0.000696208 0.00334497 0.0429812 -0.174901 0.0754541 0.27173 0.361076 0.514729 0.755711 -0.274145 -0.0786912 0.247748 -0.563706 0.22555 0.0379077 0.210768 -0.0227576
internal_weight=3398 260 230 198 141 95 57 46 3138 58 3112 3089 53 3036 3012 1195 155 1040 167 143 110 60 134 80 50 54 50 873 196 91
internal_count=3398 260 230 198 141 95 57 46 3138 58 3112 3089 53 3036 3012 1195 155 1040 167 143 110 60 134 80 50 54 50 873 196 91
is_linear=0
shrinkage=0.05


Tree=196
num_leaves=31
num_cat=0
split_feature=23 21 23 23 5 15 3 18 14 1 9 20 16 22 12 16 11 18 21 13 13 21 15 15 19 12 18 18 3 3
split_gain=492.081 2159.47 2174.66 4985.42 4956.88 3261.69 2859.88 2799.24 3080.03 2430.89 2243 4591.79 3776.59 3052.64 4433.73 3179.73 2638.09 4626.65 5785.34 4031.14 4726.74 5819.77 4313.91 6227.38 6291.58 4454.12 4135.78 4533.87 3930.76 5216.45
threshold=39.376908094438669 17.622502713124689 39.813515312856104 39.979348296686901 4.5000000000000009 76.085250173343312 4.5309804710011585 65.511540603171497 76.175140918830508 27.341429659028297 0.37940952255126048 50.255001529655388 12.895455419497763 70.818207362645623 60.879337553711323 66.540977494920284 2.1589292164241995 67.99584599689544 42.92945979427968 126.58260430826508 117.56061236323403 26.783686532970723 88.000152051844353 39.495482549616028 30.356043267130605 70.538109033335559 113.80226788894383 97.24582156353442 5.5323305261104334 3.0340533698393291
decision_type=2 2 2 2 2 2 2 2 2 2 2 2 2 2 2 2 2 2 2 2 2 2 2 2 2 2 2 2 2 2
left_child=-1 -2 4 6 -3 7 -4 -6 -9 -7 11 -5 -12 14 15 -13 19 18 -18 20 21 -15 23 24 -23 -25 27 -21 29 -27
right_child=1 2 3 10 5 9 -8 8 -10 -11 12 13 -14 16 -16 -17 17 -19 -20 26 -22 22 -24 25 -26 28 -28 -29 -30 -31
leaf_value=-0.020592110098515172 -0.48653576232138135 -0.33375309265134601 -0.11705642968416215 -0.65630300790071494 1.0233414936324825 -0.1694309026002884 -0.88118469367424646 -0.075661181861704049 0.76100336746736019 0.40561015290372515 -0.57745004624128338 -0.49343594734867413 0.12155544103796867 -0.8335747619469962 0.58790547239780433 0.29753854296825549 0.90867028832435615 -0.05063918025957214 0.048546471900266147 -0.50924368888139726 0.4561065122120731 -0.84620347773587268 -0.20385314101597879 -0.0049798234012620205 0.066057103119849678 0.37245945612589521 -0.83333546360954647 0.17475718841590782 0.053682818412780768 1.3614409397045772
leaf_weight=1565 21 36 25 28 23 40 24 22 22 34 20 24 571 24 50 27 34 162 46 50 46 27 198 58 63 30 32 47 25 24
leaf_count=1565 21 36 25 28 23 40 24 22 22 34 20 24 571 24 50 27 34 162 46 50 46 27 198 58 63 30 32 47 25 24
internal_value=-1.47479e-10 0.0175814 0.0234238 0.0054013 0.189903 0.323602 -0.491323 0.576334 0.342671 0.0947771 0.0207478 -0.0250786 0.0979004 -0.00680114 0.25333 -0.0746847 -0.0371398 0.102993 0.414099 -0.0914863 -0.0266103 -0.0760646 -0.0332876 0.115488 -0.207621 0.327749 -0.340429 -0.177821 0.572031 0.812007
internal_weight=3398 1833 1812 1635 177 141 49 67 44 74 1586 995 591 967 101 51 866 242 80 624 495 449 425 227 90 137 129 97 79 54
internal_count=3398 1833 1812 1635 177 141 49 67 44 74 1586 995 591 967 101 51 866 242 80 624 495 449 425 227 90 137 129 97 79 54
is_linear=0
shrinkage=0.05


Tree=197
num_leaves=31
num_cat=0
split_feature=15 5 23 10 11 10 10 18 22 12 8 23 19 2 17 11 17 14 20 16 6 0 2 17 21 15 2 16 17 16
split_gain=521.556 2373.76 3259.77 4057.67 2597.66 2417.04 3373.64 3076.62 3697.89 4780.79 4102.72 3966.95 5752.78 3422.42 3040.1 3606.2 4089.49 4490.08 3155.82 3111.7 2906.02 2959.81 2549.59 2446.46 2158.06 2044.92 3392.8 1962.2 1664.03 1543.46
threshold=113.78659163858912 2.5000000000000004 43.390849594183372 0.37225957934629622 5.638804333049614 -6.2646274275021874 -5.1662926476303443 43.51670530887295 81.493683885658371 137.65877416669562 -0.37940952255126059 39.648390091437072 40.053124230537925 68.893178821040422 136.25132897723014 3.9410745047953282 72.246257741779132 52.829497934436233 105.29742426217295 67.978239378725718 1.5000000000000002 152.36214615032418 62.017631269594155 85.493532220649215 37.927631075186774 110.13701543474569 52.944217233411464 67.095610888318291 98.531573834297362 129.64653953902305
decision_type=2 2 2 2 2 2 2 2 2 2 2 2 2 2 2 2 2 2 2 2 2 2 2 2 2 2 2 2 2 2
left_child=25 2 3 -2 5 -3 -7 -8 9 10 20 13 -13 -12 15 16 17 -10 23 -19 -9 -22 -14 -18 -25 29 -27 -26 -28 -1
right_child=1 4 -4 -5 -6 6 7 8 14 -11 11 12 22 -15 -16 -17 18 19 -20 -21 21 -23 -24 24 27 26 28 -29 -30 -31
leaf_value=0.012416926798977832 -0.68997043211285669 0.4803108688195547 0.33709804632446988 0.048796329789740203 0.43758550504730503 -0.44244400842769727 -0.41354205643429476 -0.32154067119485452 -0.48633940219879152 -0.51034634465521034 0.45698593478851229 -0.20685508818853471 0.87913162608941409 1.244486227360639 0.36571364469434087 -0.71086384343064357 -0.86648674368858336 -0.011307648373277565 0.28957617635076699 0.59158312774985577 0.43615402227865074 -0.16154727633932936 0.16080763311613175 -0.57470906614776585 -0.42266095440834761 0.14279547006853166 -0.81014892172813424 0.22110163230320504 -0.21391247998584403 -0.10223633401917623
leaf_weight=2148 41 30 22 34 44 37 34 38 21 22 37 42 30 22 38 23 20 38 22 49 53 34 21 31 20 31 25 29 22 340
leaf_count=2148 41 30 22 34 44 37 34 38 21 22 37 42 30 22 38 23 20 38 22 49 53 34 21 31 20 31 25 29 22 340
internal_value=-6.24504e-10 0.0344014 -0.198078 -0.355063 0.0650823 0.0413628 0.0214408 0.0489468 0.0755987 0.199089 0.255434 0.429935 0.226484 0.75063 -0.0512863 -0.113919 -0.0542242 0.169859 -0.252593 0.328252 0.0432401 0.20257 0.583351 -0.37187 -0.248216 -0.0111543 -0.263245 -0.0416586 -0.53106 -0.00325112
internal_weight=3398 832 97 75 735 691 661 624 590 299 277 152 93 59 291 253 230 108 122 87 125 87 51 100 80 2566 78 49 47 2488
internal_count=3398 832 97 75 735 691 661 624 590 299 277 152 93 59 291 253 230 108 122 87 125 87 51 100 80 2566 78 49 47 2488
is_linear=0
shrinkage=0.05


Tree=198
num_leaves=31
num_cat=0
split_feature=17 0 16 23 9 22 1 13 19 16 9 21 6 21 20 0 15 9 1 12 12 5 5 22 3 16 17 0 19 19
split_gain=486.064 2130.16 3553.89 2696.49 2527.28 2410.43 2572.06 3626.32 2913.39 2360.95 2408.8 2141.52 2625.52 2812.34 4462.76 2670.01 2984.28 4771.87 2782.64 2252.93 1894.55 1857.27 1775.63 1671.45 1480.05 4033.49 1612.79 4812.58 2422.99 4355.11
threshold=122.35553130305776 89.410540603103371 41.392884765203867 38.500087567443309 1.0000000180025095e-35 77.482491086464861 27.015732602670266 79.743090676152889 54.568596553155565 70.194501358482299 -0.37940952255126015 24.913672909899542 1.5000000000000002 33.255853809499861 84.364873849193728 185.3476620765546 112.29050305543261 0.37940952255126048 29.921210582260525 99.367656582606102 57.437943800941682 11.500000000000002 10.500000000000002 80.715641637557482 7.8685866643210067 80.54091485182262 101.06304571652402 50.099372711545676 38.513184397049358 42.708485906958849
decision_type=2 2 2 2 2 2 2 2 2 2 2 2 2 2 2 2 2 2 2 2 2 2 2 2 2 2 2 2 2 2
left_child=24 2 4 -4 -2 6 8 -8 20 -5 -11 -7 19 14 -14 16 17 21 -17 -13 -3 -15 -21 -12 26 -26 -1 -28 -29 -30
right_child=1 5 3 9 -6 11 7 -9 -10 10 23 12 13 15 -16 18 -18 -19 -20 22 -22 -23 -24 -25 25 -27 27 28 29 -31
leaf_value=-0.0039215242147053542 -0.67725851549988703 -0.63382873599943912 -0.13700668313673567 0.74344148586193726 0.081405504371808934 0.45344030396504842 0.2926354368031025 -0.55135030388832096 -0.98113493546843533 -0.21869481876492503 0.14075912001232307 -0.57490283877421644 -0.7286439530275487 0.80108445286750796 0.25678115069866181 0.6547415838429802 -0.36994290493237669 -0.37437174701690679 -0.05185462927276438 0.29229552604258063 -0.049659018346241542 0.15071482743535725 -0.37396843701601035 0.75966112580150369 0.18847983896732332 -0.70968347865343095 -0.37276516264798693 0.25660310215998644 -0.50450838876493054 0.1260141834408415
leaf_weight=2242 21 23 35 30 23 22 35 20 20 22 24 39 27 23 20 38 39 25 22 20 35 21 20 20 25 25 49 239 33 161
leaf_count=2242 21 23 35 30 23 22 35 20 20 22 24 39 27 23 20 38 39 25 22 20 35 21 20 20 25 25 49 239 33 161
internal_value=-3.44518e-10 -0.0398718 0.108103 0.238688 -0.280684 -0.0975458 -0.276117 -0.0142685 -0.460754 0.37566 0.208487 -0.0223876 -0.0579938 0.0325791 -0.309314 0.128228 -0.0203436 0.177256 0.395656 -0.304489 -0.281313 0.490681 -0.0408365 0.422078 0.008969 -0.260602 0.0139171 0.0968924 0.150041 0.0187603
internal_weight=3398 624 175 131 44 449 133 55 78 96 66 316 294 215 47 168 108 69 60 79 58 44 40 44 2774 50 2724 482 433 194
internal_count=3398 624 175 131 44 449 133 55 78 96 66 316 294 215 47 168 108 69 60 79 58 44 40 44 2774 50 2724 482 433 194
is_linear=0
shrinkage=0.05


Tree=199
num_leaves=31
num_cat=0
split_feature=16 16 2 21 12 13 4 12 23 21 4 3 17 1 16 8 3 22 18 16 2 13 1 3 14 4 12 4 20 2
split_gain=485.217 2939.21 4389.56 3736.53 3068.63 2245.04 1870.52 3289.04 3660.7 3749.39 2806.36 2443.96 3316.17 2410.19 2382.84 3198.21 2366.85 2078.66 1836.33 1551.4 2845.27 2848.13 2583.64 2372.16 1943.69 1434.07 1393.86 3287.68 3939.78 5058.07
threshold=29.772025261057077 26.031845050567529 42.166414034412625 34.622139640065761 17.787451671796521 19.676506446144355 194.60769882053319 65.879508315841576 39.103348316480286 40.812332805780592 259.85444983502651 3.9734903323493613 123.05098573554911 23.582963397465658 15.004261114134408 0.37940952255126054 5.2305880649158558 77.535664014482379 82.93773808207348 35.177546672818195 81.289525371775525 77.874990413083552 26.726142223786294 5.3467510253845143 11.238442564756813 304.83955958627365 19.055015499581817 141.98952280310615 61.723618083186182 57.76149430576519
decision_type=2 2 2 2 2 2 2 2 2 2 2 2 2 2 2 2 2 2 2 2 2 2 2 2 2 2 2 2 2 2
left_child=1 4 -3 -4 -1 -6 11 10 13 -10 -8 14 16 -9 -7 -16 -13 -18 -5 20 21 22 -2 -23 -21 -12 27 -26 -29 -30
right_child=19 2 3 18 5 6 7 8 9 -11 25 12 -14 -15 15 -17 17 -19 -20 24 -22 23 -24 -25 26 -27 -28 28 29 -31
leaf_value=-0.59783065475168684 0.30708616482360024 -0.33130030576139691 -0.010547947883605958 0.4785988608544523 -0.41795399376639619 -0.094245130419731149 -0.22700401466825737 -0.204333356320858 0.51012031721032192 -0.28747867287659068 0.75161971818833129 -0.22526579480017386 -0.53760358935052699 -0.96272562918337901 0.25893885138872508 1.0314890123548961 0.58870315642067883 0.046274809029541522 1.1405777299404145 0.49105238676071167 0.35181955368745899 -0.8009961579785202 -0.42657429199843178 -0.13951841178147689 0.39256677263312872 0.16002777755260467 -0.01307644369835005 0.46683741339615414 0.2401611674357863 -0.56408540580583655
leaf_weight=21 28 20 22 22 27 20 23 20 23 41 21 31 22 22 37 21 33 38 20 20 21 33 21 23 72 20 2568 28 34 46
leaf_count=21 28 20 22 22 27 20 23 20 23 41 21 31 22 22 37 21 33 38 20 20 21 33 21 23 72 20 2568 28 34 46
internal_value=1.32435e-10 0.0452752 0.31527 0.517323 -0.00872376 0.0222819 0.0542345 -0.0679824 -0.238873 -0.000841536 0.215054 0.15709 0.0191543 -0.601586 0.376373 0.538655 0.139239 0.298389 0.793827 -0.00788483 -0.17947 -0.285728 -0.00733975 -0.529318 -7.42245e-05 0.463038 -0.00364865 0.130854 -0.0436204 -0.222281
internal_weight=3398 504 84 64 420 399 372 170 106 64 64 202 124 42 78 58 102 71 42 2894 126 105 49 56 2768 41 2748 180 108 80
internal_count=3398 504 84 64 420 399 372 170 106 64 64 202 124 42 78 58 102 71 42 2894 126 105 49 56 2768 41 2748 180 108 80
is_linear=0
shrinkage=0.05


end of trees

feature_importances:
pm2_5_roll_std_24h=380
pm10=360
temp_celsius=336
pm2_5_lag_12=329
pm2_5_lag_24=324
pm2_5_lag_6=309
pm2_5_lag_3=298
pm2_5_roll_std_6h=298
humidity=295
pm2_5_lag_2=290
pm2_5_roll_mean_3h=282
pm2_5_roll_mean_24h=282
wind_speed=266
u_wind=262
pm2_5_roll_std_3h=245
pm2_5_lag_1=244
wind_deg=234
v_wind=233
pm2_5_roll_mean_6h=228
cos_hour=145
hour=140
sin_hour=116
day_of_week=104

parameters:
[boosting: gbdt]
[objective: regression]
[metric: rmse]
[tree_learner: serial]
[device_type: cpu]
[data_sample_strategy: bagging]
[data: ]
[valid: ]
[num_iterations: 200]
[learning_rate: 0.05]
[num_leaves: 31]
[num_threads: 6]
[seed: 42]
[deterministic: 0]
[force_col_wise: 0]
[force_row_wise: 0]
[histogram_pool_size: -1]
[max_depth: -1]
[min_data_in_leaf: 20]
[min_sum_hessian_in_leaf: 0.001]
[bagging_fraction: 1]
[pos_bagging_fraction: 1]
[neg_bagging_fraction: 1]
[bagging_freq: 0]
[bagging_seed: 400]
[bagging_by_query: 0]
[feature_fraction: 1]
[feature_fraction_bynode: 1]
[feature_fraction_seed: 30056]
[extra_trees: 0]
[extra_seed: 12879]
[early_stopping_round: 0]
[early_stopping_min_delta: 0]
[first_metric_only: 0]
[max_delta_step: 0]
[lambda_l1: 0]
[lambda_l2: 0]
[linear_lambda: 0]
[min_gain_to_split: 0]
[drop_rate: 0.1]
[max_drop: 50]
[skip_drop: 0.5]
[xgboost_dart_mode: 0]
[uniform_drop: 0]
[drop_seed: 17869]
[top_rate: 0.2]
[other_rate: 0.1]
[min_data_per_group: 100]
[max_cat_threshold: 32]
[cat_l2: 10]
[cat_smooth: 10]
[max_cat_to_onehot: 4]
[top_k: 20]
[monotone_constraints: ]
[monotone_constraints_method: basic]
[monotone_penalty: 0]
[feature_contri: ]
[forcedsplits_filename: ]
[refit_decay_rate: 0.9]
[cegb_tradeoff: 1]
[cegb_penalty_split: 0]
[cegb_penalty_feature_lazy: ]
[cegb_penalty_feature_coupled: ]
[path_smooth: 0]
[interaction_constraints: ]
[verbosity: -1]
[saved_feature_importance_type: 0]
[use_quantized_grad: 0]
[num_grad_quant_bins: 4]
[quant_train_renew_leaf: 0]
[stochastic_rounding: 1]
[linear_tree: 0]
[max_bin: 255]
[max_bin_by_feature: ]
[min_data_in_bin: 3]
[bin_construct_sample_cnt: 200000]
[data_random_seed: 175]
[is_enable_sparse: 1]
[enable_bundle: 1]
[use_missing: 1]
[zero_as_missing: 0]
[feature_pre_filter: 1]
[pre_partition: 0]
[two_round: 0]
[header: 0]
[label_column: ]
[weight_column: ]
[group_column: ]
[ignore_column: ]
[categorical_feature: ]
[forcedbins_filename: ]
[precise_float_parser: 0]
[parser_config_file: ]
[objective_seed: 16083]
[num_class: 1]
[is_unbalance: 0]
[scale_pos_weight: 1]
[sigmoid: 1]
[boost_from_average: 1]
[reg_sqrt: 0]
[alpha: 0.9]
[fair_c: 1]
[poisson_max_delta_step: 0.7]
[tweedie_variance_power: 1.5]
[lambdarank_truncation_level: 30]
[lambdarank_norm: 1]
[label_gain: ]
[lambdarank_position_bias_regularization: 0]
[eval_at: ]
[multi_error_top_k: 1]
[auc_mu_weights: ]
[num_machines: 1]
[local_listen_port: 12400]
[time_out: 120]
[machine_list_filename: ]
[machines: ]
[gpu_platform_id: -1]
[gpu_device_id: -1]
[gpu_device_id_list: ]
[gpu_use_dp: 0]
[num_gpu: 1]

end of parameters

pandas_categorical:[]
